TIme (s),Pack Voltage,Current (DC Amps),Power Consumption (W)
0.64,483.54,-3.3,-1595.682
1.23,483.55,0.0,0.0
1.82,483.55,0.0,0.0
2.42,483.56,-0.2,-96.712
3.02,483.55,0.0,0.0
3.61,483.55,-0.2,-96.71000000000001
4.2,483.55,0.0,0.0
4.8,483.55,0.2,96.71000000000001
5.4,483.55,0.0,0.0
5.99,483.55,0.0,0.0
6.58,483.55,0.0,0.0
7.19,483.55,0.2,96.71000000000001
7.78,483.55,0.2,96.71000000000001
8.36,483.55,0.4,193.42000000000002
8.97,483.55,0.2,96.71000000000001
9.57,483.55,0.0,0.0
10.16,483.55,0.0,0.0
10.75,483.55,-0.4,-193.42000000000002
11.35,483.55,0.2,96.71000000000001
11.95,483.55,0.2,96.71000000000001
12.53,483.55,0.0,0.0
13.14,483.55,0.0,0.0
13.71,483.55,-0.8,-386.84000000000003
14.33,483.55,0.0,0.0
14.92,483.55,0.0,0.0
15.52,483.55,0.2,96.71000000000001
16.12,483.55,0.2,96.71000000000001
16.71,483.55,0.2,96.71000000000001
17.31,483.55,0.0,0.0
17.89,483.55,0.2,96.71000000000001
18.49,483.55,0.7,338.485
19.07,483.55,0.0,0.0
20.28,483.55,0.0,0.0
20.88,483.51,0.2,96.702
21.47,483.53,0.0,0.0
22.66,483.54,0.0,0.0
23.25,483.54,0.0,0.0
23.85,483.55,0.2,96.71000000000001
24.44,483.54,0.2,96.70800000000001
25.05,483.55,-0.2,-96.71000000000001
25.63,483.55,-0.4,-193.42000000000002
26.24,483.55,0.0,0.0
27.43,483.55,-0.2,-96.71000000000001
28.02,483.55,-0.2,-96.71000000000001
28.62,483.55,0.0,0.0
29.21,483.55,0.0,0.0
29.8,483.55,-0.2,-96.71000000000001
30.4,483.55,0.2,96.71000000000001
30.99,483.55,0.0,0.0
31.58,483.55,0.2,96.71000000000001
32.18,483.55,0.2,96.71000000000001
32.78,483.55,0.2,96.71000000000001
33.37,483.51,0.2,96.702
33.97,483.52,0.4,193.40800000000002
34.56,483.54,0.0,0.0
35.15,483.54,0.0,0.0
35.75,483.54,0.2,96.70800000000001
36.35,483.54,-0.2,-96.70800000000001
36.95,483.54,-0.2,-96.70800000000001
37.53,483.54,0.0,0.0
38.14,483.54,0.2,96.70800000000001
38.74,483.53,0.6,290.118
39.33,483.48,0.0,0.0
39.92,483.47,-0.2,-96.69400000000002
40.52,483.47,0.0,0.0
41.12,483.45,0.2,96.69
41.71,483.46,-0.6,-290.07599999999996
42.3,483.46,0.0,0.0
42.9,483.44,0.0,0.0
43.5,483.45,0.0,0.0
44.09,483.3,0.0,0.0
44.68,483.29,0.2,96.65800000000002
45.29,483.38,0.0,0.0
45.88,483.41,-0.2,-96.68200000000002
46.47,483.42,0.2,96.68400000000001
47.07,483.45,0.2,96.69
47.66,483.44,0.2,96.688
48.26,483.3,0.2,96.66000000000001
48.85,483.28,0.2,96.656
49.44,483.22,0.0,0.0
50.05,483.21,0.0,0.0
50.63,482.93,-0.2,-96.58600000000001
51.23,482.88,0.2,96.57600000000001
51.81,482.83,0.4,193.132
52.43,482.7,-0.4,-193.08
53.02,482.72,0.0,0.0
53.62,482.74,0.2,96.548
54.21,482.82,0.6,289.692
54.81,482.82,0.0,0.0
55.4,482.86,0.0,0.0
56.0,482.7,0.0,0.0
56.58,482.68,0.0,0.0
57.18,482.57,0.2,96.51400000000001
57.78,482.53,0.0,0.0
58.38,482.51,0.0,0.0
58.95,482.46,0.0,0.0
59.56,482.36,0.4,192.94400000000002
60.16,482.31,0.2,96.462
60.76,482.37,0.0,0.0
61.35,482.36,0.7,337.652
61.95,482.31,0.4,192.924
62.55,482.21,-0.2,-96.44200000000001
63.13,482.17,0.0,0.0
63.73,482.09,0.0,0.0
64.33,481.98,0.0,0.0
64.92,482.04,0.0,0.0
65.52,482.02,0.2,96.404
66.12,482.1,0.0,0.0
66.71,482.4,0.2,96.48
67.31,482.58,0.0,0.0
67.91,483.23,0.2,96.64600000000002
68.49,482.55,-0.2,-96.51
69.09,482.7,-0.4,-193.08
69.69,482.68,0.0,0.0
70.28,483.19,0.4,193.276
70.87,483.1,0.0,0.0
71.47,483.19,0.2,96.638
72.07,482.58,0.2,96.516
72.66,482.44,0.0,0.0
73.26,482.41,0.0,0.0
73.86,482.4,0.4,192.96
75.04,482.5,0.4,193.0
75.64,482.52,0.0,0.0
76.24,482.63,0.0,0.0
76.83,482.26,0.0,0.0
77.43,482.5,0.0,0.0
78.02,482.48,0.4,192.99200000000002
78.61,482.5,0.0,0.0
79.21,482.49,0.2,96.498
79.81,483.19,0.2,96.638
80.39,483.1,0.0,0.0
81.0,483.14,0.6,289.88399999999996
81.59,483.15,0.0,0.0
82.19,483.17,0.2,96.63400000000001
82.79,483.17,-0.2,-96.63400000000001
83.38,483.18,-0.4,-193.27200000000002
83.97,482.61,-0.2,-96.522
84.57,481.74,0.0,0.0
85.17,481.32,0.0,0.0
85.76,480.59,0.2,96.118
86.36,480.63,0.0,0.0
86.96,481.01,0.0,0.0
87.54,480.87,0.6,288.522
88.14,480.71,0.2,96.142
88.74,480.94,0.2,96.188
89.33,480.98,0.2,96.19600000000001
89.93,480.82,0.2,96.164
90.53,480.82,0.0,0.0
91.13,481.31,-0.2,-96.262
91.72,479.64,0.2,95.928
92.32,480.86,0.0,0.0
92.92,481.36,0.2,96.272
93.52,480.48,0.2,96.096
94.12,480.2,0.4,192.08
94.74,479.85,0.2,95.97000000000001
95.33,477.15,0.2,95.43
95.92,482.43,0.4,192.972
96.53,480.61,0.2,96.12200000000001
97.13,479.96,0.4,191.984
97.73,479.55,0.6,287.73
98.33,479.28,-0.2,-95.856
98.92,479.34,0.0,0.0
99.53,479.53,0.0,0.0
100.13,479.55,0.0,0.0
100.71,480.36,0.0,0.0
101.3,480.35,0.2,96.07000000000001
101.9,479.9,0.2,95.98
102.5,479.47,0.2,95.894
103.11,479.44,0.2,95.888
103.69,478.0,0.0,0.0
104.29,477.95,0.2,95.59
104.89,480.06,0.0,0.0
105.49,478.8,0.0,0.0
106.09,478.92,0.0,0.0
106.69,479.29,-0.2,-95.858
107.28,478.13,0.0,0.0
107.89,479.79,0.2,95.95800000000001
108.47,479.43,0.0,0.0
109.08,477.53,-0.2,-95.506
109.69,477.64,0.2,95.528
110.31,479.71,0.4,191.88400000000001
110.9,476.95,0.2,95.39
111.49,479.41,0.2,95.882
112.69,475.77,0.4,190.308
113.28,478.48,0.2,95.69600000000001
113.88,476.64,0.0,0.0
114.48,478.91,0.2,95.78200000000001
115.08,479.98,0.0,0.0
116.26,478.46,0.7,334.92199999999997
116.86,476.59,0.2,95.318
117.46,475.53,0.0,0.0
118.05,481.44,0.4,192.57600000000002
118.65,479.36,0.4,191.74400000000003
119.24,477.65,0.2,95.53
119.84,476.69,0.0,0.0
120.44,476.11,0.0,0.0
121.03,476.53,0.4,190.612
121.62,477.86,0.0,0.0
122.22,474.5,-0.2,-94.9
122.81,475.67,0.2,95.13400000000001
123.41,475.24,-0.4,-190.096
124.0,469.7,0.0,0.0
124.59,480.47,0.2,96.09400000000001
125.19,472.22,0.2,94.44400000000002
125.79,470.61,0.0,0.0
126.39,474.81,0.2,94.962
126.98,472.93,0.2,94.58600000000001
127.58,473.04,0.0,0.0
128.18,472.03,0.0,0.0
128.78,473.62,0.4,189.448
129.37,473.71,0.0,0.0
129.96,466.81,0.2,93.36200000000001
130.57,477.89,0.2,95.578
131.17,475.06,0.4,190.024
131.76,480.07,0.0,0.0
132.36,480.61,0.0,0.0
132.94,480.82,0.0,0.0
133.54,480.97,0.0,0.0
134.14,481.06,0.0,0.0
134.74,481.17,0.0,0.0
135.34,481.19,0.0,0.0
135.94,481.27,0.0,0.0
136.52,481.34,0.2,96.268
137.12,481.4,0.0,0.0
137.72,481.47,0.2,96.29400000000001
138.91,481.57,0.2,96.31400000000001
139.5,481.62,0.2,96.32400000000001
140.09,481.66,-0.2,-96.33200000000001
140.7,481.69,0.0,0.0
141.29,481.7,0.2,96.34
141.88,481.72,0.2,96.34400000000001
142.47,481.75,0.2,96.35000000000001
143.08,481.78,0.0,0.0
143.67,481.81,0.2,96.36200000000001
144.26,481.83,0.2,96.366
144.85,481.87,0.0,0.0
145.45,481.89,0.2,96.378
146.06,481.9,0.2,96.38
146.65,481.94,0.2,96.388
147.24,481.93,0.0,0.0
147.85,481.98,0.7,337.38599999999997
148.44,481.97,0.2,96.394
149.03,482.0,0.0,0.0
149.62,482.0,0.0,0.0
150.22,482.02,0.4,192.808
150.8,482.03,0.6,289.21799999999996
151.42,482.05,0.0,0.0
152.01,481.87,-0.2,-96.37400000000001
152.61,481.98,0.2,96.39600000000002
153.21,482.08,0.0,0.0
153.8,482.1,0.4,192.84000000000003
154.39,482.11,0.0,0.0
154.99,482.12,0.2,96.424
155.59,482.13,0.2,96.426
156.18,482.14,0.0,0.0
156.76,482.14,0.4,192.856
157.37,482.16,0.0,0.0
157.97,482.16,0.2,96.43200000000002
158.56,482.15,0.4,192.86
159.15,482.18,0.2,96.436
159.76,482.16,0.2,96.43200000000002
160.34,482.18,0.2,96.436
160.94,482.18,0.4,192.872
161.53,482.19,0.4,192.876
162.13,482.21,0.2,96.44200000000001
162.72,482.2,-0.2,-96.44
163.32,482.2,0.0,0.0
164.51,482.22,0.0,0.0
165.11,482.22,0.2,96.44400000000002
165.7,482.24,0.0,0.0
166.3,482.24,0.4,192.89600000000002
166.9,482.25,0.2,96.45
167.48,482.24,0.2,96.44800000000001
168.09,482.25,0.2,96.45
168.68,482.26,0.0,0.0
169.28,481.91,0.0,0.0
169.87,482.21,0.2,96.44200000000001
170.46,482.26,0.0,0.0
171.66,482.26,0.0,0.0
172.25,482.27,0.4,192.90800000000002
172.85,482.28,-0.2,-96.456
173.44,482.28,0.4,192.912
174.03,482.28,0.4,192.912
174.62,482.28,0.2,96.456
175.23,482.28,0.2,96.456
175.83,482.29,0.0,0.0
176.43,482.3,0.2,96.46000000000001
177.02,482.28,0.0,0.0
177.61,482.29,0.2,96.45800000000001
178.2,482.3,0.2,96.46000000000001
178.8,482.3,0.2,96.46000000000001
179.4,482.3,0.4,192.92000000000002
179.99,482.3,0.4,192.92000000000002
180.58,482.31,0.7,337.61699999999996
181.18,482.32,0.4,192.928
181.77,482.31,0.0,0.0
182.97,482.32,0.0,0.0
183.54,482.31,0.4,192.924
184.16,482.31,0.4,192.924
184.76,482.32,0.2,96.464
185.34,482.32,0.0,0.0
185.95,482.32,0.4,192.928
186.54,482.32,0.4,192.928
187.14,482.31,0.2,96.462
187.73,482.33,0.0,0.0
188.33,482.32,0.2,96.464
188.92,482.32,0.4,192.928
189.52,482.33,0.0,0.0
190.11,482.33,0.4,192.93200000000002
190.7,482.33,0.0,0.0
191.9,482.33,0.2,96.46600000000001
192.5,482.34,0.2,96.468
193.09,482.33,0.0,0.0
193.69,482.32,-0.2,-96.464
194.28,482.34,0.4,192.936
194.88,482.34,0.0,0.0
195.47,482.11,0.0,0.0
196.07,482.17,0.2,96.43400000000001
196.67,482.2,0.2,96.44
197.27,482.15,0.4,192.86
197.87,482.13,0.0,0.0
198.47,482.03,0.2,96.406
199.06,482.05,-0.2,-96.41000000000001
199.66,481.95,0.2,96.39
200.26,481.96,0.2,96.392
200.85,482.03,0.0,0.0
201.46,481.81,0.0,0.0
202.05,481.44,0.0,0.0
202.66,481.11,0.0,0.0
203.25,480.69,0.6,288.414
203.84,480.37,0.0,0.0
204.44,480.2,0.2,96.04
205.05,479.99,0.0,0.0
205.64,479.58,0.2,95.916
206.22,478.49,0.0,0.0
206.83,477.99,0.2,95.59800000000001
207.43,477.8,0.2,95.56
208.03,477.31,0.0,0.0
208.63,476.84,0.4,190.736
209.22,477.72,0.0,0.0
209.84,477.84,0.0,0.0
210.42,476.76,-0.2,-95.352
211.03,476.46,0.0,0.0
211.62,476.63,0.0,0.0
212.23,474.92,0.4,189.96800000000002
213.41,476.1,-0.4,-190.44000000000003
214.02,475.79,0.2,95.15800000000002
214.61,476.45,0.4,190.58
215.2,475.52,0.2,95.104
215.82,475.87,0.0,0.0
216.4,476.17,0.2,95.23400000000001
217.6,475.07,0.4,190.02800000000002
218.2,472.32,0.2,94.464
218.8,476.8,0.7,333.76
219.39,476.58,0.4,190.632
220.0,474.56,-0.2,-94.912
220.59,474.05,0.7,331.835
221.19,472.91,0.4,189.16400000000002
221.79,475.87,-0.8,-380.696
222.39,478.63,0.4,191.452
222.98,474.11,0.2,94.822
223.59,473.68,0.2,94.736
224.19,472.57,0.0,0.0
224.79,474.12,0.4,189.64800000000002
225.39,474.82,0.4,189.928
225.98,474.54,-0.4,-189.81600000000003
226.58,474.56,0.2,94.912
227.19,472.87,0.2,94.57400000000001
227.79,471.53,-0.2,-94.306
228.39,478.02,0.2,95.604
228.97,480.57,0.0,0.0
229.58,479.87,0.2,95.974
230.16,480.04,0.0,0.0
230.76,480.21,0.2,96.042
231.36,480.33,0.0,0.0
231.96,480.43,0.4,192.17200000000003
232.56,480.52,0.0,0.0
233.14,480.61,0.4,192.24400000000003
233.75,480.68,0.4,192.27200000000002
234.33,480.72,0.2,96.144
234.94,480.75,0.0,0.0
235.53,480.82,0.4,192.328
236.12,480.87,0.4,192.348
236.72,480.92,0.0,0.0
237.31,480.73,0.4,192.29200000000003
237.92,480.37,0.0,0.0
238.52,479.98,0.2,95.99600000000001
239.12,479.63,0.4,191.852
239.72,479.35,0.7,335.545
240.33,479.11,0.2,95.822
240.91,478.88,0.0,0.0
241.51,478.39,0.4,191.356
242.11,478.03,0.4,191.212
242.7,480.39,0.2,96.078
243.3,479.99,0.0,0.0
243.9,480.15,0.2,96.03
244.48,480.48,0.0,0.0
245.08,480.43,0.0,0.0
245.68,480.95,0.2,96.19
246.27,481.04,0.0,0.0
246.87,481.09,0.7,336.763
247.45,481.12,0.2,96.224
248.06,481.14,0.4,192.45600000000002
248.66,481.13,0.6,288.678
249.25,481.17,0.2,96.23400000000001
250.45,481.21,0.4,192.484
251.05,481.25,0.4,192.5
251.64,481.26,0.2,96.25200000000001
252.24,481.29,-0.2,-96.25800000000001
252.84,480.93,0.0,0.0
253.44,480.73,0.4,192.29200000000003
254.03,480.56,0.4,192.22400000000002
254.62,480.32,0.2,96.06400000000001
255.22,480.14,0.4,192.056
255.82,480.18,0.0,0.0
256.41,480.62,0.6,288.372
257.01,480.57,0.2,96.114
257.61,480.56,0.2,96.11200000000001
258.2,480.49,0.2,96.09800000000001
258.8,480.49,0.4,192.19600000000003
259.38,480.48,0.0,0.0
259.99,480.48,0.4,192.192
260.59,480.49,-0.2,-96.09800000000001
261.17,480.59,0.4,192.236
261.77,480.97,0.2,96.19400000000002
262.37,480.93,0.0,0.0
262.97,480.95,0.6,288.57
263.55,480.98,0.2,96.19600000000001
264.16,480.97,0.4,192.38800000000003
264.75,481.31,0.2,96.262
265.35,480.91,0.2,96.18200000000002
265.94,480.8,0.4,192.32000000000002
266.52,480.7,0.0,0.0
267.13,480.54,0.4,192.216
267.73,480.46,0.4,192.184
268.33,480.32,0.2,96.06400000000001
268.92,480.26,0.2,96.052
269.51,480.21,0.0,0.0
270.12,480.12,0.2,96.024
270.7,480.05,0.0,0.0
271.29,479.93,0.6,287.95799999999997
271.9,480.08,0.2,96.016
272.5,480.18,0.2,96.036
273.08,480.14,0.2,96.028
273.69,480.12,0.0,0.0
274.28,480.07,0.6,288.042
274.87,480.16,0.0,0.0
275.47,480.15,0.0,0.0
276.05,480.14,0.6,288.084
276.65,480.04,-0.8,-384.03200000000004
277.25,480.01,0.4,192.00400000000002
277.85,480.0,0.2,96.0
278.44,480.0,0.0,0.0
279.06,479.34,0.4,191.736
279.64,478.87,0.0,0.0
280.24,478.51,0.9,430.659
280.84,478.21,0.0,0.0
281.44,477.94,0.4,191.17600000000002
282.03,477.74,0.4,191.096
282.63,477.51,0.0,0.0
283.23,477.32,0.4,190.928
283.83,477.19,0.2,95.438
284.42,477.46,0.2,95.492
285.04,478.03,0.2,95.606
285.63,474.99,0.2,94.998
286.22,476.25,0.2,95.25
286.81,478.37,0.2,95.674
287.42,477.33,0.2,95.46600000000001
288.0,477.22,0.0,0.0
288.61,476.95,-0.2,-95.39
289.2,477.07,0.0,0.0
289.8,477.44,0.4,190.976
290.39,476.7,0.2,95.34
290.99,476.05,0.4,190.42000000000002
291.58,475.97,0.2,95.19400000000002
292.19,475.33,0.0,0.0
292.79,475.13,0.0,0.0
293.39,474.52,0.2,94.904
293.98,475.09,0.6,285.054
294.57,474.1,0.2,94.82000000000001
295.17,473.38,0.4,189.352
295.77,472.92,0.2,94.584
296.37,475.96,0.0,0.0
296.97,474.95,0.2,94.99000000000001
297.57,474.05,0.4,189.62
298.16,474.27,0.2,94.854
298.76,472.2,0.4,188.88
299.36,474.19,0.2,94.83800000000001
299.95,474.8,0.2,94.96000000000001
300.56,472.49,0.2,94.498
301.16,472.68,-0.2,-94.536
301.76,472.96,0.2,94.592
302.36,474.13,0.2,94.82600000000001
302.96,472.06,0.4,188.824
303.56,472.39,0.4,188.95600000000002
304.16,470.25,0.4,188.10000000000002
304.76,474.03,0.2,94.806
305.35,475.99,0.2,95.19800000000001
305.95,473.89,0.6,284.334
306.56,473.73,0.4,189.49200000000002
307.15,472.32,0.4,188.928
307.75,476.17,0.2,95.23400000000001
308.37,473.0,0.4,189.20000000000002
308.98,471.82,0.4,188.728
309.56,473.57,0.4,189.428
310.21,473.73,0.4,189.49200000000002
310.79,471.25,0.7,329.875
312.0,473.96,0.4,189.584
312.62,472.67,0.0,0.0
313.22,473.79,0.6,284.274
313.82,470.14,0.0,0.0
314.44,478.48,0.2,95.69600000000001
315.03,471.77,0.2,94.354
315.63,473.35,0.0,0.0
316.23,466.55,0.2,93.31
316.83,477.04,0.4,190.81600000000003
317.45,475.99,0.4,190.39600000000002
318.64,474.19,0.2,94.83800000000001
319.25,471.46,0.0,0.0
319.86,470.49,0.2,94.09800000000001
320.45,475.76,0.2,95.152
321.05,471.79,0.2,94.358
321.63,478.03,0.4,191.212
322.23,478.35,0.4,191.34000000000003
322.82,478.55,0.2,95.71000000000001
323.43,478.71,0.4,191.484
324.01,478.83,0.4,191.532
324.62,478.94,0.4,191.57600000000002
325.2,479.03,0.4,191.612
325.78,479.06,-0.2,-95.81200000000001
326.4,479.17,0.2,95.834
326.99,479.24,0.2,95.84800000000001
327.59,479.31,0.9,431.379
328.19,479.38,0.2,95.876
328.79,479.44,0.0,0.0
329.39,479.48,0.4,191.79200000000003
329.97,479.49,0.6,287.694
330.57,479.57,0.7,335.69899999999996
331.17,479.62,0.4,191.848
331.77,479.63,0.2,95.926
332.37,479.69,0.2,95.938
332.95,479.74,0.2,95.94800000000001
333.55,479.75,0.6,287.84999999999997
334.15,479.77,0.6,287.86199999999997
334.74,479.81,0.6,287.88599999999997
335.34,479.95,0.0,0.0
335.93,479.99,0.0,0.0
336.53,480.01,0.6,288.006
337.12,480.03,0.6,288.018
337.72,480.06,0.7,336.042
338.31,480.08,0.2,96.016
338.92,480.11,0.0,0.0
339.5,480.12,0.4,192.048
340.09,480.14,0.2,96.028
340.69,480.16,0.0,0.0
341.3,480.18,0.7,336.126
341.88,480.19,0.2,96.03800000000001
342.47,480.21,0.0,0.0
343.08,480.23,0.2,96.046
343.67,480.24,0.2,96.048
344.27,480.25,0.6,288.15
344.86,480.27,0.4,192.108
345.46,480.28,0.0,0.0
346.05,480.29,0.0,0.0
346.65,480.3,0.0,0.0
347.25,480.31,0.6,288.186
347.84,480.32,0.2,96.06400000000001
349.03,480.34,0.2,96.068
349.62,480.35,0.7,336.245
350.21,480.36,0.0,0.0
350.81,480.37,0.2,96.07400000000001
351.41,480.37,0.2,96.07400000000001
352.01,480.39,0.2,96.078
352.59,480.4,0.0,0.0
353.19,480.4,0.4,192.16
354.38,480.42,0.4,192.168
354.97,480.42,0.4,192.168
355.57,480.43,0.9,432.387
356.18,480.43,0.2,96.08600000000001
356.76,480.44,0.4,192.17600000000002
357.96,480.45,0.0,0.0
358.55,480.45,0.0,0.0
359.15,480.46,0.4,192.184
359.74,480.47,0.2,96.09400000000001
360.34,480.47,0.7,336.329
360.93,480.47,0.4,192.18800000000002
361.52,480.48,0.4,192.192
362.12,480.49,0.0,0.0
362.72,480.49,0.2,96.09800000000001
363.31,480.49,0.7,336.34299999999996
363.91,480.5,0.6,288.3
364.5,480.5,0.6,288.3
365.1,480.51,0.6,288.306
365.69,480.5,0.0,0.0
366.29,480.51,0.6,288.306
366.88,480.52,0.6,288.31199999999995
367.48,480.52,0.4,192.208
368.07,480.52,0.2,96.104
368.68,480.53,0.0,0.0
369.26,480.53,0.2,96.106
369.87,480.54,0.2,96.108
370.46,480.53,0.2,96.106
371.04,480.54,0.2,96.108
371.65,480.55,0.7,336.385
372.25,480.55,0.6,288.33
372.84,480.54,0.6,288.324
373.43,480.55,0.4,192.22000000000003
374.03,480.56,0.6,288.336
375.22,480.55,0.2,96.11000000000001
375.81,480.56,0.4,192.22400000000002
376.4,480.57,0.0,0.0
377.0,480.57,0.2,96.114
377.6,480.56,0.6,288.336
378.19,480.57,0.0,0.0
378.79,480.57,0.6,288.342
379.39,480.58,0.4,192.232
379.98,480.57,0.7,336.399
380.57,480.58,0.4,192.232
381.17,480.58,0.4,192.232
381.76,480.58,0.2,96.116
382.37,480.58,0.0,0.0
382.95,480.59,0.4,192.236
383.56,480.59,0.4,192.236
384.14,480.59,0.4,192.236
384.75,480.59,0.4,192.236
385.33,480.59,0.6,288.354
385.93,480.6,0.2,96.12
386.54,480.6,0.2,96.12
387.12,480.59,0.4,192.236
387.71,480.6,0.0,0.0
388.31,480.6,0.0,0.0
388.9,480.61,0.2,96.12200000000001
389.5,480.6,0.0,0.0
390.1,480.61,0.4,192.24400000000003
390.69,480.61,0.6,288.366
391.29,480.61,0.6,288.366
391.88,480.61,0.6,288.366
392.48,480.61,0.4,192.24400000000003
393.07,480.62,0.7,336.43399999999997
393.68,480.62,0.2,96.12400000000001
394.27,480.61,0.4,192.24400000000003
394.84,480.62,0.2,96.12400000000001
395.45,480.62,0.6,288.372
396.06,480.62,0.4,192.24800000000002
396.65,480.62,0.0,0.0
397.23,480.62,0.0,0.0
397.84,480.63,0.4,192.252
398.44,480.63,0.4,192.252
399.03,480.62,0.2,96.12400000000001
399.62,480.63,0.6,288.378
400.21,480.63,0.4,192.252
400.81,480.63,0.6,288.378
401.4,480.63,0.2,96.126
402.01,480.63,0.6,288.378
403.2,480.64,0.4,192.256
403.8,480.63,0.7,336.441
404.38,480.64,0.4,192.256
404.97,480.64,0.2,96.128
405.58,480.64,0.7,336.448
406.18,480.63,0.0,0.0
406.77,480.64,0.2,96.128
407.36,480.64,0.7,336.448
407.96,480.65,0.2,96.13
408.55,480.64,0.2,96.128
409.15,480.65,0.4,192.26
409.74,480.65,0.6,288.39
410.34,480.65,0.4,192.26
410.94,480.64,0.2,96.128
411.53,480.65,0.0,0.0
412.13,480.65,0.4,192.26
412.72,480.65,0.7,336.455
413.31,480.65,0.7,336.455
413.92,480.65,0.4,192.26
414.5,480.65,0.2,96.13
415.11,480.66,0.2,96.132
415.69,480.65,0.6,288.39
416.28,480.66,0.4,192.264
416.89,480.66,0.4,192.264
417.48,480.66,0.2,96.132
418.08,480.66,0.4,192.264
418.68,480.66,0.4,192.264
419.27,480.66,0.2,96.132
419.87,480.66,0.7,336.462
420.46,480.66,1.1,528.7260000000001
421.06,480.66,0.2,96.132
421.64,480.66,0.6,288.396
422.24,480.67,0.4,192.26800000000003
422.84,480.66,0.6,288.396
423.44,480.67,0.4,192.26800000000003
424.02,480.67,0.2,96.13400000000001
424.63,480.67,0.2,96.13400000000001
425.23,480.66,0.2,96.132
425.81,480.67,0.0,0.0
426.4,480.67,0.2,96.13400000000001
427.0,480.67,0.4,192.26800000000003
427.6,480.67,0.0,0.0
428.2,480.67,0.2,96.13400000000001
428.8,480.68,0.2,96.13600000000001
429.39,480.68,0.4,192.27200000000002
429.98,480.67,0.2,96.13400000000001
430.58,480.68,0.2,96.13600000000001
431.18,480.68,0.4,192.27200000000002
431.77,480.68,0.0,0.0
432.36,480.67,0.4,192.26800000000003
432.96,480.68,0.0,0.0
433.56,480.68,0.7,336.476
434.15,480.68,0.0,0.0
434.75,480.68,0.4,192.27200000000002
435.94,480.68,0.6,288.408
436.53,480.68,-0.2,-96.13600000000001
437.13,480.68,0.6,288.408
437.73,480.68,0.6,288.408
438.31,480.69,0.4,192.276
438.91,480.69,0.4,192.276
439.51,480.68,0.4,192.27200000000002
440.1,480.69,0.0,0.0
441.29,480.69,0.2,96.138
441.89,480.68,0.7,336.476
442.48,480.69,0.6,288.414
443.07,480.69,0.0,0.0
443.67,480.69,0.2,96.138
444.27,480.68,0.2,96.13600000000001
444.86,480.69,0.0,0.0
445.46,480.69,0.2,96.138
446.06,480.69,0.7,336.483
446.65,480.69,0.2,96.138
447.24,480.69,0.0,0.0
447.83,480.7,0.0,0.0
448.44,480.69,0.0,0.0
449.04,480.69,0.6,288.414
449.62,480.7,0.2,96.14
450.22,480.7,0.2,96.14
450.82,480.7,0.6,288.41999999999996
451.41,480.69,0.0,0.0
452.0,480.7,0.2,96.14
452.61,480.7,0.4,192.28
453.19,480.7,0.2,96.14
453.8,480.69,0.2,96.138
454.38,480.7,0.4,192.28
454.99,480.7,0.4,192.28
455.58,480.7,0.0,0.0
456.18,480.7,0.2,96.14
456.77,480.7,0.9,432.63
457.36,480.7,0.0,0.0
457.97,480.7,0.4,192.28
458.55,480.7,0.7,336.48999999999995
459.14,480.7,0.4,192.28
459.74,480.71,0.4,192.284
460.34,480.71,0.2,96.142
460.94,480.7,0.4,192.28
461.53,480.71,0.4,192.284
462.12,480.71,0.0,0.0
462.73,480.71,0.6,288.426
463.32,480.7,0.6,288.41999999999996
463.9,480.71,0.2,96.142
464.51,480.71,0.4,192.284
465.11,480.71,0.7,336.49699999999996
465.7,480.7,0.7,336.48999999999995
466.29,480.71,0.7,336.49699999999996
466.89,480.71,0.4,192.284
467.49,480.71,0.4,192.284
468.08,480.71,0.7,336.49699999999996
468.68,480.71,0.6,288.426
469.26,480.71,0.4,192.284
469.87,480.71,0.4,192.284
471.06,480.71,0.2,96.142
471.64,480.71,0.2,96.142
472.25,480.72,0.9,432.648
472.84,480.71,0.7,336.49699999999996
473.43,480.72,0.9,432.648
474.02,480.72,0.0,0.0
474.62,480.72,0.0,0.0
475.82,480.72,0.4,192.288
476.41,480.72,0.7,336.504
477.0,480.72,0.6,288.432
477.61,480.71,0.0,0.0
478.2,480.72,0.7,336.504
478.78,480.72,0.7,336.504
479.39,480.72,0.7,336.504
479.98,480.71,0.7,336.49699999999996
481.17,480.72,0.2,96.144
481.78,480.72,0.7,336.504
482.96,480.72,0.2,96.144
483.56,480.72,0.2,96.144
484.16,480.72,0.6,288.432
484.74,480.72,0.4,192.288
485.34,480.72,0.7,336.504
485.93,480.73,0.4,192.29200000000003
486.54,480.72,0.2,96.144
487.12,480.72,0.6,288.432
487.72,480.73,0.6,288.438
488.32,480.73,0.6,288.438
488.92,480.73,0.7,336.51099999999997
489.5,480.72,0.6,288.432
490.1,480.73,0.2,96.14600000000002
490.69,480.73,0.7,336.51099999999997
491.3,480.73,0.2,96.14600000000002
491.88,480.72,0.2,96.144
492.49,480.73,0.4,192.29200000000003
493.08,480.73,0.2,96.14600000000002
493.67,480.73,0.6,288.438
494.27,480.72,0.4,192.288
494.87,480.73,0.4,192.29200000000003
495.46,480.73,0.4,192.29200000000003
496.05,480.73,0.4,192.29200000000003
496.65,480.72,0.7,336.504
497.25,480.73,0.4,192.29200000000003
497.84,480.73,0.4,192.29200000000003
498.44,480.73,0.7,336.51099999999997
499.04,480.73,0.7,336.51099999999997
499.62,480.73,0.9,432.65700000000004
500.22,480.73,0.6,288.438
500.82,480.73,0.7,336.51099999999997
501.42,480.73,0.6,288.438
502.01,480.73,0.7,336.51099999999997
502.6,480.73,0.7,336.51099999999997
503.2,480.73,0.4,192.29200000000003
503.79,480.73,0.7,336.51099999999997
504.39,480.73,0.4,192.29200000000003
504.98,480.74,0.4,192.29600000000002
505.58,480.74,0.4,192.29600000000002
506.18,480.73,0.7,336.51099999999997
506.77,480.74,0.7,336.518
507.37,480.74,0.7,336.518
507.96,480.74,0.4,192.29600000000002
508.55,480.73,0.7,336.51099999999997
509.15,480.74,0.2,96.14800000000001
509.75,480.74,0.4,192.29600000000002
510.35,480.74,0.6,288.444
510.94,480.73,0.7,336.51099999999997
512.13,480.74,0.7,336.518
512.73,480.74,0.4,192.29600000000002
513.33,480.73,0.4,192.29200000000003
513.91,480.74,0.7,336.518
514.51,480.74,0.4,192.29600000000002
515.1,480.74,0.2,96.14800000000001
515.71,480.73,0.4,192.29200000000003
516.3,480.74,0.2,96.14800000000001
516.89,480.74,0.4,192.29600000000002
517.5,480.74,0.0,0.0
518.08,480.74,0.9,432.666
518.67,480.74,0.6,288.444
519.27,480.74,0.4,192.29600000000002
519.87,480.74,0.4,192.29600000000002
520.47,480.74,0.6,288.444
521.05,480.74,0.4,192.29600000000002
521.66,480.74,0.7,336.518
522.26,480.75,0.9,432.675
522.85,480.74,0.7,336.518
523.44,480.75,0.7,336.525
524.04,480.75,0.6,288.45
524.63,480.75,0.7,336.525
525.22,480.74,0.7,336.518
525.82,480.75,0.7,336.525
526.42,480.75,0.7,336.525
527.01,480.75,0.4,192.3
527.6,480.74,0.7,336.518
528.2,480.75,0.4,192.3
528.8,480.75,0.4,192.3
529.39,480.75,0.6,288.45
529.99,480.74,0.7,336.518
530.58,480.75,0.6,288.45
531.18,480.75,0.9,432.675
531.78,480.75,0.7,336.525
532.37,480.74,0.4,192.29600000000002
532.97,480.75,0.6,288.45
533.56,480.75,0.7,336.525
534.16,480.75,0.4,192.3
534.75,480.74,0.2,96.14800000000001
535.35,480.75,0.9,432.675
535.95,480.75,0.7,336.525
536.54,480.75,-0.2,-96.15
537.14,480.74,0.6,288.444
537.73,480.75,0.7,336.525
538.32,480.75,0.7,336.525
539.51,480.75,0.4,192.3
540.12,480.75,0.2,96.15
540.7,480.75,0.4,192.3
541.31,480.75,0.2,96.15
541.9,480.75,0.7,336.525
542.48,480.75,0.7,336.525
543.09,480.75,0.4,192.3
543.68,480.75,0.7,336.525
544.87,480.75,0.6,288.45
545.46,480.75,0.4,192.3
546.06,480.76,0.6,288.45599999999996
546.65,480.75,0.6,288.45
547.25,480.76,0.4,192.304
547.85,480.76,0.4,192.304
548.44,480.76,0.2,96.152
549.04,480.75,0.4,192.3
550.22,480.76,0.0,0.0
550.82,480.76,0.2,96.152
551.42,480.75,0.7,336.525
552.02,480.76,0.7,336.532
552.61,480.76,0.6,288.45599999999996
553.2,480.76,0.9,432.684
553.8,480.75,0.4,192.3
554.4,480.76,0.6,288.45599999999996
555.58,480.76,0.4,192.304
556.18,480.75,0.6,288.45
556.78,480.76,0.7,336.532
557.36,480.76,0.7,336.532
557.97,480.76,0.6,288.45599999999996
558.56,480.75,0.2,96.15
559.16,480.76,0.6,288.45599999999996
559.74,480.76,0.4,192.304
560.35,480.76,0.4,192.304
560.95,480.75,0.6,288.45
561.53,480.76,0.7,336.532
562.13,480.76,0.4,192.304
562.74,480.76,0.2,96.152
563.32,480.76,0.4,192.304
563.91,480.76,0.4,192.304
564.51,480.76,0.2,96.152
565.12,480.76,0.4,192.304
565.71,480.76,0.4,192.304
566.3,480.76,0.6,288.45599999999996
566.9,480.76,0.2,96.152
567.49,480.76,0.4,192.304
568.08,480.76,0.9,432.684
568.67,480.76,0.9,432.684
569.28,480.77,0.7,336.539
569.88,480.77,0.7,336.539
570.47,480.76,0.7,336.532
571.06,480.76,0.7,336.532
571.65,480.77,0.4,192.308
572.26,480.77,0.4,192.308
572.85,480.76,1.1,528.836
573.45,480.77,0.6,288.462
574.03,480.77,1.1,528.847
574.63,480.77,0.7,336.539
575.22,480.76,0.9,432.684
575.82,480.77,0.7,336.539
576.42,480.77,0.4,192.308
577.02,480.77,1.1,528.847
577.61,480.76,0.6,288.45599999999996
578.21,480.77,0.9,432.693
578.8,480.77,0.4,192.308
579.4,480.77,0.9,432.693
579.99,480.76,0.9,432.684
580.59,480.77,0.7,336.539
581.18,480.77,0.6,288.462
581.78,480.77,0.7,336.539
582.37,480.76,0.6,288.45599999999996
582.96,480.77,0.6,288.462
583.55,480.77,0.7,336.539
584.16,480.77,0.7,336.539
584.75,480.76,0.7,336.532
585.34,480.77,1.1,528.847
585.94,480.77,0.9,432.693
586.54,480.77,0.7,336.539
587.13,480.76,0.6,288.45599999999996
587.72,480.77,0.7,336.539
588.32,480.77,0.7,336.539
588.91,480.77,0.7,336.539
589.51,480.76,0.9,432.684
590.11,480.77,0.9,432.693
590.7,480.77,0.7,336.539
591.3,480.77,0.7,336.539
591.9,480.76,0.7,336.532
592.5,480.77,0.6,288.462
593.69,480.77,0.7,336.539
594.28,480.77,1.1,528.847
594.88,480.77,0.6,288.462
595.46,480.77,0.9,432.693
596.07,480.77,0.7,336.539
596.66,480.77,0.4,192.308
597.25,480.73,0.4,192.29200000000003
597.84,480.74,0.4,192.29600000000002
598.44,480.76,0.6,288.45599999999996
599.04,480.75,0.4,192.3
599.64,480.76,1.3,624.988
600.23,480.77,1.3,625.001
600.83,480.76,1.5,721.14
601.43,480.76,1.7,817.2919999999999
602.01,480.76,1.3,624.988
602.62,480.76,1.3,624.988
603.2,480.77,1.3,625.001
603.8,480.76,1.5,721.14
604.4,480.77,1.1,528.847
604.99,480.76,1.5,721.14
605.59,480.77,1.5,721.155
606.19,480.76,1.3,624.988
606.77,480.77,1.7,817.309
607.37,480.77,1.5,721.155
607.97,480.77,1.5,721.155
608.57,480.76,1.7,817.2919999999999
609.16,480.77,1.7,817.309
609.75,480.77,1.7,817.309
610.36,480.77,1.7,817.309
610.94,480.76,1.5,721.14
611.54,480.77,1.5,721.155
612.14,480.65,1.5,720.9749999999999
612.74,480.67,2.1,1009.407
613.33,480.67,1.7,817.139
613.92,480.51,1.5,720.765
614.52,480.48,1.5,720.72
615.11,480.5,1.5,720.75
615.7,480.36,1.7,816.612
616.3,480.32,1.7,816.544
616.89,480.29,1.5,720.4350000000001
617.5,480.41,1.9,912.779
618.08,480.41,1.3,624.533
618.68,480.42,1.3,624.546
619.27,480.28,1.7,816.4759999999999
619.88,480.12,1.3,624.1560000000001
620.46,480.01,1.7,816.0169999999999
621.07,479.82,2.1,1007.6220000000001
621.65,479.69,1.9,911.411
622.26,479.55,1.7,815.235
622.85,479.64,1.3,623.532
623.45,479.62,1.7,815.354
624.04,479.89,1.7,815.813
624.64,480.2,1.5,720.3
625.23,480.03,1.5,720.045
625.83,480.01,1.7,816.0169999999999
626.42,479.94,1.9,911.886
627.02,479.8,1.9,911.62
628.21,479.75,1.9,911.525
628.8,479.66,2.1,1007.2860000000001
629.4,479.62,1.7,815.354
629.98,479.57,1.7,815.269
630.59,479.55,1.5,719.325
631.17,480.06,1.7,816.102
631.77,480.04,1.7,816.068
632.37,480.05,1.7,816.085
632.96,479.88,1.3,623.844
633.57,479.83,1.5,719.745
634.16,479.36,1.7,814.912
634.74,479.25,1.7,814.725
635.34,479.19,1.7,814.6229999999999
635.94,479.1,1.7,814.47
636.53,479.28,2.1,1006.4879999999999
637.13,479.46,1.9,910.9739999999999
637.73,479.42,1.9,910.898
638.92,479.31,1.7,814.827
639.51,479.27,1.5,718.905
640.11,479.26,1.9,910.5939999999999
640.71,479.26,1.7,814.742
641.9,479.18,1.7,814.606
642.49,479.16,1.7,814.572
643.09,479.16,1.9,910.404
643.69,479.15,0.9,431.235
644.28,479.34,1.7,814.8779999999999
644.87,479.83,1.3,623.779
645.46,479.57,1.1,527.527
646.06,479.5,1.1,527.45
646.65,479.26,1.1,527.186
647.26,478.7,1.5,718.05
647.86,478.93,1.1,526.8230000000001
648.47,477.09,1.3,620.217
649.06,479.11,1.5,718.665
649.65,477.74,1.1,525.514
650.25,478.94,1.7,814.198
650.85,479.95,1.5,719.925
651.44,478.97,1.7,814.249
652.04,478.9,0.9,431.01
652.63,479.17,0.9,431.25300000000004
653.24,479.42,1.1,527.3620000000001
653.83,479.44,1.1,527.384
654.41,479.49,1.5,719.235
655.0,479.3,1.7,814.81
655.61,479.16,1.1,527.076
656.21,478.96,1.9,910.0239999999999
656.8,478.98,1.1,526.878
657.4,478.99,1.3,622.687
658.0,479.42,1.5,719.13
658.59,479.6,1.5,719.4000000000001
659.19,479.45,1.5,719.175
659.79,479.65,1.1,527.615
660.38,479.72,1.3,623.6360000000001
660.98,479.77,1.5,719.655
661.57,479.76,1.7,815.592
662.17,479.81,1.7,815.677
662.76,480.12,1.5,720.1800000000001
663.35,480.15,1.5,720.2249999999999
663.95,480.16,1.7,816.272
664.55,480.16,1.7,816.272
665.14,480.16,1.3,624.2080000000001
665.75,480.2,1.7,816.3399999999999
666.33,480.22,1.7,816.374
666.93,480.22,1.9,912.418
667.54,480.22,0.9,432.19800000000004
668.13,480.09,1.5,720.135
668.74,479.77,1.7,815.6089999999999
669.35,479.44,1.9,910.9359999999999
669.96,479.02,1.5,718.53
670.56,478.75,1.7,813.875
671.16,479.0,1.5,718.5
671.75,479.81,1.5,719.715
672.35,480.16,1.7,816.272
672.94,480.17,1.7,816.289
673.54,480.15,1.5,720.2249999999999
674.13,480.16,1.7,816.272
674.73,480.19,1.5,720.285
675.33,480.17,1.5,720.255
676.51,480.22,2.1,1008.4620000000001
677.11,480.22,2.1,1008.4620000000001
677.71,480.19,1.7,816.323
678.3,480.25,1.7,816.425
678.89,480.26,1.9,912.4939999999999
679.5,480.27,1.5,720.405
680.1,480.26,1.9,912.4939999999999
680.69,480.26,2.1,1008.546
681.28,479.99,2.1,1007.979
681.9,479.84,1.9,911.6959999999999
682.49,479.73,1.9,911.487
683.71,479.55,1.9,911.145
684.32,479.43,1.7,815.031
684.92,479.04,1.9,910.176
685.53,478.93,1.7,814.181
686.13,478.75,1.7,813.875
686.72,478.98,2.1,1005.8580000000001
687.32,478.86,1.5,718.29
687.92,478.54,2.1,1004.9340000000001
688.52,478.28,2.1,1004.388
689.12,478.56,1.9,909.264
689.71,478.56,1.7,813.552
690.3,478.49,1.7,813.433
690.91,478.44,1.9,909.036
691.51,478.39,2.1,1004.619
692.09,478.59,1.7,813.603
692.69,478.68,1.7,813.756
693.28,479.08,1.7,814.4359999999999
693.88,479.93,1.9,911.867
694.48,479.59,1.9,911.2209999999999
695.07,479.51,2.1,1006.971
695.67,479.39,1.7,814.963
696.27,479.44,2.1,1006.8240000000001
696.85,479.45,1.7,815.0649999999999
697.45,479.67,1.7,815.439
698.05,480.07,1.7,816.1189999999999
698.65,480.04,1.9,912.076
699.25,479.49,1.9,911.031
699.84,479.33,1.9,910.727
700.42,479.28,2.1,1006.4879999999999
701.03,479.08,2.3,1101.8839999999998
701.63,479.07,1.7,814.419
702.21,479.03,1.9,910.1569999999999
702.81,479.02,1.9,910.1379999999999
703.4,479.01,2.1,1005.921
704.0,478.99,2.1,1005.879
704.6,478.96,1.9,910.0239999999999
705.2,479.13,2.3,1101.9989999999998
705.8,479.45,2.1,1006.845
706.4,479.44,2.3,1102.712
706.99,479.92,2.5,1199.8
707.57,479.99,1.9,911.981
708.18,480.02,1.9,912.0379999999999
708.77,480.01,2.1,1008.0210000000001
709.36,480.01,2.8,1344.0279999999998
709.97,480.02,2.1,1008.042
710.56,480.05,1.9,912.095
711.16,480.03,1.9,912.0569999999999
711.75,480.02,2.3,1104.0459999999998
712.35,480.04,2.1,1008.0840000000001
712.94,480.1,2.1,1008.21
713.53,480.1,2.5,1200.25
714.13,480.12,1.7,816.204
714.72,480.11,2.3,1104.253
715.32,480.12,2.3,1104.2759999999998
715.92,480.12,1.9,912.228
716.52,480.13,1.9,912.247
717.11,480.14,2.5,1200.35
717.71,480.15,1.9,912.285
718.3,480.15,2.1,1008.3149999999999
718.89,480.15,1.9,912.285
719.49,480.16,1.9,912.304
720.1,480.16,1.9,912.304
720.68,480.15,2.3,1104.3449999999998
721.28,480.18,2.3,1104.414
721.88,480.18,2.1,1008.378
722.47,480.17,2.1,1008.3570000000001
723.07,480.18,2.1,1008.378
723.66,480.18,2.3,1104.414
724.25,480.18,1.9,912.342
724.86,480.19,1.9,912.361
725.45,480.16,2.1,1008.3360000000001
726.04,480.2,1.9,912.3799999999999
726.64,480.2,1.9,912.3799999999999
727.23,480.2,2.3,1104.4599999999998
727.83,480.17,1.9,912.323
728.42,480.18,2.1,1008.378
729.01,480.19,1.9,912.361
729.62,480.2,1.9,912.3799999999999
730.22,480.2,2.1,1008.4200000000001
730.8,480.21,2.6,1248.546
731.4,480.22,1.9,912.418
732.0,480.22,2.5,1200.5500000000002
732.59,480.21,2.6,1248.546
733.18,480.22,2.5,1200.5500000000002
733.78,480.21,1.5,720.3149999999999
734.37,480.22,2.3,1104.506
734.97,480.2,2.1,1008.4200000000001
735.56,480.21,2.1,1008.441
736.15,480.21,2.3,1104.483
736.76,480.22,2.3,1104.506
737.36,480.22,2.5,1200.5500000000002
737.95,480.22,2.5,1200.5500000000002
738.54,480.21,2.5,1200.5249999999999
739.14,480.22,1.9,912.418
739.73,480.22,2.1,1008.4620000000001
740.33,480.23,1.9,912.437
740.93,480.23,1.9,912.437
741.52,480.22,2.3,1104.506
742.11,480.22,2.3,1104.506
742.72,480.23,1.9,912.437
743.32,480.24,2.3,1104.552
743.92,480.14,2.3,1104.322
744.54,402.71,2.5,1006.775
745.14,401.74,2.5,1004.35
745.76,406.33,2.5,1015.8249999999999
746.38,415.44,2.5,1038.6
746.98,413.73,2.5,1034.325
747.58,470.56,2.5,1176.4
748.16,471.64,2.6,1226.264
748.77,472.5,2.5,1181.25
749.36,473.27,2.3,1088.521
749.95,473.72,2.6,1231.672
750.54,474.21,2.8,1327.7879999999998
751.15,474.59,2.6,1233.934
751.73,474.91,2.3,1092.293
752.34,475.21,2.6,1235.546
752.93,475.48,2.3,1093.604
753.53,475.72,2.6,1236.872
754.12,475.91,2.5,1189.775
754.71,476.11,2.5,1190.275
755.31,476.28,2.3,1095.444
755.91,475.38,2.8,1331.0639999999999
756.52,474.84,3.0,1424.52
757.12,474.6,3.3,1566.18
757.72,474.6,2.6,1233.96
758.34,474.56,2.5,1186.4
758.92,474.42,2.5,1186.05
759.53,474.4,1.9,901.3599999999999
760.11,474.48,3.0,1423.44
760.72,474.96,2.6,1234.896
761.31,475.34,2.6,1235.884
761.91,475.51,2.6,1236.326
762.5,475.64,2.6,1236.664
763.1,475.72,2.3,1094.156
763.7,475.78,2.6,1237.028
764.29,475.83,2.6,1237.158
764.88,475.88,2.8,1332.464
765.49,475.93,2.8,1332.604
766.07,475.97,2.1,999.5370000000001
766.66,476.03,2.6,1237.6779999999999
767.26,476.06,3.1,1475.786
768.46,476.07,2.3,1094.961
769.04,476.18,2.6,1238.068
769.65,476.21,2.5,1190.5249999999999
770.25,476.22,3.0,1428.66
770.83,476.27,2.6,1238.302
771.43,476.3,2.6,1238.38
772.02,476.3,3.0,1428.9
772.62,476.46,2.8,1334.088
773.22,476.6,2.8,1334.48
773.81,476.63,2.8,1334.5639999999999
774.41,476.93,3.1,1478.4830000000002
775.01,477.17,2.8,1336.076
775.6,477.11,2.3,1097.3529999999998
776.19,477.09,2.6,1240.434
776.79,477.12,2.3,1097.376
777.39,477.15,2.3,1097.445
777.98,477.19,2.6,1240.694
778.57,477.23,2.5,1193.075
779.17,477.28,2.5,1193.1999999999998
779.77,477.3,2.1,1002.33
780.36,477.34,2.6,1241.084
780.96,477.37,2.1,1002.4770000000001
781.55,477.67,2.5,1194.175
782.15,478.13,2.3,1099.6989999999998
782.74,478.17,2.5,1195.425
783.35,478.21,2.6,1243.346
783.93,478.25,2.3,1099.975
784.52,478.26,2.1,1004.346
785.13,478.26,2.5,1195.65
785.73,478.3,2.5,1195.75
786.32,478.33,2.3,1100.1589999999999
786.93,478.34,1.5,717.51
787.52,478.36,1.7,813.212
788.12,478.4,1.7,813.28
788.71,478.41,1.5,717.615
789.3,478.42,2.1,1004.6820000000001
789.9,478.44,1.5,717.66
790.49,478.47,1.9,909.093
791.08,478.46,1.7,813.382
791.69,478.47,2.1,1004.7870000000001
792.28,478.51,1.7,813.467
792.88,478.53,1.1,526.383
793.47,478.54,1.5,717.8100000000001
794.08,478.54,1.5,717.8100000000001
794.67,478.56,1.1,526.416
795.86,478.59,1.5,717.885
796.47,478.61,1.7,813.6370000000001
797.06,478.61,1.1,526.471
797.66,478.63,1.5,717.9449999999999
798.25,478.63,1.3,622.219
798.84,478.64,0.2,95.72800000000001
799.44,478.63,-0.4,-191.452
800.03,478.65,0.6,287.19
800.64,478.65,0.6,287.19
801.23,478.46,0.9,430.614
801.84,478.4,0.4,191.36
802.43,478.31,1.3,621.803
803.02,478.24,0.7,334.768
803.63,478.16,0.6,286.896
804.23,478.12,1.1,525.932
804.81,478.08,2.3,1099.5839999999998
805.41,478.32,2.5,1195.8
806.0,478.36,1.9,908.884
806.61,478.49,1.3,622.037
807.19,478.6,1.1,526.46
807.79,478.47,1.7,813.399
808.39,478.39,1.3,621.907
808.99,478.4,2.1,1004.64
809.58,478.47,1.5,717.705
810.18,478.57,1.1,526.427
810.78,478.67,1.5,718.005
811.36,478.66,1.5,717.99
811.96,478.69,1.5,718.035
812.55,478.72,1.1,526.5920000000001
813.15,478.73,1.5,718.095
813.75,478.7,1.7,813.79
814.35,478.74,1.3,622.3620000000001
815.53,478.75,0.9,430.875
816.12,478.75,1.3,622.375
816.73,477.85,1.5,716.7750000000001
817.34,474.59,1.3,616.967
817.96,469.66,1.7,798.422
818.57,442.79,1.3,575.6270000000001
819.16,444.03,1.1,488.433
819.78,398.17,1.3,517.6210000000001
820.38,415.38,1.7,706.146
820.97,472.5,1.5,708.75
821.58,471.95,1.3,613.535
822.16,472.51,1.3,614.263
822.76,473.12,1.7,804.304
823.35,473.55,1.5,710.325
823.95,473.91,1.3,616.0830000000001
824.54,474.23,1.3,616.499
825.15,474.53,1.5,711.795
825.74,474.78,1.5,712.17
826.33,474.12,0.9,426.708
826.93,474.02,1.1,521.422
827.54,473.68,0.7,331.57599999999996
828.15,473.23,0.2,94.64600000000002
828.75,472.39,0.2,94.47800000000001
829.35,471.51,0.2,94.302
829.96,471.08,0.6,282.64799999999997
830.56,470.87,0.7,329.609
831.17,471.27,0.9,424.143
831.78,471.54,0.7,330.078
832.38,471.42,0.7,329.99399999999997
832.98,472.51,0.6,283.506
833.57,472.29,0.7,330.603
834.17,473.42,0.2,94.68400000000001
834.76,473.05,0.6,283.83
835.37,473.11,0.9,425.79900000000004
835.95,474.16,0.2,94.83200000000001
836.55,474.07,0.7,331.849
837.15,474.52,0.6,284.712
837.75,474.68,0.6,284.808
838.34,474.84,0.7,332.388
838.93,474.98,0.4,189.99200000000002
839.53,476.14,0.7,333.29799999999994
840.12,476.27,0.7,333.38899999999995
840.71,476.37,0.7,333.459
841.29,476.45,0.7,333.515
841.91,475.29,0.6,285.174
842.5,475.25,0.6,285.15
843.11,475.25,0.6,285.15
843.69,476.09,0.0,0.0
844.29,476.65,0.6,285.98999999999995
844.89,476.69,0.4,190.67600000000002
845.48,476.76,0.9,429.084
846.08,476.81,1.5,715.215
846.67,476.87,2.5,1192.175
847.26,476.9,1.3,619.97
847.86,476.95,1.5,715.425
848.46,476.95,1.5,715.425
849.65,477.04,1.3,620.152
850.25,477.07,2.1,1001.847
850.84,477.12,1.9,906.528
851.44,477.16,1.7,811.172
852.03,477.18,2.1,1002.0780000000001
852.62,477.21,1.7,811.257
853.22,477.21,1.5,715.8149999999999
853.82,477.23,1.9,906.737
854.41,477.25,1.5,715.875
855.0,477.3,1.9,906.87
855.61,477.32,1.7,811.444
856.21,477.33,1.7,811.4609999999999
856.8,477.34,1.7,811.478
857.4,477.38,2.1,1002.498
857.98,477.4,1.7,811.5799999999999
858.58,477.19,2.5,1192.975
859.19,477.21,2.1,1002.141
859.78,477.15,2.1,1002.015
860.37,477.29,1.9,906.851
860.98,477.45,1.9,907.155
861.57,477.45,2.3,1098.135
862.16,477.46,2.1,1002.666
862.75,477.51,1.9,907.2689999999999
863.36,477.51,1.9,907.2689999999999
863.95,477.51,2.3,1098.273
864.55,477.54,1.9,907.326
865.14,477.56,1.5,716.34
865.73,477.56,1.5,716.34
866.33,477.56,2.1,1002.8760000000001
866.93,477.59,2.5,1193.975
867.51,477.58,1.9,907.4019999999999
868.12,477.59,2.1,1002.939
868.72,477.6,2.3,1098.48
869.31,477.62,1.5,716.4300000000001
869.9,477.62,1.9,907.478
870.5,477.64,1.9,907.516
871.1,477.64,2.3,1098.572
871.69,477.66,1.9,907.554
872.28,477.64,2.3,1098.572
872.88,477.66,2.1,1003.0860000000001
873.47,477.67,2.5,1194.175
874.07,477.67,1.5,716.505
874.66,477.65,1.9,907.535
875.26,477.68,2.3,1098.664
875.86,477.69,2.3,1098.687
876.46,477.7,1.9,907.6299999999999
877.04,477.7,2.5,1194.25
877.65,477.71,1.9,907.6489999999999
878.24,477.7,1.5,716.55
878.84,477.72,2.3,1098.756
879.44,477.72,2.6,1242.0720000000001
880.03,477.7,1.5,716.55
881.21,477.74,1.7,812.158
881.82,477.74,1.7,812.158
882.41,477.75,1.5,716.625
883.01,477.75,1.5,716.625
883.59,477.76,1.5,716.64
884.2,477.76,1.7,812.192
884.79,477.75,2.1,1003.2750000000001
885.39,477.76,1.9,907.7439999999999
885.99,477.77,1.5,716.655
886.59,477.77,1.7,812.209
887.18,477.74,1.7,812.158
887.78,477.75,1.7,812.175
888.38,477.76,2.1,1003.296
888.97,477.79,1.5,716.6850000000001
889.57,477.77,1.7,812.209
890.17,477.79,1.9,907.801
890.75,477.79,1.7,812.243
891.36,477.8,1.7,812.26
891.95,477.81,2.1,1003.4010000000001
892.55,477.79,1.7,812.243
893.15,477.8,1.5,716.7
893.74,477.8,1.5,716.7
894.34,477.79,1.9,907.801
894.93,477.81,1.3,621.153
895.53,477.8,0.9,430.02000000000004
896.12,477.8,0.7,334.46
896.73,477.82,3.0,1433.46
897.32,477.79,5.2,2484.5080000000003
898.51,477.83,1.5,716.745
899.11,477.67,1.3,620.971
899.71,477.54,1.1,525.2940000000001
900.31,477.45,1.7,811.665
900.9,477.32,1.9,906.9079999999999
901.49,477.2,1.1,524.9200000000001
902.09,477.35,0.9,429.615
902.68,477.51,1.1,525.2610000000001
903.28,477.35,2.1,1002.4350000000001
903.87,477.32,3.7,1766.084
904.48,477.47,0.6,286.482
905.07,477.47,0.0,0.0
905.66,477.43,0.4,190.972
906.27,477.43,3.7,1766.4910000000002
906.86,477.45,1.9,907.155
907.45,477.73,2.1,1003.2330000000001
908.04,477.76,1.7,812.192
908.65,477.78,1.3,621.114
909.24,477.79,1.7,812.243
909.83,477.78,1.9,907.7819999999999
910.43,477.8,1.5,716.7
911.02,477.81,1.5,716.715
911.61,477.81,1.5,716.715
912.21,477.81,1.7,812.2769999999999
912.8,477.79,1.9,907.801
913.4,477.83,2.3,1099.0089999999998
914.0,477.81,1.5,716.715
914.6,477.64,2.1,1003.044
915.2,477.64,1.9,907.516
915.8,476.91,1.7,810.7470000000001
916.4,474.01,1.7,805.817
917.02,469.81,1.9,892.639
917.63,466.0,1.7,792.1999999999999
918.23,455.95,2.3,1048.685
918.84,424.15,2.1,890.715
919.45,405.24,1.7,688.908
920.05,402.59,1.9,764.9209999999999
920.63,470.13,1.5,705.1949999999999
921.24,470.71,1.9,894.3489999999999
921.83,471.72,1.9,896.268
922.42,472.05,2.1,991.3050000000001
923.02,472.47,1.5,708.705
923.61,472.85,1.9,898.415
924.22,473.13,1.7,804.321
924.81,470.9,2.1,988.89
926.01,469.58,2.1,986.118
926.6,466.95,1.7,793.8149999999999
927.2,463.55,1.3,602.615
927.8,461.49,2.1,969.129
928.41,458.18,1.5,687.27
929.0,453.84,1.9,862.2959999999999
929.6,449.41,1.7,763.9970000000001
930.19,472.56,2.1,992.3760000000001
930.79,472.85,1.9,898.415
931.38,473.29,1.5,709.9350000000001
931.99,473.53,1.5,710.295
932.57,473.83,1.9,900.2769999999999
933.17,473.91,1.9,900.429
933.77,474.07,1.9,900.733
934.35,474.21,1.9,900.9989999999999
934.96,474.33,1.7,806.361
935.56,474.45,2.1,996.345
936.14,473.78,1.7,805.4259999999999
936.73,473.61,1.7,805.1370000000001
937.34,473.78,1.7,805.4259999999999
937.93,473.81,1.9,900.2389999999999
938.53,473.9,1.5,710.8499999999999
939.12,474.25,1.5,711.375
939.72,474.91,0.6,284.946
940.31,475.07,-0.6,-285.042
940.91,475.16,0.6,285.096
941.51,475.24,0.6,285.144
942.11,475.3,0.4,190.12
942.7,475.34,0.7,332.73799999999994
943.29,475.39,1.1,522.929
943.88,475.46,0.6,285.27599999999995
944.49,475.54,0.4,190.216
945.08,475.58,0.7,332.90599999999995
945.68,475.59,0.6,285.354
946.27,475.51,0.7,332.85699999999997
946.87,475.64,0.7,332.948
947.47,475.71,0.4,190.284
948.06,475.78,0.9,428.202
948.65,475.81,0.9,428.229
949.25,475.86,0.9,428.274
949.85,475.87,0.4,190.348
950.44,475.92,0.9,428.32800000000003
951.63,476.0,0.4,190.4
952.23,476.03,0.7,333.22099999999995
952.82,476.05,1.1,523.6550000000001
953.41,476.05,0.7,333.235
954.01,476.09,-0.6,-285.654
954.61,476.12,0.7,333.284
955.21,476.16,0.9,428.54400000000004
955.8,476.18,0.6,285.70799999999997
956.39,476.2,0.6,285.71999999999997
956.99,476.03,0.6,285.618
957.6,475.87,0.9,428.283
958.2,475.85,0.4,190.34000000000003
958.79,475.9,0.6,285.53999999999996
959.4,475.95,0.4,190.38
959.99,476.18,0.4,190.472
960.59,476.27,0.7,333.38899999999995
961.18,476.29,0.2,95.25800000000001
961.81,476.07,0.7,333.24899999999997
962.4,475.97,0.6,285.582
963.0,476.0,0.4,190.4
963.6,475.98,0.7,333.186
964.2,475.93,0.6,285.558
964.79,476.03,0.6,285.618
965.38,476.2,0.4,190.48000000000002
965.98,476.33,0.7,333.431
966.58,476.0,0.4,190.4
967.18,475.83,0.7,333.08099999999996
967.77,475.89,0.7,333.123
968.37,476.12,0.7,333.284
968.96,476.17,0.2,95.23400000000001
969.57,476.17,0.4,190.46800000000002
970.16,476.2,0.7,333.34
970.77,476.13,0.4,190.452
971.36,476.18,0.6,285.70799999999997
971.95,476.4,0.4,190.56
972.55,476.42,0.4,190.568
973.15,476.45,0.4,190.58
973.75,476.47,0.4,190.58800000000002
974.33,476.48,0.7,333.536
974.92,476.2,0.4,190.48000000000002
976.13,476.02,0.4,190.40800000000002
976.73,476.16,0.4,190.46400000000003
977.32,476.33,0.6,285.798
977.91,476.38,0.7,333.46599999999995
978.51,476.39,0.6,285.834
979.7,476.51,0.4,190.604
980.29,476.53,0.7,333.57099999999997
980.9,476.53,0.6,285.91799999999995
981.49,475.95,0.4,190.38
982.07,475.4,0.4,190.16
982.67,474.75,0.4,189.9
983.28,473.51,0.2,94.702
983.87,472.13,0.0,0.0
984.46,471.9,0.6,283.14
985.08,471.67,0.7,330.169
985.66,471.61,0.6,282.966
986.26,471.72,0.6,283.032
986.86,472.64,0.0,0.0
987.46,472.78,0.7,330.94599999999997
988.04,473.5,1.9,899.65
988.65,473.57,1.5,710.355
989.24,473.39,1.5,710.085
989.84,473.27,1.3,615.251
990.43,473.12,1.5,709.6800000000001
991.03,473.98,1.7,805.766
991.62,474.41,1.3,616.7330000000001
992.23,474.46,1.9,901.4739999999999
992.82,474.53,2.1,996.513
993.42,474.63,2.3,1091.649
994.0,474.7,2.6,1234.22
994.6,474.82,2.6,1234.532
995.2,474.92,3.0,1424.76
995.79,475.1,2.8,1330.28
996.39,475.19,3.5,1663.165
996.99,475.27,3.1,1473.337
997.58,475.22,3.0,1425.66
998.17,475.61,3.3,1569.513
998.77,475.96,3.5,1665.86
999.37,475.98,3.3,1570.734
999.97,476.02,3.7,1761.2740000000001
1000.56,476.07,3.5,1666.245
1001.15,476.08,3.7,1761.496
1002.35,476.12,3.9,1856.868
1002.94,476.17,3.7,1761.8290000000002
1003.53,476.19,3.7,1761.903
1004.13,476.2,3.9,1857.1799999999998
1004.73,476.2,3.5,1666.7
1005.32,476.25,4.3,2047.875
1005.91,476.27,4.1,1952.7069999999997
1006.51,476.27,4.6,2190.8419999999996
1007.11,476.28,4.6,2190.888
1007.71,476.3,4.6,2190.98
1008.31,476.32,5.0,2381.6
1008.9,476.33,5.6,2667.448
1009.5,476.3,5.2,2476.76
1010.1,476.32,5.2,2476.864
1010.69,476.34,5.4,2572.236
1011.28,476.36,5.6,2667.616
1011.88,476.37,5.8,2762.946
1012.47,476.38,5.6,2667.7279999999996
1013.06,476.39,5.8,2763.062
1013.67,476.4,6.0,2858.3999999999996
1014.26,476.4,5.0,2382.0
1014.85,476.41,5.8,2763.178
1015.44,476.38,5.2,2477.176
1016.04,476.42,6.0,2858.52
1016.64,476.39,5.6,2667.7839999999997
1017.24,476.43,4.5,2143.935
1017.83,476.53,5.2,2477.956
1018.43,476.54,4.8,2287.392
1019.02,476.54,5.4,2573.3160000000003
1019.61,476.55,5.2,2478.06
1020.22,476.56,4.1,1953.8959999999997
1020.81,476.57,3.7,1763.309
1021.41,476.57,3.9,1858.6229999999998
1022.59,476.58,4.1,1953.9779999999998
1023.19,476.59,4.5,2144.6549999999997
1023.78,476.59,4.3,2049.337
1024.39,476.6,4.3,2049.38
1024.98,476.6,4.6,2192.36
1025.57,476.61,4.3,2049.423
1026.17,476.61,4.5,2144.745
1026.76,476.61,4.5,2144.745
1027.95,476.62,4.1,1954.1419999999998
1028.56,476.62,4.6,2192.4519999999998
1029.14,476.63,3.9,1858.857
1029.73,476.63,4.6,2192.4979999999996
1030.34,476.64,4.1,1954.2239999999997
1030.92,476.63,4.8,2287.824
1031.53,476.64,4.5,2144.88
1032.12,476.65,4.5,2144.9249999999997
1032.72,476.65,4.5,2144.9249999999997
1033.31,476.65,5.0,2383.25
1033.9,476.65,4.5,2144.9249999999997
1034.49,476.66,4.6,2192.636
1035.1,476.66,4.6,2192.636
1035.69,476.66,4.5,2144.9700000000003
1036.29,476.67,4.6,2192.682
1036.88,476.67,4.5,2145.015
1037.48,476.67,4.6,2192.682
1038.07,476.67,4.1,1954.347
1038.67,476.68,4.8,2288.064
1039.26,476.68,4.5,2145.06
1039.86,476.68,5.0,2383.4
1040.45,476.68,4.8,2288.064
1041.05,476.69,5.0,2383.45
1041.63,476.69,4.8,2288.112
1042.24,476.69,4.5,2145.105
1042.83,476.68,5.2,2478.7360000000003
1043.43,476.69,4.5,2145.105
1044.03,476.69,4.8,2288.112
1044.62,476.7,4.6,2192.8199999999997
1045.21,476.69,4.8,2288.112
1045.81,476.7,4.5,2145.15
1046.4,476.7,3.7,1763.79
1047.0,476.7,4.6,2192.8199999999997
1047.59,476.7,3.9,1859.1299999999999
1048.18,476.71,5.0,2383.5499999999997
1048.79,476.71,4.1,1954.5109999999997
1049.38,476.71,3.7,1763.827
1049.98,476.71,4.3,2049.8529999999996
1050.58,476.71,3.7,1763.827
1051.16,476.72,4.6,2192.912
1051.76,476.72,3.5,1668.52
1052.37,476.71,3.7,1763.827
1052.96,476.72,5.0,2383.6000000000004
1053.54,476.72,4.3,2049.896
1054.14,476.73,3.7,1763.901
1055.34,476.73,4.1,1954.5929999999998
1055.93,476.73,3.9,1859.247
1056.53,476.73,5.0,2383.65
1057.13,476.72,4.5,2145.2400000000002
1057.72,476.73,4.3,2049.939
1058.31,476.73,4.1,1954.5929999999998
1058.91,476.74,4.1,1954.6339999999998
1059.5,476.73,4.8,2288.304
1060.1,476.74,4.5,2145.33
1060.69,476.74,3.9,1859.286
1061.28,476.74,4.5,2145.33
1061.89,476.73,4.8,2288.304
1062.48,476.74,4.6,2193.004
1063.07,476.74,4.3,2049.982
1063.67,476.75,4.5,2145.375
1064.27,476.74,4.1,1954.6339999999998
1064.86,476.75,5.2,2479.1
1065.46,476.75,4.1,1954.6749999999997
1066.05,476.75,4.8,2288.4
1066.64,476.74,5.2,2479.0480000000002
1067.25,476.75,4.5,2145.375
1067.84,476.75,4.8,2288.4
1068.43,476.75,3.5,1668.625
1069.03,476.75,4.1,1954.6749999999997
1069.62,476.75,8.1,3861.6749999999997
1070.21,476.76,9.2,4386.192
1070.82,476.76,6.9,3289.6440000000002
1071.41,476.75,7.1,3384.9249999999997
1072.0,476.76,5.0,2383.8
1072.59,476.76,6.4,3051.264
1073.2,476.76,7.7,3671.052
1073.79,476.76,8.3,3957.108
1074.39,476.76,3.7,1764.012
1074.98,476.76,1.1,524.436
1075.57,476.77,1.3,619.801
1076.18,476.76,6.9,3289.6440000000002
1076.77,476.77,10.0,4767.7
1077.36,476.77,6.7,3194.359
1077.96,476.77,5.0,2383.85
1078.55,476.76,6.0,2860.56
1079.14,476.77,6.4,3051.328
1079.73,476.77,6.2,2955.974
1080.34,476.77,6.7,3194.359
1080.93,476.77,6.5,3099.005
1081.52,476.77,6.2,2955.974
1082.12,476.77,6.0,2860.62
1082.72,476.78,6.5,3099.0699999999997
1083.31,476.77,6.2,2955.974
1083.91,476.78,6.5,3099.0699999999997
1084.5,476.78,4.8,2288.544
1085.1,476.78,5.4,2574.612
1085.69,476.77,5.2,2479.204
1086.29,476.78,6.0,2860.68
1086.88,476.78,4.8,2288.544
1087.48,476.78,6.4,3051.392
1088.08,476.78,5.0,2383.8999999999996
1088.67,476.78,3.9,1859.4419999999998
1089.26,476.78,4.1,1954.7979999999998
1089.86,476.79,3.3,1573.407
1090.45,476.78,2.6,1239.628
1091.06,476.79,3.1,1478.0490000000002
1091.64,476.79,2.5,1191.9750000000001
1092.25,476.79,2.6,1239.654
1092.84,476.78,2.6,1239.628
1093.43,476.79,3.0,1430.3700000000001
1094.62,476.79,3.1,1478.0490000000002
1095.21,476.78,3.3,1573.3739999999998
1095.82,476.79,3.5,1668.765
1096.41,476.79,3.1,1478.0490000000002
1097.0,476.8,3.9,1859.52
1097.61,476.79,2.6,1239.654
1098.79,476.8,3.1,1478.0800000000002
1099.39,476.8,2.5,1192.0
1099.97,476.79,3.0,1430.3700000000001
1100.58,476.8,3.3,1573.44
1101.17,476.8,3.7,1764.16
1101.76,476.8,4.1,1954.8799999999999
1102.36,476.79,4.3,2050.197
1103.55,476.8,4.1,1954.8799999999999
1104.14,476.8,4.6,2193.2799999999997
1105.34,476.8,5.4,2574.7200000000003
1105.93,476.8,6.0,2860.8
1106.54,476.81,5.0,2384.05
1107.12,476.8,5.4,2574.7200000000003
1107.72,476.81,5.2,2479.4120000000003
1108.31,476.81,5.2,2479.4120000000003
1108.9,476.81,4.8,2288.688
1109.51,476.8,4.8,2288.64
1110.09,476.81,5.0,2384.05
1110.7,476.81,5.6,2670.136
1111.29,476.81,4.8,2288.688
1111.88,476.8,5.4,2574.7200000000003
1112.49,476.81,5.2,2479.4120000000003
1113.08,476.81,6.4,3051.5840000000003
1113.67,476.81,6.0,2860.86
1114.27,476.8,6.4,3051.5200000000004
1114.86,476.81,6.0,2860.86
1115.45,476.81,6.7,3194.627
1116.06,476.81,4.8,2288.688
1116.65,476.81,5.6,2670.136
1117.24,476.81,6.5,3099.265
1117.84,476.81,6.7,3194.627
1118.43,476.82,5.6,2670.192
1119.03,476.81,6.0,2860.86
1119.62,476.82,6.4,3051.648
1180.15,476.82,6.5,3099.33
1180.76,476.82,6.2,2956.284
1181.34,476.81,5.2,2479.4120000000003
1181.93,476.82,6.4,3051.648
1182.54,476.82,7.9,3766.878
1183.13,476.82,9.2,4386.744
1183.72,476.81,11.3,5387.953
1184.92,476.82,8.1,3862.2419999999997
1185.51,476.82,2.1,1001.322
1186.11,476.82,3.7,1764.2340000000002
1186.7,476.82,20.6,9822.492
1187.29,476.82,18.7,8916.534
1187.9,476.83,3.0,1430.49
1188.49,476.82,-2.1,-1001.322
1189.08,476.82,-3.1,-1478.142
1189.67,476.83,4.6,2193.4179999999997
1189.7,476.83,0.2,95.366
1189.7,476.82,-2.3,-1096.686
1189.7,476.83,0.0,0.0
1189.7,476.83,0.9,429.147
1189.7,476.83,0.6,286.09799999999996
1189.7,476.82,-0.2,-95.364
1189.7,476.83,0.6,286.09799999999996
1189.7,476.83,1.3,619.879
1189.7,476.83,0.9,429.147
1189.7,476.82,0.0,0.0
1189.7,476.83,-0.2,-95.366
1189.7,476.83,1.3,619.879
1189.7,476.83,0.9,429.147
1189.7,476.83,0.4,190.732
1189.7,476.83,0.0,0.0
1189.7,476.83,5.0,2384.15
1189.7,476.83,4.6,2193.4179999999997
1189.7,476.83,4.3,2050.3689999999997
1189.7,476.83,2.6,1239.758
1246.08,476.84,2.8,1335.1519999999998
1246.68,476.83,2.6,1239.758
1247.27,476.84,2.8,1335.1519999999998
1247.87,476.84,2.8,1335.1519999999998
1248.47,476.84,6.7,3194.828
1249.06,476.83,5.2,2479.516
1249.66,476.84,5.0,2384.2
1250.25,476.84,5.8,2765.6719999999996
1250.85,476.84,5.2,2479.5679999999998
1251.44,476.83,5.2,2479.516
1252.04,476.84,5.4,2574.936
1252.62,476.84,6.0,2861.04
1252.68,476.84,7.5,3576.2999999999997
1252.68,476.83,6.7,3194.761
1252.68,476.84,7.5,3576.2999999999997
1252.68,476.84,7.1,3385.564
1252.68,476.84,6.2,2956.408
1252.68,476.84,6.7,3194.828
1252.68,476.84,6.9,3290.196
1252.68,476.84,6.2,2956.408
1252.68,476.85,6.0,2861.1000000000004
1252.68,476.84,6.4,3051.776
1252.68,476.84,6.7,3194.828
1252.68,476.84,5.8,2765.6719999999996
1252.68,476.85,6.2,2956.4700000000003
1252.68,476.84,6.5,3099.46
1252.68,476.84,6.0,2861.04
1252.68,476.85,6.0,2861.1000000000004
1252.68,476.85,7.5,3576.375
1252.68,476.84,6.4,3051.776
1252.68,476.85,7.1,3385.635
1252.68,476.85,7.1,3385.635
1252.68,476.85,6.9,3290.2650000000003
1252.68,476.84,6.4,3051.776
1252.68,476.85,7.1,3385.635
1252.68,476.85,7.1,3385.635
1252.68,476.84,6.0,2861.04
1252.68,476.85,6.5,3099.525
1252.68,476.85,6.7,3194.8950000000004
1252.68,476.85,6.0,2861.1000000000004
1252.68,476.85,6.4,3051.84
1252.68,476.85,6.7,3194.8950000000004
1252.68,476.85,6.7,3194.8950000000004
1252.68,476.85,7.3,3481.005
1252.68,476.85,6.9,3290.2650000000003
1252.68,476.85,6.7,3194.8950000000004
1252.68,476.85,6.2,2956.4700000000003
1252.68,476.85,6.2,2956.4700000000003
1252.68,476.85,2.1,1001.3850000000001
1252.68,476.85,0.2,95.37
1252.68,476.86,7.5,3576.4500000000003
1252.68,476.85,9.0,4291.650000000001
1252.68,476.85,9.0,4291.650000000001
1252.68,476.85,1.9,906.015
1252.68,476.86,1.3,619.918
1252.68,476.85,6.7,3194.8950000000004
1252.68,476.86,6.7,3194.962
1252.68,476.86,5.2,2479.672
1252.68,476.86,4.5,2145.87
1252.68,476.85,5.8,2765.73
1252.68,476.86,5.4,2575.0440000000003
1252.68,476.86,4.8,2288.928
1252.68,476.86,5.2,2479.672
1252.68,476.85,6.4,3051.84
1252.68,476.86,6.4,3051.9040000000005
1252.68,476.86,6.2,2956.532
1252.68,476.86,5.8,2765.788
1252.68,476.85,6.2,2956.4700000000003
1252.68,476.86,6.2,2956.532
1252.68,476.86,5.8,2765.788
1252.68,476.86,4.1,1955.126
1252.68,476.86,3.5,1669.01
1252.68,476.86,3.5,1669.01
1252.68,476.86,4.5,2145.87
1252.68,476.86,4.5,2145.87
1252.68,476.86,4.8,2288.928
1252.68,476.86,4.8,2288.928
1252.68,476.86,3.7,1764.382
1252.68,476.87,4.5,2145.915
1252.68,476.86,4.8,2288.928
1252.68,476.86,4.6,2193.556
1252.68,476.87,4.1,1955.167
1252.68,476.87,4.1,1955.167
1252.68,476.86,4.3,2050.498
1252.68,476.87,4.3,2050.5409999999997
1252.68,476.87,4.3,2050.5409999999997
1252.68,476.87,4.3,2050.5409999999997
1252.68,476.86,4.5,2145.87
1252.68,476.87,4.5,2145.915
1252.68,476.87,4.3,2050.5409999999997
1252.68,476.87,4.8,2288.976
1252.68,476.86,4.6,2193.556
1252.68,476.87,4.5,2145.915
1252.68,476.87,4.5,2145.915
1252.68,476.87,4.3,2050.5409999999997
1252.68,476.86,4.6,2193.556
1252.68,476.87,4.1,1955.167
1252.68,476.87,4.5,2145.915
1252.68,476.87,3.7,1764.419
1252.68,476.86,4.6,2193.556
1252.68,476.87,5.0,2384.35
1252.68,476.87,4.5,2145.915
1252.68,476.87,5.6,2670.4719999999998
1252.68,476.87,4.8,2288.976
1252.68,476.87,5.0,2384.35
1252.68,476.87,6.4,3051.9680000000003
1252.68,476.87,6.0,2861.2200000000003
1252.68,476.87,6.2,2956.594
1252.68,476.87,5.6,2670.4719999999998
1252.68,476.88,5.6,2670.528
1252.68,476.87,6.2,2956.594
1252.68,476.87,6.0,2861.2200000000003
1252.68,476.87,6.9,3290.4030000000002
1252.68,476.87,6.0,2861.2200000000003
1252.68,476.87,6.9,3290.4030000000002
1252.68,476.88,6.7,3195.096
1252.68,476.88,6.0,2861.2799999999997
1252.68,476.88,6.4,3052.032
1252.68,476.87,6.2,2956.594
1252.68,476.87,6.2,2956.594
1252.68,476.88,6.0,2861.2799999999997
1252.68,476.88,6.7,3195.096
1252.68,476.87,6.7,3195.029
1252.68,476.87,6.0,2861.2200000000003
1252.68,476.88,6.7,3195.096
1252.68,476.88,6.4,3052.032
1252.68,476.87,5.6,2670.4719999999998
1252.68,476.88,6.2,2956.656
1252.68,476.88,7.5,3576.6
1252.68,476.88,5.8,2765.904
1252.68,476.87,5.8,2765.846
1252.68,476.88,9.4,4482.6720000000005
1252.68,476.88,9.4,4482.6720000000005
1252.68,476.88,9.6,4578.048
1252.68,476.87,8.6,4101.081999999999
1252.68,476.88,10.0,4768.8
1252.68,476.88,9.4,4482.6720000000005
1252.68,476.88,8.6,4101.168
1252.68,476.87,9.6,4577.952
1252.68,476.88,8.3,3958.1040000000003
1252.68,476.88,9.6,4578.048
1252.68,476.88,8.6,4101.168
1252.68,476.88,8.6,4101.168
1252.68,476.88,9.4,4482.6720000000005
1252.68,476.88,8.4,4005.792
1252.68,476.88,8.6,4101.168
1252.68,476.88,9.4,4482.6720000000005
1252.68,476.88,8.3,3958.1040000000003
1252.68,476.88,8.6,4101.168
1252.68,476.88,8.8,4196.544
1252.68,476.88,8.8,4196.544
1252.68,476.88,8.8,4196.544
1252.68,476.88,8.4,4005.792
1252.68,476.89,8.1,3862.8089999999997
1252.68,476.88,7.1,3385.848
1252.68,476.88,6.7,3195.096
1252.68,476.89,5.2,2479.828
1252.68,476.89,2.5,1192.225
1252.68,476.88,3.9,1859.8319999999999
1252.68,476.89,4.6,2193.694
1252.68,476.89,4.8,2289.0719999999997
1252.68,476.89,5.0,2384.45
1252.68,476.88,5.0,2384.4
1252.68,476.89,4.6,2193.694
1252.68,476.89,5.0,2384.45
1252.68,476.89,4.8,2289.0719999999997
1252.68,476.88,5.6,2670.528
1252.68,476.89,5.8,2765.962
1252.68,476.89,5.2,2479.828
1252.68,476.89,6.2,2956.718
1252.68,476.88,7.7,3671.976
1252.68,476.89,6.7,3195.163
1252.68,476.89,6.5,3099.785
1252.68,476.89,6.7,3195.163
1252.68,476.88,6.7,3195.096
1252.68,476.89,7.1,3385.919
1252.68,476.89,7.3,3481.297
1252.68,476.89,6.7,3195.163
1252.68,476.88,7.3,3481.2239999999997
1252.68,476.89,6.7,3195.163
1252.68,476.89,6.7,3195.163
1252.68,476.88,6.9,3290.472
1252.68,476.89,6.2,2956.718
1252.68,476.89,7.3,3481.297
1252.68,476.89,7.1,3385.919
1252.68,476.89,7.7,3672.053
1252.68,476.89,7.3,3481.297
1252.68,476.89,6.9,3290.541
1252.68,476.89,7.5,3576.6749999999997
1252.68,476.88,6.9,3290.472
1252.68,476.89,6.7,3195.163
1252.68,476.89,6.9,3290.541
1252.68,476.89,7.5,3576.6749999999997
1252.68,476.89,7.7,3672.053
1252.68,476.89,6.7,3195.163
1252.68,476.89,7.7,3672.053
1252.68,476.89,3.1,1478.359
1252.68,476.89,1.1,524.5790000000001
1252.68,476.89,5.2,2479.828
1252.68,476.89,9.8,4673.522
1252.68,476.9,10.2,4864.379999999999
1252.68,476.89,2.6,1239.914
1252.68,476.89,4.5,2146.005
1252.68,476.9,10.9,5198.21
1252.68,476.9,9.4,4482.86
1252.68,476.89,7.7,3672.053
1252.68,476.9,9.0,4292.099999999999
1252.68,476.9,8.4,4005.96
1252.68,476.9,8.1,3862.89
1252.68,476.89,8.1,3862.8089999999997
1252.68,476.9,7.5,3576.75
1252.68,476.9,8.3,3958.27
1252.68,476.9,8.3,3958.27
1252.68,476.89,8.4,4005.876
1252.68,476.9,9.0,4292.099999999999
1252.68,476.9,9.0,4292.099999999999
1252.68,476.9,6.2,2956.7799999999997
1252.68,476.89,5.0,2384.45
1252.68,476.9,4.6,2193.74
1252.68,476.9,4.6,2193.74
1252.68,476.9,5.8,2766.02
1252.68,476.89,5.8,2765.962
1252.68,476.9,5.2,2479.88
1252.68,476.9,5.2,2479.88
1252.68,476.9,5.6,2670.64
1252.68,476.89,6.0,2861.34
1252.68,476.9,6.0,2861.3999999999996
1252.68,476.9,6.5,3099.85
1252.68,476.9,5.6,2670.64
1252.68,476.89,5.6,2670.584
1252.68,476.9,6.0,2861.3999999999996
1252.68,476.9,5.6,2670.64
1252.68,476.9,5.8,2766.02
1252.68,476.9,5.0,2384.5
1252.68,476.9,5.6,2670.64
1252.68,476.9,6.4,3052.16
1252.68,476.9,8.6,4101.339999999999
1252.68,476.9,11.9,5675.11
1252.68,476.9,13.2,6295.079999999999
1252.68,476.9,10.7,5102.829999999999
1252.68,476.9,9.6,4578.24
1252.68,476.9,9.4,4482.86
1252.68,476.9,9.2,4387.48
1252.68,476.91,8.8,4196.808000000001
1252.68,476.9,9.8,4673.62
1252.68,476.9,8.3,3958.27
1252.68,476.91,7.9,3767.5890000000004
1252.68,476.9,7.3,3481.37
1252.68,476.9,7.9,3767.5099999999998
1252.68,476.9,8.6,4101.339999999999
1252.68,476.91,9.2,4387.572
1252.68,476.9,8.3,3958.27
1252.68,476.9,9.2,4387.48
1252.68,476.91,10.5,5007.555
1252.68,476.91,9.0,4292.1900000000005
1252.68,476.9,10.0,4769.0
1252.68,476.91,8.8,4196.808000000001
1252.68,476.91,8.4,4006.0440000000003
1252.68,476.91,9.0,4292.1900000000005
1252.68,476.9,9.0,4292.099999999999
1252.68,476.91,7.9,3767.5890000000004
1252.68,476.91,6.4,3052.224
1252.68,476.91,6.2,2956.842
1252.68,476.9,1.5,715.3499999999999
1252.68,476.91,0.7,333.837
1252.68,476.91,11.5,5484.465
1252.68,476.91,8.3,3958.3530000000005
1252.68,476.9,4.3,2050.6699999999996
1252.68,476.91,8.4,4006.0440000000003
1252.68,476.91,14.7,7010.577
1252.68,476.91,12.1,5770.611
1252.68,476.9,7.3,3481.37
1252.68,476.91,8.4,4006.0440000000003
1252.68,476.91,10.2,4864.482
1252.68,476.91,10.5,5007.555
1252.68,476.9,10.0,4769.0
1252.68,476.91,11.1,5293.701
1252.68,476.91,10.7,5102.937
1252.68,476.91,10.7,5102.937
1252.68,476.91,10.4,4959.8640000000005
1252.68,476.91,9.8,4673.718000000001
1252.68,476.91,10.4,4959.8640000000005
1252.68,476.91,10.5,5007.555
1252.68,476.9,9.6,4578.24
1252.68,476.91,7.9,3767.5890000000004
1252.68,476.91,5.6,2670.696
1252.68,476.91,5.8,2766.078
1252.68,476.9,5.2,2479.88
1252.68,476.91,4.3,2050.713
1252.68,476.91,5.2,2479.9320000000002
1252.68,476.91,4.1,1955.331
1252.68,476.9,4.5,2146.0499999999997
1252.68,476.91,5.0,2384.55
1252.68,476.91,4.8,2289.168
1252.68,476.91,5.2,2479.9320000000002
1252.68,476.91,6.2,2956.842
1252.68,476.91,6.4,3052.224
1252.68,476.91,6.5,3099.915
1252.68,476.91,7.7,3672.2070000000003
1252.68,476.91,6.7,3195.297
1252.68,476.91,7.9,3767.5890000000004
