Time (s),Inlet Water Temp (C),Outlet Water Temp (C),Inlet Air Temp (C),Outlet Air Temp (C)
0.0,-55.0,-56.1,73.28,73.35
0.49,28.8,28.4,73.31,73.35
1.0,28.9,28.9,73.24,73.38
1.5,28.7,28.5,73.28,73.41
2.01,29.0,28.4,73.21,73.35
2.52,28.9,28.6,73.24,73.41
3.02,28.9,28.6,73.24,73.35
3.52,28.9,28.6,73.21,73.31
4.03,28.7,28.6,73.21,73.28
4.54,29.0,28.9,73.21,73.28
5.04,28.8,28.9,73.17,73.28
5.54,28.8,28.4,73.14,73.28
6.05,29.2,28.7,73.14,73.28
6.56,29.1,28.7,73.21,73.24
7.06,28.9,28.4,73.14,73.28
7.57,29.0,28.8,73.21,73.28
8.08,28.8,28.7,73.17,73.24
8.58,28.9,28.8,73.21,73.28
9.08,28.8,28.6,73.21,73.24
9.59,28.9,28.7,73.31,73.24
10.09,28.9,28.8,73.24,73.24
10.6,28.9,28.8,73.28,73.28
11.11,28.8,28.5,73.24,73.31
11.6,29.2,29.0,73.21,73.28
12.12,28.8,28.5,73.21,73.35
12.62,29.1,28.5,73.17,73.31
13.12,28.9,28.6,73.14,73.31
13.61,28.9,28.6,73.14,73.31
14.13,29.1,28.7,73.07,73.31
14.63,28.9,28.7,73.14,73.35
15.15,29.0,28.6,73.1,73.35
15.64,28.9,28.6,73.1,73.38
16.15,29.1,28.5,73.07,73.38
16.66,29.0,28.6,73.04,73.38
17.16,29.1,28.6,73.04,73.38
17.66,29.1,28.5,73.1,73.38
18.18,29.1,28.7,73.04,73.38
18.68,29.0,28.6,73.0,73.38
19.18,28.8,28.6,72.97,73.31
19.69,29.0,28.6,73.0,73.31
20.2,29.1,28.7,73.0,73.24
20.7,28.8,28.6,72.97,73.21
21.2,28.8,28.7,73.1,73.24
21.71,29.0,28.6,73.1,73.21
22.22,29.2,28.5,73.1,73.24
22.72,29.3,28.4,73.17,73.17
23.22,29.1,28.5,73.1,73.21
23.72,29.3,28.5,73.17,73.1
24.23,29.0,28.6,73.07,73.21
24.73,29.1,28.6,73.07,73.21
25.25,29.0,28.5,73.04,73.21
25.75,28.9,28.7,73.07,73.17
26.25,28.9,28.6,73.04,73.17
26.75,29.3,28.8,73.04,73.1
27.25,29.2,28.6,73.04,73.14
27.77,29.0,28.9,73.0,73.14
28.27,29.2,28.5,73.0,73.14
28.78,29.0,28.6,73.04,73.14
29.28,29.1,28.6,73.0,73.04
29.78,29.0,28.5,72.97,73.0
30.3,29.1,28.7,73.04,73.04
30.8,29.1,28.8,72.97,73.04
31.3,29.1,28.7,72.97,73.07
31.81,28.9,28.7,72.93,73.0
32.31,29.3,28.9,73.0,73.07
32.82,29.1,28.5,73.0,73.04
33.33,29.2,28.7,72.97,73.14
33.82,29.3,29.0,72.97,73.1
34.33,29.1,28.7,72.93,73.07
34.83,29.0,28.9,72.93,73.04
35.35,29.1,28.6,72.93,73.04
35.84,29.0,28.7,72.9,73.04
36.35,29.1,28.8,72.93,73.0
36.86,29.1,28.7,72.93,73.04
37.36,29.0,28.9,72.97,73.0
37.87,29.2,28.7,72.9,73.0
38.37,29.1,28.5,72.9,73.28
38.87,30.4,28.7,72.9,73.0
39.38,29.3,28.4,72.86,73.0
39.89,29.1,28.7,72.9,72.97
40.39,29.2,28.7,72.97,73.24
40.9,29.2,28.6,72.83,72.9
41.41,29.3,28.7,72.9,72.97
41.9,29.3,28.9,72.86,73.0
42.41,29.3,28.5,72.86,73.0
42.92,29.2,28.7,72.86,72.97
43.43,29.2,28.8,72.83,72.93
43.93,29.1,28.8,72.83,72.93
44.44,29.1,29.6,72.9,72.9
44.94,29.0,28.7,72.8,72.93
45.44,29.3,28.7,72.86,72.97
45.95,29.1,28.7,72.76,73.04
46.45,29.3,29.9,72.83,73.04
46.95,29.2,28.8,72.83,73.04
47.46,29.2,28.9,72.8,73.07
47.97,29.2,28.8,71.02,73.04
48.46,29.0,32.9,72.83,73.07
48.98,29.2,28.7,72.8,73.1
49.48,29.2,28.6,72.8,73.07
49.97,29.2,28.9,75.32,73.0
50.49,29.4,28.6,72.83,73.1
51.0,29.0,26.3,72.83,73.07
51.5,29.4,28.0,72.83,73.04
52.01,29.4,28.8,72.9,73.0
52.51,29.2,28.8,72.9,73.07
53.01,29.3,28.7,72.86,73.07
53.52,29.3,28.8,72.83,73.07
54.02,29.2,28.8,72.8,73.1
54.52,29.5,29.0,72.83,73.1
55.04,28.9,28.7,72.8,73.07
55.54,29.3,28.5,72.76,73.21
56.05,29.4,28.9,72.76,73.24
56.55,25.4,29.0,72.76,73.35
57.05,29.2,29.1,72.76,73.38
57.56,28.7,28.9,72.73,73.35
58.06,29.4,28.8,72.73,73.35
58.57,29.2,28.9,72.76,73.38
59.07,29.4,29.0,72.76,73.38
59.58,29.3,28.9,72.62,73.45
60.09,29.3,28.7,72.73,73.55
60.58,29.5,28.7,72.76,73.69
61.1,29.4,29.8,72.83,73.72
61.6,29.3,28.9,72.9,73.72
62.11,29.3,28.3,72.83,73.62
62.61,29.4,28.9,72.83,73.62
63.12,29.4,28.9,72.76,73.55
63.62,29.4,28.8,74.97,73.55
64.13,29.7,25.8,72.73,73.52
64.64,29.5,28.9,72.8,73.45
65.14,29.2,29.0,72.8,73.38
65.65,29.5,29.0,72.83,73.31
66.14,29.3,29.0,72.86,73.35
66.65,29.5,29.0,72.86,73.24
67.15,29.6,28.9,72.9,73.24
67.67,29.4,29.1,72.9,73.17
68.17,29.8,29.0,72.93,73.28
68.66,29.4,28.9,72.93,73.35
69.17,29.7,28.8,72.97,73.35
69.67,29.4,29.0,72.93,73.35
70.19,29.4,29.1,72.93,73.31
70.68,29.7,28.8,72.93,73.28
71.19,29.5,28.9,73.1,73.28
71.69,29.4,29.2,72.97,73.31
72.2,29.6,29.1,72.93,73.17
72.71,29.6,29.0,72.93,73.21
73.21,29.4,28.5,72.8,73.17
73.72,29.4,28.5,72.86,73.14
74.22,29.6,28.9,72.93,73.17
74.73,29.6,28.9,72.97,73.17
75.23,29.4,29.2,73.83,73.14
75.74,29.7,29.1,72.9,73.14
76.24,29.7,28.8,72.86,73.17
76.75,29.7,28.9,72.86,73.21
77.26,29.8,28.8,72.9,73.28
77.76,29.4,29.0,72.86,73.28
78.27,29.6,29.0,72.86,73.24
78.77,29.8,28.7,72.9,73.28
79.28,29.7,29.0,72.83,73.14
79.78,30.8,28.9,72.8,73.17
80.28,29.6,29.1,72.76,73.21
80.79,29.4,28.9,72.83,73.24
81.3,29.6,28.9,72.83,73.28
81.79,29.7,29.0,72.86,73.38
82.31,29.7,28.8,72.93,73.38
82.8,29.7,29.1,73.04,73.41
83.31,29.4,29.0,72.97,73.41
83.81,29.4,28.9,72.8,73.35
84.33,29.8,28.9,72.8,73.38
84.84,29.7,28.5,72.86,73.38
85.33,29.6,28.3,72.76,73.41
85.83,30.0,28.9,72.8,73.45
86.34,29.9,29.0,72.8,73.41
86.84,29.8,29.0,72.62,73.55
87.35,29.8,36.1,72.73,73.45
87.86,29.7,29.1,72.73,73.45
88.36,29.6,29.2,72.69,73.41
88.87,29.9,29.1,72.66,73.45
89.38,29.4,28.9,72.73,73.52
89.88,29.7,28.9,72.73,73.52
90.39,29.8,29.3,72.93,73.52
90.89,29.6,29.1,72.69,73.52
91.4,29.8,29.3,72.69,73.52
91.91,29.6,29.1,72.69,73.45
92.41,29.7,29.2,72.8,73.38
92.92,29.9,29.0,72.8,72.83
93.41,29.7,28.9,72.8,73.28
93.91,29.8,28.9,72.86,73.35
94.42,29.8,29.1,72.83,73.41
94.93,29.8,28.6,72.83,73.41
95.43,29.8,28.8,72.9,73.41
95.94,29.8,29.3,72.83,73.45
96.45,29.7,29.1,72.66,73.48
96.96,29.8,28.5,72.8,73.45
97.45,29.8,29.2,72.69,73.41
97.95,29.9,29.3,72.73,73.41
98.47,29.1,29.3,71.77,73.48
98.97,29.9,29.0,72.73,73.41
99.48,29.8,29.1,72.66,73.41
99.98,29.9,29.2,72.9,73.41
100.49,29.8,29.3,72.66,73.38
100.99,29.8,29.3,72.76,73.41
101.49,29.8,29.3,72.8,73.41
102.0,29.6,29.0,72.76,73.48
102.5,30.2,29.2,72.86,73.35
103.02,29.0,29.5,72.8,73.48
103.52,30.0,29.4,72.8,73.45
104.02,29.9,29.0,72.76,73.35
104.52,29.9,28.8,72.73,73.41
105.03,29.9,29.4,72.62,73.38
105.53,29.0,29.4,72.66,73.38
106.04,29.9,29.3,72.62,73.28
106.54,29.9,28.0,72.62,73.45
107.04,30.2,29.2,72.56,73.41
107.55,30.0,29.2,72.69,73.52
108.05,29.3,29.3,72.04,73.31
108.57,30.0,29.1,72.69,73.35
109.07,30.0,29.2,72.73,73.52
109.58,30.5,29.3,72.76,73.41
110.08,29.9,29.6,72.73,73.45
110.58,30.1,29.3,72.73,73.45
111.07,30.1,29.3,72.69,73.52
111.59,29.9,30.7,72.69,73.55
112.09,30.3,29.0,72.66,73.66
112.61,30.1,29.6,72.62,73.38
113.11,30.1,29.2,72.56,73.45
113.62,29.8,29.6,72.59,73.35
114.13,29.8,29.8,72.59,73.38
114.63,29.9,29.3,72.66,73.38
115.13,29.8,29.0,72.66,73.41
115.63,29.9,29.3,72.62,73.45
116.15,30.5,30.0,72.73,73.41
116.65,31.3,29.4,72.73,73.38
117.15,30.1,29.2,72.69,73.35
117.66,30.1,29.5,72.66,73.45
118.17,30.4,28.8,72.62,73.35
118.66,29.6,29.6,72.59,73.24
119.16,30.1,29.2,72.59,73.28
119.68,29.9,29.6,72.59,73.72
120.18,28.8,29.4,72.52,73.35
120.68,29.9,29.4,72.59,73.38
121.18,30.1,29.2,72.52,73.35
121.69,29.8,29.4,72.59,70.82
122.2,30.2,29.3,72.59,73.41
122.71,30.2,29.4,72.62,73.38
123.22,30.3,30.0,72.62,73.38
123.71,30.3,29.3,72.62,73.31
124.22,30.4,29.5,72.56,73.31
124.73,30.3,29.4,72.52,73.28
125.23,30.0,29.8,72.62,73.35
125.74,30.5,32.4,72.49,73.35
126.25,30.2,29.4,72.45,73.31
126.74,30.1,29.6,72.52,73.31
127.24,30.0,29.3,72.52,73.21
127.75,31.1,29.5,72.56,73.31
128.26,30.2,29.2,72.59,73.38
128.77,30.3,29.7,72.59,73.45
129.26,30.2,29.7,72.59,73.41
129.77,30.2,29.7,72.52,73.45
130.28,30.0,29.5,72.52,73.35
130.78,30.3,29.8,72.49,73.45
131.29,30.1,29.6,72.49,73.35
131.8,30.1,29.7,72.49,73.21
132.29,30.0,29.8,72.45,73.31
132.8,30.1,29.7,72.42,73.28
133.31,30.0,29.7,72.45,73.35
133.81,30.1,29.0,72.49,73.24
134.32,30.2,29.6,72.45,73.28
134.83,30.1,29.4,72.45,73.28
135.34,30.7,29.7,72.49,73.28
135.84,30.2,29.6,72.59,73.35
136.35,30.1,29.6,72.52,73.35
136.85,30.2,29.8,72.52,73.41
137.36,30.4,29.6,72.52,73.41
137.85,30.5,29.8,72.49,73.35
138.35,30.5,29.7,72.52,73.17
138.87,31.3,29.8,72.56,73.21
139.36,30.3,29.8,72.45,73.17
139.88,30.4,29.8,72.59,73.1
140.39,30.1,29.4,72.56,73.1
140.88,30.3,29.8,72.66,73.04
141.39,30.4,29.8,72.66,73.0
141.89,30.3,29.7,72.52,72.93
142.4,30.5,28.3,72.62,72.97
142.91,30.6,29.6,72.62,72.9
143.41,30.5,29.8,72.59,72.9
143.92,30.4,29.6,72.59,72.86
144.42,29.7,29.8,72.52,72.9
144.93,30.5,29.5,72.52,72.86
145.42,30.3,29.8,72.52,72.86
145.94,30.3,29.8,72.49,72.83
146.45,30.5,29.7,72.45,72.8
146.95,30.5,29.8,72.42,72.76
147.45,30.7,29.7,72.39,72.76
147.95,30.5,29.7,72.39,72.73
148.45,30.6,29.7,72.39,72.73
148.97,30.3,28.5,72.42,72.66
149.46,30.2,29.8,72.62,72.8
149.97,30.6,31.7,72.32,72.76
150.48,30.4,29.8,72.32,72.83
150.99,30.3,29.6,72.28,72.97
151.49,30.6,29.8,72.32,73.0
151.99,30.1,30.0,72.28,73.1
152.5,30.5,29.9,72.25,73.04
153.01,30.7,29.8,72.21,73.04
153.5,30.6,30.0,72.32,74.97
154.01,29.9,29.9,72.28,73.07
154.52,30.4,29.7,72.32,73.04
155.02,30.6,30.0,72.42,73.1
155.53,30.4,31.3,72.28,73.14
156.04,30.6,30.0,72.32,73.21
156.54,30.5,29.8,72.32,73.24
157.05,30.7,29.8,74.76,73.17
157.55,30.4,29.6,72.32,73.21
158.06,30.6,29.9,72.32,73.17
158.56,30.7,30.0,72.35,73.1
159.07,30.8,29.6,72.25,73.14
159.57,36.0,29.9,72.25,72.93
160.07,30.6,30.2,72.25,72.83
160.58,30.7,29.8,72.18,72.76
161.08,30.7,30.3,72.21,72.83
161.59,30.7,30.0,72.28,72.97
162.09,30.8,29.9,72.21,72.93
162.6,30.6,30.0,72.32,72.97
163.1,30.9,25.3,72.28,73.04
163.61,30.7,29.9,72.28,73.07
164.12,30.8,29.8,72.32,73.21
164.62,30.6,29.9,72.32,73.31
165.12,30.5,30.0,72.28,73.24
165.63,30.7,29.9,72.32,73.28
166.14,30.6,29.6,72.25,73.28
166.64,30.6,29.8,72.25,73.24
167.14,30.7,30.0,72.25,73.21
167.65,30.8,30.2,72.28,73.24
168.16,30.8,29.9,72.15,73.1
168.66,31.1,27.4,72.21,73.24
169.17,30.9,29.8,72.21,73.04
169.67,30.6,30.1,72.18,72.93
170.18,30.7,30.2,72.18,72.8
170.69,30.6,30.3,72.18,72.8
171.18,30.9,30.1,72.18,72.8
171.69,30.7,30.2,72.15,72.73
172.19,30.9,30.0,72.18,71.23
172.71,30.6,29.9,72.21,72.8
173.2,30.8,30.1,72.15,72.69
173.71,31.0,30.0,72.11,72.69
174.22,30.7,31.3,72.18,72.76
174.72,31.0,30.0,72.15,72.76
175.23,31.0,30.1,72.11,72.8
175.73,30.7,30.0,75.07,72.8
176.23,32.0,30.1,72.11,72.83
176.74,31.0,30.0,72.08,72.9
177.24,31.1,30.2,72.08,72.9
177.75,30.9,30.1,72.11,72.56
178.25,30.8,30.0,72.08,72.93
178.76,30.9,30.2,72.08,72.86
179.26,31.0,30.0,72.04,72.83
179.77,31.0,29.9,72.11,72.8
180.28,30.6,28.3,72.08,72.76
180.78,31.0,30.1,72.08,72.73
181.29,31.0,30.3,69.07,72.76
181.78,30.5,30.2,72.08,72.69
182.29,30.9,30.2,72.11,72.69
182.8,31.1,30.0,72.11,72.69
183.3,31.1,30.4,72.08,72.39
183.8,30.9,30.2,72.08,72.59
184.32,31.1,30.2,72.11,72.56
184.82,30.9,30.3,72.08,72.59
185.33,31.2,29.5,72.11,72.66
185.82,31.2,30.3,72.11,72.69
186.33,31.1,30.4,72.15,72.73
186.84,31.0,30.4,75.04,72.8
187.35,30.8,30.2,72.01,72.76
187.85,32.2,30.4,72.11,72.69
188.35,30.8,30.3,72.08,72.52
188.87,31.1,30.1,72.04,72.86
189.36,18.8,30.2,72.08,72.66
189.87,31.2,30.2,72.04,72.66
190.38,31.2,30.4,71.98,72.62
190.88,31.0,31.2,72.01,72.66
191.38,31.0,30.3,72.18,72.59
191.89,31.2,30.4,72.01,72.62
192.4,31.0,30.3,73.48,72.62
192.9,31.6,30.3,72.04,72.56
193.41,31.2,30.5,72.01,72.59
193.91,31.3,30.5,71.98,72.59
194.41,31.0,30.5,72.01,72.59
194.93,32.8,30.5,72.04,72.59
195.42,31.2,30.4,71.98,72.56
195.93,30.9,30.4,72.01,72.52
196.43,31.2,30.3,72.01,72.52
196.93,31.1,30.3,72.01,72.39
197.45,31.1,30.4,71.98,72.45
197.95,31.3,30.4,71.43,72.45
198.46,31.4,30.2,72.01,72.62
198.94,31.4,30.3,72.01,72.73
199.47,31.3,30.5,71.98,72.73
199.97,31.2,30.2,72.01,72.52
200.48,34.3,29.9,71.98,72.86
200.99,31.5,30.4,72.01,72.86
201.48,31.3,30.4,71.98,72.83
201.99,31.2,30.6,72.01,72.9
202.5,31.5,30.4,71.98,72.9
203.0,31.3,30.4,71.98,72.86
203.51,31.2,30.6,71.84,72.9
204.01,32.7,34.6,71.94,73.04
204.51,31.2,30.4,71.91,73.1
205.02,31.3,30.5,71.87,73.14
205.53,31.4,30.4,71.94,73.31
206.03,31.2,30.5,71.87,73.24
206.53,31.4,30.4,71.87,73.35
207.04,31.5,30.4,71.94,73.38
207.54,31.5,30.7,71.98,70.18
208.05,31.3,30.4,71.94,73.35
208.55,31.4,30.6,71.94,73.35
209.06,31.0,30.8,71.98,73.31
209.56,31.5,30.9,72.01,73.28
210.07,31.4,30.6,72.04,73.17
210.57,31.4,30.4,72.28,73.14
211.07,31.3,30.7,72.01,73.17
211.59,31.6,30.4,72.11,73.24
212.1,31.7,30.6,72.08,73.17
212.59,31.4,30.5,72.04,73.31
213.1,31.5,30.0,71.91,73.14
213.61,31.3,30.7,71.98,73.28
214.11,31.3,30.6,71.98,73.38
214.61,31.6,30.5,71.91,73.41
215.12,31.4,30.0,71.98,73.38
215.62,31.5,30.8,72.01,73.38
216.13,31.6,30.7,72.04,73.31
216.63,31.4,30.3,72.08,73.28
217.13,31.6,30.7,72.08,73.24
217.64,31.7,30.7,72.04,73.35
218.15,31.4,30.4,72.04,73.28
218.66,30.9,33.8,72.04,73.24
219.16,31.6,30.6,72.01,73.21
219.66,31.6,30.8,71.94,73.35
220.17,30.7,30.7,71.91,73.41
220.68,31.7,32.2,71.91,73.41
221.18,31.6,30.7,71.91,73.45
221.68,31.6,30.9,72.01,73.38
222.18,32.0,30.6,72.01,73.38
222.69,31.8,30.7,71.98,73.31
223.21,31.6,30.9,72.01,73.31
223.71,31.6,30.7,72.01,73.31
224.21,31.4,30.8,72.01,73.21
224.71,31.5,30.8,71.98,73.24
225.22,31.8,30.7,71.46,73.17
225.72,31.7,31.0,71.06,73.21
226.22,31.6,30.8,71.87,73.35
226.74,31.9,30.6,71.87,73.38
227.24,31.8,30.7,71.84,73.48
227.74,31.9,31.3,71.91,72.8
228.24,31.8,30.8,72.01,73.31
228.75,31.8,30.7,71.98,73.35
229.26,31.8,30.7,72.01,73.28
229.77,32.0,30.9,71.98,73.28
230.27,31.7,31.0,72.01,73.24
230.78,31.9,30.9,71.98,73.21
231.28,32.0,31.5,72.01,73.04
231.79,31.8,30.9,72.01,73.1
232.29,31.8,30.7,72.01,73.04
232.79,31.8,30.9,71.94,72.97
233.29,31.1,30.9,72.15,72.97
233.81,31.7,31.0,72.21,72.9
234.3,31.8,30.9,72.21,72.83
234.81,31.9,30.4,72.21,72.76
235.31,31.8,31.0,72.32,72.76
235.82,31.7,30.8,72.25,72.83
236.33,31.6,31.1,72.15,72.83
236.83,31.7,32.0,72.15,72.97
237.33,31.8,30.9,72.18,73.04
237.84,32.1,30.9,72.11,73.17
238.34,31.9,30.8,72.01,73.17
238.85,31.5,30.8,71.91,73.24
239.36,32.0,31.1,71.84,73.1
239.87,33.7,31.2,71.84,73.14
240.37,32.0,31.0,71.8,74.31
240.88,31.7,31.0,71.74,73.21
241.38,32.1,30.8,71.74,73.21
241.89,31.9,31.1,71.67,73.21
242.39,31.7,31.0,71.63,73.28
242.89,31.9,31.2,71.6,73.41
243.39,31.8,30.9,71.67,73.52
243.9,32.0,31.0,71.7,72.56
244.4,32.3,31.2,71.7,73.48
244.91,32.0,31.0,71.63,73.55
245.41,32.1,31.1,71.67,73.45
245.92,31.9,28.1,71.6,73.48
246.43,32.1,31.1,71.63,73.45
246.94,32.1,31.3,71.74,73.38
247.45,32.0,31.4,71.74,73.48
247.95,31.8,31.0,71.8,73.14
248.45,32.0,31.1,71.84,73.1
248.96,32.2,31.0,71.74,73.07
249.45,32.2,30.9,71.84,73.1
249.95,32.1,31.0,71.87,73.07
250.47,32.2,31.3,71.91,72.97
251.48,31.9,31.3,71.94,72.86
251.99,32.1,31.4,71.91,72.86
252.49,31.9,31.3,71.94,72.83
252.99,32.2,31.4,71.98,74.8
253.5,32.2,31.4,72.01,72.86
254.01,32.2,31.2,72.01,72.86
254.51,32.1,30.9,72.56,72.76
255.02,32.4,27.9,71.91,72.86
255.52,32.2,31.3,71.87,72.93
256.02,32.1,31.3,71.84,73.07
256.52,32.0,31.2,71.91,73.07
257.03,32.2,31.0,71.87,73.14
257.54,32.4,31.1,71.87,73.14
258.05,32.2,30.7,71.87,73.21
258.55,32.4,31.4,71.8,73.21
259.06,32.4,31.2,71.8,73.14
259.57,32.2,31.2,71.8,73.14
260.07,32.4,31.4,71.8,73.24
260.57,29.6,31.4,71.77,73.0
261.07,32.5,31.2,71.77,73.04
261.58,32.4,31.4,71.77,72.97
262.08,32.5,31.0,71.77,72.93
262.59,32.4,31.4,71.7,72.97
263.1,32.3,31.4,71.74,73.04
263.6,32.4,31.4,71.77,73.04
264.1,32.2,29.9,71.74,72.93
264.61,32.6,30.6,71.7,73.04
265.11,32.3,31.3,71.7,72.97
265.61,32.7,31.1,71.77,73.14
266.13,32.3,31.5,71.74,72.97
266.63,32.2,31.4,71.7,72.97
267.13,32.6,31.3,71.74,73.0
267.63,32.4,28.7,71.74,73.04
268.14,32.6,31.6,71.7,72.97
268.65,32.5,31.5,71.7,73.07
269.15,32.6,31.4,71.7,73.0
269.66,37.3,31.4,71.74,73.17
270.16,32.8,31.4,71.7,73.14
270.67,32.4,31.3,71.8,73.24
271.17,32.7,31.6,71.5,73.24
271.68,32.7,31.3,71.53,73.35
272.18,32.7,31.2,71.57,73.45
272.69,32.5,31.3,71.53,73.55
273.19,32.1,31.0,71.5,73.55
273.7,32.6,31.5,71.43,73.55
274.21,32.5,31.7,71.5,73.52
274.71,32.6,31.7,71.4,73.45
275.22,32.5,31.6,71.4,73.28
275.72,32.6,31.5,71.43,73.28
276.23,32.8,31.6,70.72,73.38
276.73,33.2,31.7,71.36,73.14
277.24,32.1,31.7,71.36,73.07
277.74,32.6,31.7,71.43,73.17
278.25,32.8,31.4,71.36,73.21
278.74,32.7,31.5,71.4,73.21
279.25,32.7,31.8,71.36,73.28
279.75,32.6,31.9,71.29,72.86
280.26,32.3,34.2,71.4,73.28
280.76,32.6,31.8,71.43,73.17
281.28,32.7,31.9,71.4,73.28
281.77,32.5,31.6,71.4,70.95
282.28,35.8,31.8,71.46,73.17
282.79,33.0,31.6,71.57,73.38
283.29,32.5,31.8,71.57,73.9
283.8,32.5,31.8,71.6,73.55
284.3,32.8,32.0,71.6,73.66
284.81,30.6,31.9,71.53,73.55
285.31,32.8,31.6,71.67,73.55
285.82,33.0,31.7,71.6,73.38
286.31,32.9,31.7,71.5,73.31
286.83,32.2,31.9,71.6,72.76
287.34,32.8,31.8,71.46,73.14
287.84,33.0,31.8,71.5,73.14
288.35,32.9,31.9,71.43,73.21
288.85,32.9,31.6,71.5,73.45
289.35,34.1,31.8,71.5,73.35
289.86,32.1,31.7,71.46,73.35
290.36,32.9,31.9,71.57,73.45
290.88,32.7,31.9,71.6,73.52
291.37,32.9,32.0,71.6,73.59
291.87,32.8,31.8,71.63,73.48
292.39,33.2,32.0,73.52,73.48
292.89,33.0,32.1,71.6,73.41
293.39,33.1,31.9,71.57,73.35
293.9,33.1,31.9,71.53,73.38
294.41,32.9,32.0,71.46,73.41
294.91,33.1,32.1,71.57,73.35
295.42,32.9,31.8,71.5,73.24
295.92,31.7,32.6,69.94,73.38
296.42,32.9,32.1,71.53,73.48
296.92,33.1,32.2,71.53,73.48
297.44,33.2,32.2,71.6,73.69
297.94,33.2,32.1,71.6,73.62
298.44,33.2,32.2,71.6,73.55
298.94,32.9,31.8,71.57,73.52
299.45,33.2,31.3,71.6,73.48
299.96,33.1,32.1,71.46,73.59
300.46,32.9,32.2,71.5,73.55
300.97,32.9,32.2,71.5,73.38
301.47,33.2,32.1,71.46,73.31
301.97,33.3,32.1,71.53,73.48
302.48,33.2,32.0,71.57,73.52
302.99,32.9,31.6,71.46,73.59
303.48,33.1,32.4,71.57,73.55
304.0,32.7,32.3,71.57,73.59
304.51,33.4,32.1,71.6,73.31
305.01,33.4,32.0,71.57,73.83
305.52,33.1,32.3,71.43,73.52
306.02,33.2,32.3,71.43,73.55
306.52,33.1,32.1,71.5,74.41
307.02,33.5,32.1,71.5,73.48
307.53,33.3,32.2,71.46,73.55
308.04,33.1,32.2,71.43,73.52
308.55,33.2,32.1,71.53,72.45
309.05,33.3,32.3,71.46,73.62
309.55,33.2,32.4,71.57,73.55
310.06,33.2,32.0,71.5,73.59
310.56,33.5,32.1,71.5,73.45
311.07,33.4,32.4,71.57,73.45
311.57,33.2,32.2,71.46,73.31
312.07,33.4,32.1,71.4,73.48
312.57,33.5,32.4,71.43,73.45
313.09,33.4,32.1,71.5,73.48
313.59,33.1,32.5,71.06,73.41
314.1,33.2,32.1,71.43,73.48
314.61,33.5,32.3,71.5,73.55
315.11,33.4,32.4,71.46,73.55
315.61,33.5,32.6,71.5,73.52
316.12,33.4,32.4,71.5,73.38
316.63,33.4,32.6,71.46,73.35
317.13,33.3,32.3,68.9,73.45
317.62,33.3,32.3,71.36,73.62
318.14,33.4,32.6,71.36,73.62
318.64,33.6,32.2,71.43,73.59
319.14,33.8,32.4,71.4,73.69
319.65,33.5,32.6,71.36,73.55
320.16,33.6,32.5,71.43,73.59
320.66,33.6,31.4,71.43,73.62
321.17,33.6,32.4,71.43,73.62
321.67,33.7,32.2,71.46,73.55
322.18,33.7,32.5,71.46,73.45
322.68,33.9,32.5,71.43,73.45
323.19,33.5,32.4,71.4,73.48
323.69,33.7,32.5,71.36,73.31
324.2,33.3,32.5,71.43,73.21
324.71,33.0,32.5,71.63,73.04
325.2,33.7,32.9,71.77,72.86
325.71,33.6,32.4,71.84,72.83
326.22,33.9,32.6,71.87,72.73
326.72,33.5,32.6,71.84,72.66
327.23,33.6,32.4,71.7,72.62
327.72,33.7,32.1,71.91,72.59
328.23,33.6,32.4,71.87,72.56
328.74,33.7,32.4,71.91,72.49
329.24,33.7,32.5,71.94,72.45
329.75,32.9,32.4,71.98,72.49
330.26,33.6,32.7,71.91,72.45
330.76,33.6,32.4,71.94,72.45
331.27,33.9,32.1,71.84,72.39
331.77,33.8,32.5,71.8,72.42
332.28,33.9,32.7,71.8,72.42
332.79,33.6,32.7,71.8,72.28
333.29,25.1,32.4,71.7,72.35
333.79,33.6,32.5,71.7,72.35
334.29,34.0,32.2,71.67,72.32
334.8,33.8,32.8,71.74,72.28
335.31,33.9,32.6,71.67,72.28
335.81,33.8,32.7,71.74,72.28
336.32,34.0,32.6,71.74,72.25
336.82,34.0,32.6,71.7,72.25
337.32,33.8,32.6,71.67,72.28
337.84,33.9,32.4,71.74,72.32
338.34,33.9,32.7,71.77,72.25
338.84,33.7,32.7,71.7,72.18
339.35,33.9,32.7,71.74,72.21
339.85,33.9,32.7,71.7,72.18
340.36,33.8,32.7,71.7,72.18
340.87,33.9,32.6,71.7,72.21
341.37,34.0,32.8,71.74,72.25
341.87,34.0,32.8,71.77,72.25
342.37,33.7,32.6,71.8,72.21
342.89,34.1,32.6,71.77,72.21
343.38,33.8,32.6,71.77,72.21
343.89,34.0,32.6,71.8,72.25
344.4,34.1,32.8,71.84,72.25
344.9,34.1,32.8,71.94,72.21
345.4,33.7,33.0,71.98,72.21
345.92,33.9,32.8,71.98,72.15
346.42,33.8,32.7,72.01,72.15
346.92,34.0,32.6,72.01,72.08
347.43,33.9,32.9,72.04,72.15
347.93,33.9,32.6,72.01,72.18
348.44,34.2,33.0,71.91,72.18
348.95,34.1,32.7,71.94,72.11
349.45,33.9,32.8,71.91,72.21
349.95,33.9,32.8,71.91,72.18
350.45,33.9,32.7,71.91,72.21
350.97,33.9,32.5,71.98,72.25
351.46,33.8,32.7,71.91,72.18
351.97,33.9,32.8,71.94,72.21
352.48,34.1,32.7,71.98,72.21
352.98,34.1,32.8,71.91,72.32
353.48,34.2,32.9,71.98,72.35
354.0,34.2,32.6,71.94,72.39
354.5,34.1,32.8,71.84,72.35
355.0,33.9,33.0,71.84,72.39
355.5,34.2,32.7,71.8,72.35
356.01,34.0,32.8,71.77,72.32
356.51,34.1,32.6,71.74,72.32
357.02,33.8,32.9,71.74,72.32
357.53,34.1,33.0,71.77,72.32
358.03,34.2,32.5,71.7,72.25
358.53,34.2,32.9,71.7,72.21
359.05,34.1,32.9,71.67,72.15
359.55,34.1,32.7,71.67,72.18
360.05,34.0,32.7,71.63,72.18
360.56,34.3,32.7,71.67,72.08
361.06,34.1,32.7,71.6,72.11
361.57,34.3,32.9,71.6,72.04
362.08,34.3,32.9,71.63,72.08
362.58,34.2,32.9,71.57,72.04
363.08,34.3,32.9,71.6,72.04
363.58,34.2,32.9,71.57,72.08
364.1,34.2,33.0,71.63,71.98
364.6,34.2,33.0,71.63,72.04
365.1,34.4,32.9,71.63,72.01
365.61,34.0,32.9,71.63,71.98
366.11,34.3,33.0,71.63,71.98
366.62,34.2,32.8,71.67,71.94
367.13,34.3,33.0,71.67,71.94
367.63,34.2,32.9,71.63,71.94
368.13,34.4,32.9,71.63,71.94
368.63,34.4,32.8,71.6,71.98
369.15,34.3,33.1,71.57,72.01
369.65,34.2,32.8,71.57,71.98
370.15,34.3,32.9,71.6,71.98
370.66,34.6,32.7,71.63,71.98
371.16,34.2,33.2,71.53,71.98
371.67,34.6,33.0,71.57,71.94
372.18,34.5,32.9,71.5,71.94
372.68,34.3,33.0,71.5,71.94
373.18,34.1,33.1,71.53,71.98
373.68,34.5,33.0,71.57,71.94
374.19,34.3,33.2,71.46,71.94
374.7,34.2,33.0,71.57,71.91
375.2,34.4,32.9,71.46,71.91
375.71,34.4,33.0,71.46,71.91
376.22,34.5,33.1,71.5,71.87
376.71,34.4,33.2,71.43,71.84
377.23,34.5,33.2,71.43,71.84
377.73,34.6,32.9,71.4,71.8
378.23,34.4,33.2,71.43,71.91
378.74,34.3,33.0,71.46,71.84
379.25,34.5,32.9,71.5,71.91
379.74,34.4,33.1,71.5,71.87
380.26,34.4,33.0,71.53,71.84
380.76,34.5,33.0,71.63,71.84
381.26,34.7,33.2,71.57,71.8
381.76,34.5,33.0,71.53,71.77
382.26,34.5,33.2,71.5,71.8
382.78,34.6,33.1,71.5,71.74
383.28,34.3,33.1,71.46,71.7
383.79,34.5,33.4,71.46,71.67
384.29,34.4,33.2,71.5,71.7
384.8,34.4,33.1,71.53,71.77
385.3,34.3,33.0,71.53,71.74
385.81,34.7,33.2,71.57,71.74
386.31,34.7,33.4,71.57,71.74
386.82,34.5,33.2,71.6,71.77
387.32,34.6,33.3,71.53,71.7
387.83,34.6,33.2,71.5,71.7
388.33,34.3,33.2,71.53,71.67
388.83,34.6,33.2,71.5,71.7
389.34,34.7,33.0,71.46,71.7
389.84,34.5,33.2,71.5,71.67
390.35,34.6,33.1,71.46,71.67
390.86,34.7,33.0,71.46,71.74
391.36,34.6,33.2,71.36,71.7
391.87,34.6,33.4,71.43,71.67
392.37,34.5,33.3,71.4,71.67
392.87,34.5,33.2,71.4,71.7
393.39,34.6,33.0,71.36,71.7
393.87,34.4,33.3,71.29,71.7
394.39,34.6,33.2,71.4,71.7
394.9,34.4,33.3,71.4,71.7
395.4,34.6,33.0,71.36,71.63
395.91,34.8,33.3,71.36,71.67
396.42,34.7,33.2,71.46,71.67
396.92,34.6,33.3,71.43,71.63
397.42,34.5,33.1,71.4,71.67
397.92,34.6,33.2,71.33,71.6
398.43,34.6,33.3,71.36,71.63
398.94,34.6,33.3,71.36,71.6
399.44,34.7,33.4,71.33,71.63
399.95,34.5,33.2,71.4,71.63
400.45,34.6,33.1,71.46,71.67
400.96,35.0,33.2,71.43,71.67
401.46,34.7,33.2,71.53,71.63
401.96,34.4,33.2,71.46,71.7
402.47,34.9,33.2,71.6,71.74
402.98,34.6,33.4,71.63,71.74
403.48,34.7,33.1,71.63,71.74
403.97,34.5,33.3,71.7,71.74
404.5,34.6,33.5,71.7,71.7
404.99,34.9,33.3,71.7,71.67
405.5,34.8,33.3,71.63,71.63
406.01,34.6,33.1,71.57,71.7
406.51,34.8,33.1,71.46,71.6
407.02,34.7,33.3,71.6,71.57
407.52,34.8,33.3,71.53,71.6
408.03,34.9,33.4,71.53,71.6
408.53,34.8,33.3,71.53,71.67
409.03,34.6,33.3,71.5,71.63
409.54,34.8,33.3,71.5,71.63
410.05,34.7,33.2,71.53,71.67
410.55,34.7,33.6,71.46,71.6
411.06,34.7,33.2,71.5,71.7
411.57,34.9,33.5,71.46,71.67
412.07,34.9,33.4,71.5,71.63
412.57,34.7,33.4,71.46,71.7
413.08,34.7,33.4,71.46,71.7
413.59,34.9,33.4,71.46,71.74
414.09,34.9,33.5,71.53,71.7
414.59,34.7,33.5,71.5,71.63
415.09,34.9,33.2,71.5,71.67
415.61,34.9,33.3,71.57,71.7
416.11,35.2,33.3,71.53,71.67
416.61,35.1,33.4,71.6,71.67
417.12,34.8,33.2,71.57,71.67
417.62,34.8,33.3,71.57,71.6
418.13,34.9,33.4,71.57,71.63
418.63,34.8,33.4,71.6,71.63
419.14,34.8,33.5,71.6,71.67
419.64,35.0,33.4,71.67,71.6
420.15,34.7,33.4,71.6,71.6
420.66,35.0,33.7,71.6,71.63
421.15,35.1,33.5,71.6,71.7
421.67,34.7,33.3,71.5,71.63
422.17,34.9,33.7,71.53,71.7
422.67,35.0,33.4,71.53,71.67
423.18,35.0,33.4,71.5,71.67
423.68,34.8,33.5,71.5,71.6
424.18,34.9,33.4,71.5,71.63
424.7,34.9,33.4,71.43,71.67
425.2,34.9,33.6,71.43,71.63
425.69,35.0,33.3,71.46,71.63
426.2,34.9,33.4,71.46,71.67
426.71,35.1,33.6,71.43,71.63
427.21,35.1,33.5,71.43,71.67
427.73,35.0,33.8,71.4,71.7
428.22,35.0,33.6,71.43,71.7
428.74,35.0,33.6,71.36,71.77
429.23,35.0,33.5,71.36,71.77
429.74,35.2,33.5,71.43,71.8
430.23,35.1,33.6,71.4,71.74
430.75,34.8,33.7,71.36,71.7
431.25,35.0,33.5,71.4,71.7
431.77,34.9,33.4,71.36,71.67
432.26,34.7,33.6,71.36,71.63
432.76,35.1,33.8,71.33,71.67
433.28,35.1,33.5,71.29,71.57
433.78,34.8,33.6,71.33,71.57
434.29,35.1,33.6,71.33,71.6
434.79,34.9,33.4,71.26,71.6
435.29,34.8,33.3,71.26,71.53
435.79,35.1,33.4,71.33,71.53
436.3,35.1,33.7,71.23,71.57
436.81,35.1,33.7,71.29,71.53
437.31,35.2,33.5,71.29,71.57
437.82,34.8,33.4,71.26,71.57
438.32,35.2,33.4,71.29,71.53
438.82,35.2,33.6,71.23,71.57
439.34,35.0,33.6,71.23,71.6
439.84,35.0,33.5,71.26,71.6
440.33,34.9,33.6,71.23,71.7
440.85,35.0,33.8,71.19,71.67
441.36,34.8,33.7,71.19,71.67
441.86,35.4,33.7,71.16,71.7
442.37,35.0,33.5,71.16,71.7
442.87,35.0,33.8,71.16,71.67
443.38,35.0,33.6,71.23,71.7
443.88,35.3,33.6,71.19,71.67
444.39,35.0,33.8,71.19,71.67
444.89,35.4,33.8,71.16,71.74
445.39,34.9,33.8,71.16,71.8
445.9,35.2,33.7,71.23,71.87
446.41,35.0,33.7,71.23,71.87
446.91,35.0,33.6,71.23,71.8
447.42,35.0,33.5,71.19,71.8
447.92,35.2,33.6,71.26,71.84
448.42,35.3,33.5,71.26,71.8
448.94,35.0,33.6,71.26,71.77
449.43,35.1,33.6,71.26,71.74
449.94,35.2,33.6,71.19,71.74
450.45,35.2,33.6,71.26,71.7
450.95,35.3,33.7,71.29,71.67
451.46,35.1,33.8,71.26,71.7
451.96,35.1,33.8,71.26,71.63
452.46,34.9,33.8,71.23,71.67
452.98,35.0,33.9,71.29,71.74
453.48,34.9,33.9,71.33,71.6
453.98,35.2,34.0,71.26,71.6
454.49,35.4,33.7,71.23,71.6
454.99,35.3,33.9,71.29,71.57
455.49,35.4,33.8,71.33,71.67
456.01,35.6,33.9,71.29,71.63
456.51,35.2,33.8,71.33,71.63
457.01,35.2,33.8,71.36,71.6
457.52,35.3,34.0,71.43,71.6
458.02,35.3,33.7,71.4,71.6
458.52,35.4,33.7,71.36,71.7
459.03,35.5,33.9,71.4,71.63
459.54,35.2,33.6,71.43,71.67
460.04,35.3,33.6,71.4,71.63
460.55,35.2,33.8,71.36,71.63
461.05,35.4,33.8,71.36,71.63
461.56,35.5,33.8,71.4,71.63
462.06,35.4,33.8,71.36,71.6
462.57,35.4,33.9,71.33,71.63
463.08,35.3,33.8,71.33,71.63
463.57,35.3,33.8,71.33,71.67
464.08,35.3,33.7,71.23,71.67
464.59,35.3,33.8,71.26,71.7
465.1,35.2,33.9,71.23,71.7
465.6,35.2,33.9,71.19,71.7
466.11,35.3,34.0,71.23,71.77
466.6,35.6,33.5,71.19,71.7
467.12,35.6,33.9,71.19,71.67
467.62,35.4,33.8,71.26,71.7
468.12,35.4,33.8,71.23,71.6
468.62,35.7,34.0,71.23,71.6
469.13,35.4,33.9,71.23,71.6
469.64,35.3,33.9,71.26,71.63
470.14,35.3,33.8,71.19,71.57
470.65,35.4,33.7,71.19,71.5
471.16,35.4,34.0,71.19,71.53
471.66,35.4,33.8,71.19,71.53
472.16,35.5,33.8,71.23,71.53
472.67,35.4,33.7,71.29,71.5
473.17,35.4,33.8,71.26,71.5
473.68,35.2,33.9,71.26,71.5
474.18,35.5,34.0,71.33,71.5
474.69,35.3,33.8,71.29,71.5
475.19,35.3,34.2,71.23,71.53
475.69,35.5,33.8,71.19,71.53
476.21,35.5,34.0,71.16,71.5
476.7,35.6,34.0,71.19,71.46
477.2,35.5,33.9,71.16,71.5
477.71,35.3,33.9,71.16,71.53
478.22,35.5,33.9,71.26,71.57
478.73,35.7,33.9,71.12,71.57
479.24,35.5,33.9,71.09,71.6
479.73,35.7,34.0,71.12,71.6
480.25,35.5,33.7,71.09,71.6
480.75,35.5,34.2,71.09,71.6
481.24,35.6,33.9,71.09,71.53
481.76,35.4,33.8,71.12,71.53
482.26,35.5,34.1,71.12,71.53
482.76,35.4,33.9,71.12,71.5
483.27,35.7,34.0,71.16,71.53
483.77,35.7,34.2,71.12,71.46
484.28,35.5,34.0,71.09,71.53
484.78,35.4,33.8,71.12,71.5
485.28,35.8,34.1,71.06,71.46
485.8,35.4,34.1,71.02,71.53
486.3,35.5,34.1,71.06,71.57
486.8,35.5,34.0,71.06,71.6
487.31,35.3,34.1,71.09,71.6
487.82,35.7,34.0,71.09,71.6
488.32,35.6,34.0,71.06,71.63
488.82,35.6,34.1,71.06,71.7
489.33,35.5,34.2,71.02,71.74
489.84,35.4,34.0,71.06,71.67
490.33,35.5,34.0,70.99,71.7
490.85,35.6,34.4,70.99,71.63
491.35,35.7,34.0,70.99,71.63
491.86,35.3,34.3,70.92,71.63
492.36,35.5,34.2,70.89,71.67
492.87,35.7,33.9,70.92,71.6
493.37,35.8,34.1,70.85,71.6
493.87,35.6,34.0,70.82,71.7
494.38,35.5,33.9,70.85,71.7
494.89,35.5,33.9,70.89,71.84
495.39,35.8,34.3,70.82,71.87
495.89,35.5,34.2,70.85,71.87
496.4,35.6,34.0,70.79,71.87
496.91,35.5,34.3,70.82,71.98
497.41,35.5,34.1,70.79,71.98
497.91,35.6,34.0,70.79,71.94
498.43,35.6,34.2,70.82,71.94
498.92,35.6,34.3,70.79,71.91
499.42,35.6,34.1,70.79,71.91
499.93,35.5,34.2,70.75,71.84
500.44,35.6,34.3,70.79,71.77
500.94,35.6,34.2,70.82,71.7
501.45,35.7,34.2,70.82,71.7
501.95,35.9,34.2,70.68,71.7
502.46,35.6,34.0,70.72,71.74
502.97,35.5,34.1,70.75,71.84
503.48,35.8,34.4,70.79,71.84
503.97,35.8,34.2,70.79,71.98
504.48,35.8,34.2,70.82,72.08
504.98,35.9,34.1,70.75,72.21
505.49,35.8,34.3,70.82,72.28
506.0,35.9,34.2,70.68,72.39
506.51,35.8,34.4,70.85,72.42
507.01,35.8,34.1,70.85,72.42
507.52,35.8,34.5,70.85,72.42
508.01,36.0,34.3,70.85,72.45
508.53,35.8,34.1,70.85,72.45
509.02,35.8,34.3,70.82,72.39
509.53,35.8,34.0,70.75,72.32
510.03,35.7,34.3,70.82,72.35
510.54,35.7,34.2,70.79,72.42
511.05,35.8,34.3,70.79,72.32
511.55,35.8,34.3,70.72,72.32
512.06,35.8,34.3,70.72,72.25
512.57,35.7,34.3,70.72,72.11
513.07,35.8,34.4,70.75,72.11
513.57,35.8,34.3,70.72,72.11
514.08,35.5,34.3,70.68,72.01
514.58,35.9,34.6,70.68,71.91
515.08,35.9,34.2,70.62,71.87
515.59,35.8,34.2,70.65,71.94
516.1,35.9,34.3,70.65,71.98
516.61,35.7,34.1,70.68,71.98
517.11,35.9,34.2,70.62,71.94
517.61,36.1,34.3,70.58,71.98
518.11,36.0,34.2,70.62,71.94
518.63,35.9,34.4,70.62,71.98
519.13,36.0,34.2,70.62,71.91
519.62,36.0,34.2,70.58,71.91
520.13,35.9,34.2,70.55,71.94
520.64,36.1,34.1,70.58,71.87
521.14,36.0,34.2,70.58,71.94
521.66,35.8,34.3,70.62,72.01
522.16,36.0,34.3,70.58,72.11
522.65,35.9,34.3,70.58,72.25
523.17,35.8,34.2,70.62,72.25
523.67,35.9,34.4,70.55,72.35
524.18,35.7,34.3,70.58,72.35
524.68,35.8,34.4,70.55,72.28
525.18,35.9,34.5,70.62,72.25
525.69,35.9,34.3,70.58,72.25
526.19,36.0,34.4,70.65,72.25
526.69,35.9,34.2,70.55,72.15
527.2,35.8,34.5,70.68,72.21
527.71,36.1,34.3,70.58,72.32
528.22,36.1,34.3,70.58,72.45
528.72,35.9,34.4,70.55,72.45
529.22,36.0,34.6,70.72,72.56
529.74,36.0,34.3,70.65,72.59
530.24,35.8,34.2,70.68,72.66
530.74,35.9,34.1,70.62,72.69
531.25,35.9,34.3,70.72,72.8
531.75,36.0,34.8,70.65,72.69
532.25,36.1,34.6,70.62,72.73
532.75,36.0,34.6,70.68,72.76
533.27,35.9,34.4,70.72,72.73
533.77,35.9,34.5,70.65,72.73
534.28,35.9,34.7,70.65,72.76
534.79,35.9,34.4,70.72,72.73
535.29,36.0,34.4,70.75,72.73
535.79,36.1,34.4,70.72,72.73
536.3,36.0,34.5,70.68,72.73
536.79,35.9,34.5,70.72,72.62
537.31,36.2,34.4,70.65,72.56
537.8,36.1,34.6,70.68,72.56
538.32,36.0,34.6,70.65,72.52
538.82,36.1,34.6,70.68,72.39
539.33,36.0,34.5,70.65,72.35
539.83,36.1,34.6,70.72,72.35
540.34,36.0,34.6,70.62,72.39
540.85,36.1,34.5,70.72,72.35
541.34,36.4,34.2,70.65,72.39
541.85,36.0,34.4,70.68,72.39
542.35,36.0,34.3,70.65,72.39
542.86,36.2,34.4,70.62,72.39
543.35,36.3,34.4,70.65,72.49
543.88,36.4,34.6,70.68,72.49
544.38,36.2,34.5,70.68,72.56
544.88,36.2,34.4,70.68,72.66
545.39,36.2,34.3,70.75,72.66
545.89,36.2,34.6,70.85,72.62
546.39,36.0,34.6,70.85,72.66
546.9,36.5,34.5,70.85,72.76
547.4,36.0,34.5,70.85,72.76
547.91,36.1,34.7,70.85,72.8
548.42,36.1,34.7,70.82,72.9
548.91,36.0,34.9,70.68,72.9
549.42,35.9,34.5,70.79,72.83
549.94,36.0,34.5,70.79,72.83
550.43,36.2,34.5,70.75,72.83
550.93,36.2,34.5,70.72,72.8
551.44,36.0,34.6,70.75,72.8
551.95,36.3,34.5,70.72,72.76
552.46,36.2,34.7,70.68,72.73
552.96,36.3,34.7,70.72,72.73
553.46,36.0,34.4,70.68,72.73
553.97,36.2,34.6,70.72,72.73
554.48,36.1,34.4,70.75,72.73
554.98,36.3,34.8,70.72,72.69
555.48,36.1,34.6,70.65,72.73
555.99,36.3,34.4,70.72,72.62
556.49,36.3,34.3,70.75,72.66
557.0,36.2,34.7,70.85,72.59
557.5,36.3,34.6,70.85,72.59
558.01,36.1,34.7,70.89,72.59
558.52,36.1,34.6,70.92,72.56
559.02,36.1,34.4,70.89,72.56
559.53,36.4,34.6,70.89,72.56
560.03,36.1,34.6,70.85,72.49
560.53,36.4,34.2,70.85,72.52
561.04,36.4,34.7,70.92,72.49
561.54,36.3,34.7,70.89,72.49
562.05,36.2,34.5,70.82,72.49
562.55,36.2,34.8,70.82,72.45
563.07,36.2,34.6,70.82,72.42
563.57,36.2,34.5,70.85,72.32
564.08,36.1,34.7,70.89,72.28
564.58,36.0,34.8,70.92,72.25
565.08,36.1,34.6,70.82,72.21
565.58,36.2,34.6,70.72,72.18
566.1,36.1,34.4,70.82,72.25
566.6,36.2,34.6,70.85,72.25
567.1,36.3,34.7,70.85,72.28
567.61,36.3,34.5,70.92,72.35
568.1,36.3,34.7,70.92,72.45
568.61,36.4,34.6,70.95,72.62
569.12,36.3,34.5,70.92,72.62
569.62,36.3,34.8,70.92,72.73
570.13,36.2,34.6,70.92,72.69
570.64,36.3,34.8,70.92,72.8
571.14,36.6,34.7,70.95,72.83
571.65,36.4,34.6,70.92,72.83
572.14,36.3,34.8,70.89,72.8
572.66,36.2,34.6,70.92,72.8
573.16,36.2,34.7,70.92,72.76
573.66,36.3,34.7,70.89,72.69
574.17,36.3,34.6,70.85,72.62
574.68,36.3,34.7,70.89,72.52
575.18,36.4,34.7,70.92,72.49
575.69,36.4,34.6,71.02,72.45
576.19,36.5,34.7,71.06,72.35
576.69,36.3,34.7,71.02,72.28
577.21,36.3,34.8,71.09,72.15
577.71,36.4,34.6,71.02,72.08
578.21,36.3,34.8,70.95,72.18
578.71,36.6,35.0,70.95,72.25
579.21,36.3,34.8,70.95,72.35
579.73,36.2,34.5,70.89,72.45
580.23,36.1,34.8,70.92,72.45
580.74,36.3,34.8,70.89,72.56
581.24,36.3,35.1,70.92,72.59
581.74,36.3,34.7,70.95,72.66
582.25,36.2,34.9,70.95,72.62
582.76,36.4,34.9,70.95,72.73
583.26,36.4,35.1,70.89,72.69
583.77,36.4,35.2,70.92,72.59
584.27,36.4,34.9,70.89,72.59
584.76,36.4,34.9,70.99,72.56
585.28,36.4,34.8,70.85,72.49
585.78,36.4,34.7,70.92,72.45
586.3,36.2,34.7,70.99,72.45
586.8,36.3,34.7,70.95,72.39
587.29,36.5,34.7,70.95,72.42
587.8,36.4,34.9,70.95,72.45
588.3,36.4,34.6,70.95,72.56
588.82,36.4,34.8,70.99,72.52
589.32,36.5,34.7,70.95,72.49
589.82,36.4,34.8,70.99,72.52
590.33,36.4,34.8,70.95,72.66
590.83,36.3,34.7,70.92,72.69
591.34,36.4,34.7,70.92,72.69
591.84,36.3,34.9,70.89,72.66
592.35,36.3,34.7,70.82,72.62
592.85,36.3,34.7,70.82,72.59
593.36,36.3,34.7,70.82,72.59
593.87,36.4,34.8,70.85,72.56
594.38,36.5,34.9,70.85,72.62
594.88,36.3,35.0,70.85,72.8
595.37,36.3,34.9,70.82,72.9
595.88,36.4,34.9,70.82,73.0
596.39,36.4,34.9,70.75,73.14
596.9,36.3,35.0,70.79,73.04
597.39,36.7,34.8,70.79,73.04
597.91,36.5,34.8,70.82,73.04
598.41,36.5,34.8,70.79,73.04
598.91,36.4,34.8,70.79,73.04
599.42,36.4,35.0,70.79,72.93
599.92,36.6,34.7,70.79,72.9
600.43,36.6,34.9,70.79,72.83
600.94,36.5,34.8,70.82,72.9
601.43,36.6,35.1,70.82,72.86
601.94,36.5,34.8,70.79,72.76
602.46,36.4,34.7,70.75,72.76
602.96,36.4,34.8,70.79,72.8
603.46,36.6,34.8,70.79,72.76
603.96,36.6,34.7,70.85,72.8
604.47,36.5,34.8,70.82,72.76
604.98,36.5,34.8,70.82,72.8
605.48,36.5,35.0,70.82,72.83
605.98,36.5,35.0,70.75,72.9
606.48,36.6,35.1,70.68,72.86
606.99,36.5,35.1,70.75,72.83
607.5,36.4,35.0,70.72,72.9
608.0,36.5,34.9,70.72,72.86
608.51,36.5,34.9,70.72,72.76
609.02,36.5,35.0,70.79,72.69
609.52,36.7,35.0,70.79,72.69
610.03,36.6,35.1,70.79,72.76
610.52,36.3,35.1,70.79,72.69
611.04,36.7,34.8,70.79,75.32
611.54,37.1,34.6,70.75,72.73
612.04,36.4,35.0,70.75,72.83
612.55,36.6,34.9,70.68,72.83
613.06,36.6,35.1,70.68,72.86
613.56,36.8,35.1,70.79,72.93
614.07,36.5,34.7,70.68,72.97
614.57,36.5,31.8,70.62,73.0
615.08,36.6,35.2,70.58,72.9
615.58,36.1,35.1,70.62,72.9
616.08,36.5,34.9,70.65,71.29
616.59,36.7,35.1,70.62,73.1
617.1,36.4,35.0,70.62,73.14
617.6,36.5,34.9,70.58,73.17
618.1,36.3,34.9,70.55,73.04
618.61,36.7,35.2,70.58,73.04
619.12,36.4,34.9,70.51,73.07
619.62,36.6,35.0,70.55,73.1
620.13,36.7,34.9,70.55,73.14
620.63,36.7,35.2,70.51,73.1
621.14,36.7,35.2,70.51,73.04
621.63,36.6,35.0,70.51,73.04
622.15,37.2,34.9,70.45,73.0
622.64,36.5,35.2,70.51,72.59
623.15,36.6,35.2,70.48,72.93
623.65,36.6,35.1,70.55,73.0
624.17,36.6,35.1,70.51,73.04
624.67,37.0,35.1,70.62,73.04
625.15,36.5,35.1,70.68,73.14
625.67,36.5,35.0,70.79,73.24
626.18,36.7,35.2,70.68,73.14
626.68,36.7,35.2,70.65,73.28
627.2,36.5,35.1,70.68,73.28
627.7,36.8,35.1,70.65,73.38
628.21,36.8,35.0,70.68,73.28
628.7,36.8,35.3,70.62,73.14
629.21,36.7,34.8,70.58,73.21
629.72,36.2,35.1,70.62,73.0
630.23,36.7,35.3,70.62,72.97
630.73,36.7,35.0,70.85,72.97
631.24,36.8,39.1,70.68,72.93
631.74,36.7,35.4,70.68,72.9
632.25,36.7,35.3,70.68,72.8
632.75,36.9,36.0,70.75,72.8
633.25,36.7,35.0,70.79,72.83
633.76,36.8,35.3,70.68,73.0
634.27,36.6,34.9,70.72,73.07
634.77,35.4,35.1,70.68,73.1
635.28,36.7,35.4,70.68,73.24
635.78,36.8,35.0,70.68,73.31
636.29,37.4,35.0,70.65,73.24
636.8,36.6,35.0,70.62,73.21
637.29,36.7,35.2,70.62,73.17
637.79,36.6,34.9,70.65,73.1
638.3,36.3,35.1,70.62,73.1
638.8,36.6,35.2,70.55,73.04
639.32,36.4,35.3,70.68,75.39
639.82,36.6,35.2,70.62,72.93
640.33,36.8,35.2,70.58,72.86
640.84,36.8,35.3,70.55,72.9
641.33,43.5,35.2,70.51,72.76
641.83,36.6,35.0,70.55,72.76
642.35,36.8,35.2,70.62,72.86
642.85,37.1,40.4,70.58,72.9
643.36,36.7,34.8,70.55,73.0
643.86,36.8,35.2,70.65,72.97
644.36,36.6,34.9,70.55,73.0
644.87,36.6,34.7,70.55,72.97
645.37,36.7,35.1,70.55,73.0
645.87,36.8,35.3,70.48,73.07
646.39,36.7,35.4,70.45,73.1
646.89,36.7,35.4,70.45,73.21
647.4,36.8,35.3,70.51,72.8
647.9,36.9,35.3,70.41,73.17
648.4,36.9,35.4,70.41,73.14
648.9,36.2,35.6,70.51,73.1
649.41,36.2,35.0,70.48,73.17
649.91,36.9,35.5,70.58,73.17
650.42,36.8,35.4,70.65,73.21
650.93,36.7,35.3,70.62,71.36
651.44,36.8,35.4,70.58,73.14
651.93,36.9,35.3,70.51,73.07
652.44,36.7,35.3,70.45,72.76
652.95,41.6,35.3,70.45,72.76
653.45,36.7,35.4,70.45,72.66
653.95,36.7,35.5,70.35,72.69
654.47,36.9,35.3,70.38,72.69
654.97,36.8,35.5,70.45,72.66
655.47,36.9,35.2,70.62,72.69
655.98,36.8,35.2,70.45,72.73
656.48,36.8,35.4,70.48,72.76
656.99,36.7,35.5,70.55,72.86
657.49,36.9,33.1,70.58,72.86
658.0,36.6,35.5,70.58,72.9
658.5,36.9,35.5,70.62,72.9
659.0,36.9,35.5,70.65,72.69
659.51,35.5,35.3,70.82,72.83
660.01,36.8,35.5,70.85,72.73
660.53,36.7,35.5,68.46,72.66
661.03,37.1,35.7,71.02,72.59
661.54,36.8,35.6,71.09,72.56
662.03,36.9,35.7,71.4,72.59
662.54,36.9,35.3,71.16,72.59
663.05,36.9,35.6,71.16,72.62
663.55,36.8,35.6,71.16,72.73
664.06,36.9,35.3,71.16,72.76
664.56,36.9,35.3,71.33,72.69
665.07,36.9,35.6,71.26,72.56
665.58,36.9,35.5,71.26,76.71
666.08,36.8,35.3,71.19,72.32
666.59,36.7,35.6,71.19,72.21
667.09,36.9,35.7,71.19,72.04
667.6,37.6,35.5,71.16,71.98
668.1,36.7,35.5,71.19,72.01
668.6,36.7,35.4,71.16,72.01
669.11,36.9,39.8,71.06,72.18
669.61,36.6,35.7,71.02,72.42
670.12,36.8,35.6,70.85,72.62
670.63,36.9,35.4,70.79,72.62
671.13,36.8,35.6,70.79,72.83
671.63,36.9,35.5,70.82,72.8
672.13,36.8,35.8,70.72,73.38
672.65,36.8,35.5,70.58,72.73
673.14,36.8,35.5,70.85,72.56
673.66,36.3,35.6,70.89,72.39
674.15,28.8,35.3,70.85,72.21
674.66,36.9,35.5,70.82,72.11
675.17,36.8,35.4,71.16,72.01
675.67,37.4,35.4,70.92,71.91
676.18,36.9,35.6,70.79,71.87
676.68,36.8,35.6,70.58,71.84
677.19,36.9,34.8,70.58,71.8
677.69,36.8,35.7,70.62,71.77
678.19,36.9,35.8,70.68,71.8
678.71,36.9,36.2,70.68,71.74
679.21,37.0,35.7,70.75,71.67
679.71,36.9,35.6,70.82,71.7
680.22,37.1,35.8,70.75,71.67
680.72,33.5,35.6,70.68,71.63
681.23,36.9,35.7,70.65,71.63
681.74,37.1,35.7,70.82,71.63
682.23,36.8,35.5,70.51,71.67
682.74,37.0,35.5,70.48,71.7
683.25,37.0,35.7,70.41,71.74
683.76,36.8,36.2,70.41,71.84
684.26,37.0,35.7,70.35,72.04
684.76,37.1,35.7,70.28,72.04
685.26,37.0,35.9,70.21,73.1
685.77,37.0,35.8,70.14,72.35
686.27,37.0,35.8,70.28,72.52
686.76,37.1,35.8,70.18,72.28
687.28,36.8,35.9,70.21,72.83
687.8,36.8,35.7,70.14,72.76
688.3,36.7,35.7,70.21,72.69
688.8,37.6,35.6,70.08,72.69
689.32,37.1,35.2,70.08,72.66
689.81,37.0,35.8,70.55,72.62
690.32,37.1,35.5,70.08,72.66
690.83,37.2,35.6,70.11,72.73
691.33,37.0,35.7,70.14,72.83
691.84,37.3,35.2,70.14,73.76
692.35,37.2,35.7,70.14,73.04
692.84,37.0,35.8,70.21,73.07
693.34,37.0,36.0,70.11,73.04
693.85,39.8,35.9,70.11,72.93
694.36,37.1,35.9,70.14,72.9
694.86,36.6,36.0,70.21,72.86
695.37,37.4,35.9,70.14,72.97
695.87,37.1,36.0,70.14,73.1
696.38,36.8,35.9,70.04,73.1
696.88,35.8,35.9,70.08,73.07
697.39,37.1,35.8,70.14,73.1
697.9,37.1,35.8,70.18,73.1
698.39,37.1,36.0,70.24,73.04
698.9,37.2,35.9,70.28,73.07
699.41,37.1,36.0,70.28,73.21
699.92,37.1,36.0,70.31,72.83
700.42,37.1,36.1,70.24,73.1
700.92,36.9,36.1,70.41,73.14
701.42,37.1,36.2,70.38,73.24
701.91,39.3,35.8,70.41,73.17
702.43,37.2,36.0,70.38,73.14
702.95,37.1,35.9,70.41,73.14
703.44,37.3,36.2,70.38,73.17
703.95,37.0,36.1,70.28,73.28
704.46,37.2,36.1,70.14,73.28
704.96,37.1,35.3,70.35,73.31
705.47,37.3,35.9,70.38,73.31
705.97,37.4,35.9,70.38,73.38
706.48,37.3,35.5,70.38,73.38
706.99,36.9,35.9,70.41,73.38
707.5,37.2,36.0,70.62,73.21
707.99,36.9,36.0,70.62,73.1
708.5,37.2,36.1,70.82,72.76
709.0,37.0,36.2,70.95,72.59
709.51,37.1,36.0,71.09,72.52
710.01,37.0,36.2,71.19,72.35
710.52,37.1,36.1,71.23,72.28
711.02,36.5,36.1,71.26,72.04
711.53,38.9,36.1,71.26,72.11
712.04,37.2,36.1,71.29,72.04
712.53,37.2,36.1,71.4,72.08
713.04,37.7,35.9,71.23,72.01
713.55,37.3,35.9,71.19,72.01
714.06,37.2,36.0,71.23,71.94
714.55,37.2,35.2,71.12,71.91
715.07,37.1,36.0,71.16,71.87
715.57,37.1,36.0,71.09,71.84
716.08,37.5,35.2,71.06,71.94
716.57,37.3,36.0,70.99,71.87
717.08,37.2,36.1,70.99,71.8
717.59,37.2,36.1,70.95,71.94
718.09,38.3,36.1,70.92,71.84
718.6,37.2,36.1,70.85,71.8
719.11,37.3,35.9,70.79,71.84
719.61,35.3,36.1,70.75,71.8
720.12,37.2,36.1,70.75,71.74
720.61,37.3,35.9,70.62,71.74
721.12,37.1,36.2,70.65,71.77
721.62,37.3,35.8,70.68,71.74
722.13,37.0,35.9,70.65,71.77
722.62,37.5,36.9,70.62,71.7
723.15,37.4,36.2,70.65,71.67
723.64,37.3,36.2,70.62,71.74
724.15,37.1,36.1,70.72,71.7
724.66,37.4,36.2,70.62,71.7
725.17,37.5,36.5,70.68,71.7
725.67,37.5,36.2,70.75,71.53
726.17,37.4,36.1,70.92,71.67
726.68,37.3,36.1,70.92,71.67
727.18,37.5,36.0,70.99,71.7
727.69,35.2,36.1,71.16,71.63
728.19,37.3,36.2,71.16,71.6
728.7,37.5,36.2,71.16,71.6
729.2,36.5,36.1,71.29,71.63
729.71,36.7,36.0,71.46,71.63
730.22,37.4,36.2,71.4,71.57
730.72,37.3,39.9,71.57,71.6
731.22,37.6,36.1,71.5,71.53
731.73,37.3,36.1,71.5,71.57
732.24,37.5,36.0,71.6,71.46
732.73,37.4,36.0,71.67,71.46
733.24,37.4,36.3,71.74,71.43
733.74,37.5,36.0,71.7,71.12
734.26,37.5,36.2,71.67,71.43
734.76,37.4,36.1,71.6,71.43
735.26,37.5,36.2,71.5,71.46
735.77,37.5,36.0,71.4,71.36
736.27,37.6,36.3,71.36,71.4
736.78,37.7,36.0,73.24,71.46
737.29,37.6,36.0,71.29,71.46
737.79,37.6,36.3,71.26,71.5
738.29,37.4,36.1,71.19,71.5
738.8,37.5,36.3,71.29,71.5
739.31,37.5,36.3,71.33,71.43
739.8,37.5,36.2,71.43,71.43
740.31,37.4,35.9,71.57,71.4
740.81,37.6,36.1,71.6,71.33
741.32,37.5,36.1,71.67,71.26
741.83,37.6,36.0,71.67,71.23
742.33,37.5,36.0,71.6,71.29
742.84,37.5,36.2,71.63,71.33
743.34,37.7,36.4,71.63,71.33
743.84,37.4,36.2,71.4,71.77
744.35,37.6,36.3,71.16,72.25
744.85,37.2,36.2,70.95,72.52
745.36,37.5,36.5,70.85,72.9
745.87,37.6,36.4,70.65,72.93
746.37,35.5,37.1,70.72,73.17
746.88,37.5,35.9,70.65,73.14
747.38,37.4,36.2,70.55,73.17
747.89,37.5,36.0,70.45,73.45
748.4,37.1,36.0,70.38,73.24
748.89,37.3,36.3,70.28,73.14
749.36,36.8,36.3,70.18,73.07
749.91,37.5,35.9,70.11,73.17
750.41,37.5,36.0,70.04,73.24
750.91,37.7,36.3,70.11,73.28
751.42,37.7,36.0,70.04,73.28
751.92,37.7,36.1,70.08,73.14
752.44,37.4,36.0,70.08,73.07
752.94,37.6,36.4,70.08,73.0
753.43,37.2,36.0,70.11,72.73
753.95,37.2,35.9,70.14,73.0
754.45,37.5,36.1,70.85,73.0
754.96,37.0,36.2,70.18,73.04
755.47,37.7,35.9,70.21,73.14
755.97,37.4,36.2,70.08,73.17
756.47,36.6,36.1,70.24,73.14
756.98,37.8,36.2,70.28,73.14
757.48,37.5,36.3,69.74,73.14
757.99,37.8,36.4,70.21,73.17
758.5,37.6,36.1,70.18,73.14
759.0,37.6,36.4,70.18,73.17
759.5,37.6,36.2,70.14,74.07
760.0,37.8,36.1,70.11,73.07
760.51,38.0,36.1,70.08,73.14
761.02,37.7,36.5,70.01,73.21
761.53,37.8,36.3,70.01,73.38
762.03,37.5,36.3,70.04,73.55
762.53,37.5,36.4,67.3,73.48
763.03,37.4,36.1,69.97,73.45
763.54,37.9,36.3,69.94,73.38
764.05,37.8,36.5,69.81,72.97
764.55,37.6,36.5,69.97,73.38
765.06,37.7,36.3,69.91,73.38
765.56,37.7,36.5,70.01,73.48
766.07,38.0,39.4,69.94,73.41
766.57,37.8,35.7,70.01,73.52
767.08,37.7,36.4,70.01,73.48
767.59,37.5,35.7,70.04,73.38
768.08,37.7,36.4,70.01,73.31
768.59,37.8,36.5,70.08,73.28
769.09,37.7,36.4,69.91,74.97
769.6,37.8,36.5,69.94,73.45
770.1,37.8,36.5,69.94,73.52
770.61,37.6,36.2,69.97,73.55
771.12,37.9,36.5,70.01,73.66
771.62,37.6,36.5,70.04,73.66
772.13,37.8,36.6,70.04,73.55
772.63,39.2,36.4,69.77,73.55
773.14,38.0,36.4,69.94,73.52
773.65,37.9,36.6,69.81,73.35
774.15,37.3,36.3,69.94,73.28
774.64,38.0,36.1,69.91,73.17
775.16,38.0,36.4,69.87,73.17
775.66,38.0,36.5,69.94,73.04
776.17,38.1,36.0,69.94,73.0
776.68,37.8,36.5,69.97,72.97
777.18,38.0,36.1,69.97,72.93
777.68,37.8,36.6,69.97,73.04
778.19,37.7,36.6,70.04,73.1
778.69,37.9,36.9,70.04,73.21
779.2,37.9,36.8,70.04,73.24
779.71,37.8,36.6,70.01,73.24
780.2,37.8,35.9,69.94,75.11
780.71,37.8,36.6,69.87,73.24
781.22,38.1,36.7,69.91,73.21
781.72,38.0,36.5,70.01,73.14
782.23,38.1,36.5,70.18,73.17
782.73,38.0,36.7,70.18,73.17
783.24,37.8,36.4,70.28,73.21
783.74,38.2,36.2,70.51,73.0
784.25,38.1,36.7,70.65,72.86
784.75,38.1,36.5,70.82,72.69
785.26,51.9,36.7,71.09,72.45
785.77,38.6,36.8,71.19,72.35
786.26,38.2,36.7,74.14,72.32
786.77,38.6,36.7,71.12,72.25
787.28,37.9,36.8,71.02,72.21
787.78,37.9,36.7,70.95,72.18
788.28,38.0,36.6,71.09,72.18
788.79,37.9,36.6,71.09,72.18
789.3,37.5,36.8,71.33,72.25
789.8,38.1,36.7,71.16,72.25
790.31,38.1,36.5,71.19,72.21
790.82,38.1,36.5,71.12,72.25
791.32,38.1,36.7,71.06,72.11
791.82,37.3,36.4,71.09,72.18
792.33,37.9,34.0,71.12,72.15
792.84,38.1,36.3,70.99,72.08
793.33,37.7,36.8,71.02,72.08
793.84,38.0,36.8,71.06,72.08
794.35,37.9,36.6,71.06,73.0
794.86,38.1,36.8,71.06,72.11
795.35,38.1,36.7,71.12,72.18
795.86,38.0,36.6,70.95,71.91
796.37,38.1,36.7,70.92,72.21
796.87,37.8,36.7,70.89,72.25
797.37,37.8,36.6,71.36,72.28
797.88,39.4,36.8,70.85,72.35
798.39,38.0,36.7,70.75,72.45
798.89,38.2,36.7,70.89,72.45
799.4,38.1,36.7,70.85,72.42
799.9,38.1,36.8,70.85,72.49
800.4,38.1,36.8,70.85,72.42
800.91,38.0,37.6,70.85,72.39
801.42,38.1,36.7,70.82,72.39
801.92,37.8,36.9,70.82,72.45
802.43,38.1,37.2,70.82,72.52
802.93,37.8,36.9,70.82,72.59
803.44,38.1,36.7,70.79,72.66
803.94,38.2,36.7,70.68,72.69
804.45,38.1,36.6,70.65,72.73
804.95,38.2,36.8,70.65,72.76
805.46,37.3,36.7,70.62,72.56
805.96,38.3,36.7,70.62,72.76
806.46,38.2,36.6,70.62,72.8
806.97,38.2,36.8,70.65,72.76
807.48,38.0,36.8,70.65,72.73
807.98,38.3,36.6,70.68,72.66
808.49,38.2,36.7,70.68,72.62
808.99,41.5,38.3,70.72,72.62
809.5,37.9,36.8,70.65,72.62
810.0,38.2,36.9,69.1,72.52
810.51,36.8,36.9,70.75,72.66
811.01,38.0,37.0,70.68,72.62
811.52,38.2,37.0,70.65,72.66
812.02,38.4,37.0,70.65,72.66
812.52,37.9,36.9,70.72,72.69
813.03,38.3,36.7,70.79,72.66
813.53,38.3,26.5,70.85,72.66
814.04,38.1,37.0,70.89,72.69
814.55,38.1,35.9,70.99,72.73
815.05,38.2,37.1,70.99,72.76
815.56,38.1,36.9,71.02,72.83
816.06,38.2,36.8,70.95,72.83
816.57,38.2,36.7,70.89,72.86
817.07,38.1,36.9,70.72,73.07
817.57,38.2,37.0,70.55,73.04
818.09,38.0,37.1,70.38,73.07
818.59,38.1,36.9,70.38,73.31
819.09,41.1,36.6,70.45,73.45
819.6,38.2,36.9,70.28,73.28
820.1,38.4,36.7,70.38,73.41
820.6,38.3,37.0,70.24,73.35
821.11,38.2,36.5,70.31,73.31
821.58,38.1,36.8,70.11,73.21
822.13,38.4,37.0,69.97,73.04
822.62,38.3,37.0,69.94,73.14
823.12,38.2,36.6,69.77,73.21
823.64,37.6,36.9,69.7,73.1
824.14,38.2,37.0,69.7,73.04
824.64,39.8,36.9,69.67,73.07
825.15,38.4,36.9,69.67,73.07
825.66,38.3,36.9,69.81,73.04
826.17,38.2,37.9,69.87,73.14
826.66,38.7,36.9,69.91,73.24
827.16,38.3,36.8,70.04,73.24
827.67,38.3,37.0,69.87,73.24
828.18,38.4,37.0,69.84,73.24
828.68,38.5,37.1,69.74,73.14
829.19,38.3,37.0,69.81,73.24
829.69,38.2,36.5,69.77,73.31
830.21,38.5,37.0,69.87,73.45
830.71,38.4,37.1,69.81,73.48
831.21,38.6,37.0,69.77,73.45
831.72,38.4,37.1,69.67,73.45
832.22,38.3,36.6,67.37,73.41
832.73,36.9,36.9,69.64,73.48
833.23,38.2,36.9,69.7,73.55
833.74,38.6,37.0,69.7,73.55
834.25,38.6,37.2,69.91,73.55
834.75,38.3,37.1,69.67,73.52
835.25,38.5,36.9,69.64,73.41
835.76,38.6,37.0,69.67,73.41
836.26,38.5,37.2,69.67,73.45
836.76,38.3,37.3,69.64,73.48
837.26,38.8,38.4,69.7,73.48
837.78,38.5,36.9,69.74,73.31
838.28,38.5,37.0,69.64,73.28
838.78,38.5,37.2,69.64,73.28
839.29,38.5,36.3,69.57,73.24
839.8,38.6,37.2,69.57,73.24
840.3,39.2,36.7,69.44,73.28
840.8,38.6,37.1,69.64,73.24
841.29,38.4,37.3,69.54,73.14
841.82,38.7,36.6,69.6,73.14
842.32,38.5,37.3,69.74,73.1
842.82,38.7,37.4,69.77,73.07
843.33,38.7,37.1,69.74,73.04
843.83,38.5,37.3,69.74,73.0
844.34,38.6,37.3,69.64,73.1
844.85,38.5,37.4,69.74,73.1
845.35,38.5,37.3,69.91,73.14
845.86,38.7,37.3,70.24,73.1
846.36,38.5,36.9,70.58,73.0
846.85,38.6,37.3,70.68,72.97
847.38,36.9,37.3,70.79,72.9
847.88,38.7,37.3,70.72,72.76
848.38,38.6,37.2,71.12,72.66
848.89,38.6,37.4,71.19,72.56
849.39,38.6,37.2,71.16,72.49
849.89,38.4,37.3,71.09,72.45
850.4,38.0,37.3,71.26,72.45
850.9,38.5,37.5,71.29,72.59
851.41,38.6,37.2,71.19,72.49
851.92,39.2,37.5,71.16,72.52
852.42,38.4,37.4,71.23,72.66
852.93,44.2,37.2,71.06,72.18
853.43,38.4,37.5,71.06,72.69
853.94,38.7,37.2,70.95,72.73
854.44,39.8,37.3,70.79,72.8
854.95,38.9,37.3,70.75,72.8
855.45,38.8,37.4,70.35,72.86
855.96,39.6,37.2,70.58,72.9
856.46,38.8,37.3,70.48,72.97
856.97,38.6,37.4,70.35,73.07
857.47,38.6,37.3,70.41,73.14
857.98,38.6,37.4,70.41,73.14
858.48,38.8,37.2,70.31,73.17
858.99,38.7,40.1,70.41,73.17
859.49,38.7,37.4,70.38,73.14
860.0,36.9,37.4,70.41,73.14
860.5,38.9,38.4,70.45,73.1
861.0,38.9,37.2,70.45,73.14
861.51,38.9,37.5,70.41,73.14
862.02,38.9,37.4,70.48,73.1
862.52,38.7,37.5,70.45,73.07
863.02,38.6,37.6,70.48,73.14
863.53,38.6,37.0,70.48,73.14
864.04,38.9,37.4,70.45,73.21
864.55,38.8,37.4,70.51,73.17
865.04,39.0,37.2,70.38,71.36
865.56,38.8,37.6,70.51,73.1
866.05,38.8,37.4,70.45,73.21
866.56,38.7,37.7,70.41,72.35
867.06,38.6,37.3,70.45,73.21
867.57,38.9,37.4,70.48,73.21
868.08,38.7,37.7,70.55,73.31
868.59,38.6,37.5,70.51,73.24
869.08,38.9,37.7,70.45,73.28
869.6,38.9,37.5,70.45,73.21
870.09,38.7,37.4,70.48,73.31
870.6,38.1,37.5,70.48,73.31
871.11,38.9,37.7,70.38,73.41
871.59,20.8,37.7,70.41,73.41
872.11,38.9,37.4,70.41,73.45
872.62,38.6,37.5,70.41,73.45
873.13,39.9,37.8,70.45,73.38
873.63,38.8,37.6,70.51,73.35
874.14,38.8,37.6,71.16,73.38
874.65,38.7,37.6,70.51,73.24
875.15,39.0,37.5,70.51,73.17
875.66,39.1,37.6,71.02,73.1
876.16,38.9,37.5,70.45,73.0
876.66,38.8,37.5,70.41,73.14
877.17,38.7,37.7,70.62,73.14
877.67,39.2,37.7,70.38,73.14
878.18,38.9,37.9,70.31,73.17
878.67,39.0,37.7,70.38,73.17
879.18,38.6,34.5,70.28,73.21
879.69,38.9,37.5,70.24,73.21
880.2,38.8,37.7,70.41,73.21
880.7,38.9,33.4,70.45,73.21
881.21,39.0,37.5,70.45,73.21
881.71,39.0,37.5,70.48,73.21
882.22,39.0,37.5,70.41,73.24
882.73,38.8,37.7,70.41,73.21
883.23,39.0,37.8,70.38,73.17
883.73,39.0,38.5,70.38,73.17
884.24,39.3,37.6,70.41,73.07
884.74,39.0,37.8,70.41,73.17
885.25,39.1,38.4,70.41,73.17
885.75,39.2,37.6,70.41,73.1
886.25,39.2,37.8,70.45,73.1
886.76,38.6,37.7,70.41,73.04
887.26,39.0,37.7,70.41,73.07
887.77,39.2,37.8,70.41,73.07
888.28,39.5,37.8,70.45,72.25
888.78,38.9,38.0,70.45,72.97
889.28,38.8,37.8,70.48,73.04
889.78,39.1,38.1,70.48,72.62
890.3,38.8,37.8,70.51,73.04
890.8,39.0,37.8,70.51,73.07
891.31,39.1,37.6,70.48,72.8
891.81,38.7,37.8,70.51,73.0
892.32,39.1,37.5,70.48,72.97
892.83,39.1,37.7,70.48,73.24
893.32,38.8,37.8,70.58,73.04
893.83,38.9,37.8,70.45,73.04
894.34,39.0,37.9,70.45,72.93
894.85,38.9,37.8,70.41,73.07
895.35,39.1,37.6,70.45,73.04
895.85,39.1,38.0,70.45,73.14
896.36,39.0,38.0,70.41,73.1
896.87,39.1,38.0,70.38,73.1
897.36,39.0,37.9,70.41,73.24
897.87,42.6,38.0,70.38,73.04
898.38,39.1,38.3,70.38,73.1
898.88,39.2,38.0,70.92,73.14
899.38,39.0,37.8,70.24,73.14
899.89,39.1,38.0,70.24,73.14
900.4,39.2,37.6,69.0,73.1
900.9,39.4,37.8,70.18,73.14
901.4,39.1,38.0,70.18,73.24
901.92,39.1,38.0,70.18,73.24
902.41,39.4,37.8,70.28,73.21
902.92,39.1,37.9,70.28,73.28
903.43,39.0,37.8,70.41,73.31
903.93,39.0,38.0,70.41,73.21
904.43,39.1,38.0,70.45,73.21
904.94,39.2,37.9,70.45,73.1
905.44,39.1,38.3,70.51,73.07
905.95,38.9,38.1,70.58,73.04
906.45,39.1,37.6,70.65,73.04
906.97,39.3,38.2,70.68,72.93
907.47,39.2,37.7,70.62,72.97
907.97,39.1,38.1,70.62,72.83
908.48,39.2,38.0,70.65,72.8
908.99,39.2,38.1,70.58,72.76
909.48,39.1,38.2,70.62,72.73
909.99,39.0,28.6,70.55,72.73
910.5,39.1,37.8,70.48,72.76
911.01,39.1,37.9,70.48,72.76
911.5,39.4,34.9,70.48,72.76
912.01,39.2,38.1,70.45,72.83
912.52,39.0,38.0,70.41,72.8
913.03,39.2,38.3,71.7,72.93
913.52,39.0,38.1,70.11,73.0
914.03,39.3,37.8,70.31,73.07
914.54,39.2,37.8,70.28,73.1
915.04,39.2,38.0,70.24,73.1
915.54,39.2,38.1,70.14,73.17
916.06,38.6,38.2,70.11,73.14
916.55,39.3,38.0,70.01,73.35
917.05,39.4,38.3,70.21,73.35
917.57,39.1,38.1,69.87,73.35
918.07,39.2,38.3,70.82,73.35
918.58,39.3,37.6,69.84,73.35
919.07,39.4,37.1,69.77,73.24
919.59,39.3,38.2,69.84,73.24
920.05,39.2,37.7,69.77,73.38
920.6,39.4,37.7,69.81,73.24
921.1,39.2,38.0,69.74,73.21
921.6,39.4,38.2,69.57,73.28
922.11,39.2,38.0,69.7,73.17
922.62,38.8,38.1,69.4,73.28
923.12,39.4,39.8,69.34,73.21
923.63,39.4,37.7,69.3,73.14
924.12,33.9,38.2,69.3,73.14
924.63,39.4,38.2,69.34,73.21
925.14,39.4,38.7,69.3,73.21
925.64,38.9,38.2,69.34,73.17
926.14,39.5,38.2,69.3,73.24
926.65,39.0,38.4,69.0,73.24
927.17,39.2,38.2,69.37,73.28
927.66,39.4,38.0,69.34,73.45
928.16,39.0,38.5,69.4,73.38
928.68,39.2,37.2,69.5,73.48
929.18,39.6,38.2,69.47,73.41
929.69,39.5,38.3,69.54,73.52
930.19,39.3,38.7,69.6,73.62
930.7,39.5,38.2,69.5,73.52
931.21,39.6,38.4,69.4,73.41
931.71,39.5,38.1,69.4,73.48
932.22,39.5,38.5,69.4,73.55
932.72,39.7,38.3,69.37,73.52
933.22,39.7,38.2,69.27,73.38
933.72,39.5,38.2,69.23,73.24
934.23,39.0,38.1,69.13,73.24
934.73,39.6,38.4,69.07,73.28
935.24,39.7,38.4,69.17,73.28
935.75,39.5,38.3,69.47,73.24
936.25,39.8,38.4,69.17,73.1
936.75,39.8,38.3,69.17,73.17
937.26,39.7,38.4,66.01,73.31
937.77,40.4,38.5,69.27,73.31
938.28,39.7,39.2,69.23,73.31
938.78,39.8,38.6,68.93,73.28
939.28,39.1,38.6,69.23,73.17
939.79,39.7,38.3,69.23,73.07
940.29,39.8,38.4,69.44,73.04
940.79,39.5,38.2,69.7,73.0
941.3,39.8,38.3,69.81,72.83
941.81,39.7,38.5,70.08,72.59
942.31,39.8,38.5,70.24,72.35
942.81,39.6,38.3,70.35,72.28
943.29,39.6,38.2,70.31,72.32
943.83,39.8,38.6,70.35,72.28
944.33,39.7,38.3,70.35,72.21
944.84,39.7,38.4,70.41,72.28
945.34,41.0,37.9,70.31,72.28
945.84,39.8,38.3,70.35,72.25
946.35,39.8,38.4,70.24,72.28
946.86,46.6,38.3,70.21,72.39
947.36,39.7,38.5,70.18,72.35
947.86,39.9,38.7,70.08,72.52
948.37,47.1,38.5,69.94,72.56
948.87,39.3,39.0,69.7,72.59
949.38,39.8,38.6,69.87,72.56
949.85,38.7,38.4,69.84,72.62
950.39,39.7,38.6,69.77,72.69
950.9,39.8,38.4,69.77,72.66
951.39,41.3,38.5,69.77,72.69
951.9,39.8,38.1,69.77,72.73
952.41,39.8,38.5,74.14,72.73
952.92,41.6,38.5,69.74,72.73
953.41,40.0,38.4,69.84,72.52
953.92,39.7,38.4,71.33,72.69
954.43,40.8,38.4,69.67,72.66
954.94,39.9,38.6,69.67,72.62
955.45,39.7,38.7,71.87,72.73
955.94,40.6,38.7,69.7,72.73
956.45,39.9,38.7,69.64,72.76
956.96,39.9,38.5,71.67,72.73
957.45,39.3,38.5,69.57,72.69
957.97,39.5,38.6,69.64,72.76
958.47,40.0,38.6,69.1,72.8
958.97,40.7,38.6,69.64,72.76
959.48,39.6,38.5,69.7,72.73
959.99,39.9,38.5,68.87,72.8
960.49,40.1,38.7,69.67,72.59
961.0,39.8,38.4,69.7,72.83
961.5,40.0,38.8,68.03,72.8
962.0,39.7,38.7,69.94,72.76
962.51,39.9,38.7,69.6,72.69
963.02,40.1,38.8,69.77,72.66
963.53,40.0,40.0,69.6,72.73
964.02,40.0,38.7,69.64,72.73
964.52,40.0,38.4,66.67,72.73
965.04,41.6,38.6,69.6,72.8
965.54,39.9,38.7,69.74,72.8
966.04,40.2,38.8,69.57,72.83
966.55,40.2,38.9,69.57,72.83
967.06,40.0,39.2,69.5,72.83
967.55,40.1,38.5,69.3,72.86
968.06,40.1,39.0,69.44,72.86
968.57,40.1,38.6,69.23,72.86
969.07,40.1,38.7,69.5,72.8
969.57,40.3,38.7,69.57,72.69
970.09,40.3,38.7,69.7,72.59
970.59,20.8,38.6,69.47,72.59
971.1,40.3,38.8,69.87,72.66
971.6,39.9,38.9,69.87,72.66
972.11,39.7,38.7,69.94,72.69
972.6,40.1,38.8,69.77,72.69
973.11,40.2,38.8,69.64,72.73
973.62,40.1,39.1,71.06,72.8
974.12,39.3,38.9,69.57,72.86
974.62,40.0,38.8,69.57,72.83
975.13,40.1,38.9,69.4,72.86
975.64,40.8,39.1,69.7,72.83
976.14,40.1,39.5,69.5,72.69
976.66,40.2,38.7,70.45,72.93
977.15,40.1,38.9,69.67,73.0
977.66,40.1,38.7,69.74,72.83
978.17,40.2,38.7,65.29,72.97
978.67,38.8,38.8,70.01,72.86
979.18,40.3,38.7,70.08,72.93
979.68,40.0,38.8,73.48,72.86
980.18,40.2,38.9,69.91,72.97
980.69,39.9,39.1,69.81,72.93
981.2,40.0,39.0,69.47,72.97
981.7,40.3,38.8,69.6,72.93
982.2,40.1,39.0,69.57,73.04
982.71,40.1,38.8,69.57,73.07
983.22,39.6,38.7,69.5,73.28
983.73,40.0,38.9,69.6,73.28
984.22,40.0,38.9,69.54,73.31
984.73,40.3,39.1,69.6,73.24
985.24,39.8,39.2,69.54,73.14
985.74,40.2,38.8,69.5,73.1
986.25,39.9,38.9,69.47,72.97
986.75,40.3,38.6,69.44,72.93
987.25,40.7,38.8,69.44,73.04
987.76,39.7,38.5,69.37,73.07
988.26,40.2,38.8,69.4,73.14
988.76,40.3,38.8,69.27,73.0
989.27,39.9,39.1,69.37,73.14
989.78,40.1,39.0,69.4,72.86
990.29,40.2,38.9,69.47,73.28
990.79,40.2,39.1,69.47,73.1
991.29,40.4,38.9,69.4,73.07
991.8,40.4,39.1,67.63,73.04
992.31,39.3,38.9,69.74,73.1
992.8,40.3,38.9,69.84,73.21
993.31,40.3,39.1,71.06,73.07
993.81,40.1,38.9,69.81,73.38
994.32,40.1,38.9,69.81,73.28
994.83,40.6,38.9,69.91,73.14
995.33,42.1,38.8,69.94,73.17
995.8,40.4,39.2,69.94,73.04
996.35,40.6,39.3,70.04,72.93
996.85,40.4,39.2,70.04,73.07
997.36,40.3,39.0,70.11,72.97
997.86,40.5,39.0,70.08,73.07
998.36,40.5,38.9,70.04,72.69
998.86,40.0,39.2,70.14,72.52
999.37,40.5,39.2,69.94,72.39
999.88,40.6,39.1,69.87,72.42
1000.38,40.5,38.7,69.84,72.45
1000.89,40.4,39.6,69.81,72.8
1001.4,40.4,39.5,69.91,72.62
1001.9,40.5,39.9,69.91,72.76
1002.4,40.3,39.1,70.04,76.36
1002.91,40.2,39.1,70.11,72.83
1003.41,40.3,37.9,70.24,72.83
1003.91,40.4,39.2,70.18,71.84
1004.42,40.6,39.0,70.24,72.97
1004.92,40.5,39.0,70.18,72.97
1005.44,40.4,39.1,70.21,72.97
1005.92,40.2,39.0,70.18,72.86
1006.44,40.4,39.2,70.04,72.66
1006.95,40.3,39.0,70.08,72.49
1007.46,40.9,38.9,70.08,72.39
1007.97,41.5,38.9,70.08,72.39
1008.47,40.4,39.5,70.11,72.52
1008.97,40.4,39.3,70.08,72.52
1009.47,40.5,39.3,70.14,72.56
1009.98,40.5,38.9,70.14,72.45
1010.48,40.7,39.0,70.14,70.18
1010.99,40.4,39.1,70.11,72.42
1011.49,39.9,38.6,70.18,72.35
1012.0,40.6,38.8,70.18,72.28
1012.47,41.1,39.2,70.08,72.25
1013.01,40.5,39.0,70.01,72.32
1013.51,40.6,40.3,69.97,72.32
1014.02,40.6,38.9,69.94,72.32
1014.52,40.3,39.8,70.04,72.52
1015.03,40.5,39.1,69.97,72.45
1015.53,40.7,39.2,70.21,72.42
1016.04,40.5,41.1,70.11,72.35
1016.54,40.5,39.3,70.18,72.42
1017.05,40.4,39.1,70.21,72.52
1017.56,40.5,39.2,70.21,72.52
1018.07,40.5,38.9,70.24,72.62
1018.57,40.3,39.0,70.28,72.59
1019.06,40.3,38.9,70.28,72.52
1019.57,40.3,39.0,70.21,72.35
1020.08,38.9,39.1,70.21,72.28
1020.58,40.5,39.0,70.14,72.28
1021.08,40.6,38.5,70.11,72.15
1021.6,40.5,39.7,69.97,72.18
1022.09,40.3,39.0,69.94,72.21
1022.6,40.9,38.9,69.97,72.18
1023.11,40.8,38.8,70.04,72.15
1023.61,40.3,38.8,70.14,72.08
1024.12,40.0,39.3,70.01,72.11
1024.62,40.3,39.1,70.04,72.15
1025.13,40.8,38.4,70.01,72.25
1025.64,40.6,38.9,69.94,72.08
1026.14,40.5,40.2,69.87,72.08
1026.65,40.8,38.7,69.94,72.08
1027.15,40.6,39.0,69.94,72.11
1027.65,40.7,38.7,70.01,72.01
1028.16,40.7,39.0,70.18,72.01
1028.67,41.7,39.1,70.08,72.01
1029.17,40.6,39.0,70.14,72.04
1029.68,40.7,39.0,70.08,72.04
1030.18,40.3,39.1,70.14,72.08
1030.68,40.8,38.9,70.14,72.11
1031.19,40.4,39.1,70.11,72.11
1031.69,40.4,39.2,70.14,72.08
1032.2,40.6,39.0,70.14,72.08
1032.71,40.3,39.1,70.18,72.18
1033.21,40.8,39.2,70.24,72.18
1033.72,40.8,39.6,70.21,72.21
1034.23,40.4,39.3,70.21,72.18
1034.72,40.6,39.2,70.24,72.25
1035.22,40.7,39.3,70.24,72.49
1035.7,40.9,39.3,70.31,72.28
1036.23,40.3,39.2,70.24,72.28
1036.75,40.2,39.3,70.28,72.32
1037.76,40.3,38.9,70.35,72.39
1038.26,40.7,39.6,70.31,72.42
1038.77,40.7,39.2,70.31,72.35
1039.27,40.7,39.1,70.35,72.35
1039.78,40.9,39.0,70.38,72.39
1040.29,40.8,39.3,70.38,72.39
1040.79,40.9,39.3,70.55,72.49
1041.28,41.0,39.3,70.51,72.52
1041.79,40.8,39.2,70.45,72.56
1042.3,40.9,39.2,70.48,72.59
1042.8,40.8,39.3,70.45,72.66
1043.31,40.9,39.9,70.45,72.66
1043.82,40.7,39.5,70.48,72.62
1044.32,40.9,39.4,70.41,72.59
1044.82,41.0,39.1,70.35,72.49
1045.33,40.9,39.2,70.35,72.35
1045.81,40.8,39.2,70.38,72.39
1046.34,40.5,39.1,70.45,72.49
1046.85,40.6,39.1,70.41,72.45
1047.36,40.5,39.2,70.45,72.32
1047.86,40.5,39.1,70.31,72.32
1048.35,40.8,39.1,70.35,72.32
1048.86,40.2,39.3,70.62,72.28
1049.37,40.4,39.3,70.35,72.28
1049.87,41.5,38.9,70.38,72.25
1050.38,40.8,38.8,70.41,72.32
1050.88,40.7,39.9,70.38,72.42
1051.37,40.6,39.2,70.41,72.49
1051.89,40.8,39.3,70.38,72.56
1052.39,40.8,39.3,70.38,72.49
1052.9,40.8,39.1,70.38,72.49
1053.4,40.4,39.2,70.41,72.45
1053.92,40.6,39.1,70.38,72.42
1054.43,40.7,38.8,70.38,72.42
1054.92,40.8,39.1,70.35,72.42
1055.43,40.7,39.0,70.35,72.45
1055.94,40.5,40.0,70.41,72.45
1056.44,40.4,39.0,70.41,72.52
1056.95,40.5,39.1,70.45,72.52
1057.45,40.8,39.0,70.51,72.52
1058.46,40.8,39.1,70.51,72.39
1058.96,40.6,39.2,70.55,72.42
1059.47,40.6,39.1,70.55,72.42
1059.98,40.5,39.1,70.48,72.39
1060.48,40.8,39.2,70.51,72.42
1060.99,40.7,39.2,70.51,72.39
1061.5,40.2,39.3,70.51,72.39
1061.99,40.8,39.2,70.58,72.42
1062.49,41.5,38.7,70.48,72.45
1063.0,40.7,38.7,70.55,72.45
1063.51,40.5,40.3,70.55,72.42
1064.01,40.6,38.9,70.55,72.42
1064.52,40.4,38.9,70.55,72.49
1065.03,40.7,39.0,70.55,72.45
1065.53,40.7,38.9,70.65,72.39
1066.04,40.4,38.9,70.62,72.45
1066.54,40.7,39.0,70.55,72.42
1067.05,40.7,39.0,70.58,72.56
1067.56,40.4,38.9,70.58,72.66
1068.05,40.5,38.4,70.62,72.66
1068.56,40.4,39.0,70.65,72.59
1069.06,40.4,39.0,70.62,72.49
1069.57,40.5,39.0,70.58,72.52
1070.07,40.5,38.9,70.62,72.45
1070.58,17.5,38.9,70.55,72.39
1071.09,40.4,39.1,70.51,72.35
1071.59,40.5,40.4,70.72,72.25
1072.1,40.4,39.2,70.35,72.15
1072.61,40.8,39.0,70.24,72.18
1073.11,40.7,38.9,70.31,72.25
1073.6,40.6,39.0,70.38,72.32
1074.11,40.0,39.1,70.41,72.35
1074.62,40.6,38.9,70.51,72.49
1075.12,40.6,38.5,70.45,72.45
1075.63,40.7,39.0,70.35,72.45
1076.13,40.4,39.9,70.31,72.42
1076.64,40.4,38.8,70.38,72.42
1077.15,40.6,38.7,70.38,72.49
1077.65,40.5,38.7,70.41,72.39
1078.16,40.5,39.1,70.48,72.56
1078.66,40.5,38.8,70.41,72.28
1079.16,40.5,39.1,70.48,72.28
1079.66,40.6,38.9,70.51,72.32
1080.17,40.6,39.0,70.58,72.35
1080.68,40.5,38.9,70.55,72.32
1081.18,40.4,39.0,70.51,72.28
1081.68,40.5,39.0,70.51,72.25
1082.19,40.6,38.7,70.55,72.18
1082.69,40.2,38.8,70.48,72.21
1083.2,40.5,38.8,70.48,72.25
1083.71,40.2,38.8,70.51,72.18
1084.22,40.3,38.6,70.58,72.25
1084.72,40.2,39.0,70.58,72.35
1085.22,40.4,39.0,70.62,72.56
1085.7,40.3,38.8,70.62,72.35
1086.23,39.6,39.0,70.62,72.45
1086.74,40.5,38.8,70.58,72.42
1087.25,39.8,38.7,70.51,72.42
1087.75,40.4,38.6,70.45,72.42
1088.26,40.3,38.9,70.38,72.39
1088.75,40.5,38.9,70.31,72.42
1089.26,40.4,38.6,70.24,72.45
1089.76,40.3,38.4,70.31,72.45
1090.27,40.4,38.8,70.28,72.35
1090.77,40.4,38.5,70.68,72.52
1091.29,40.5,38.6,70.55,72.39
1091.78,40.3,38.7,70.55,72.42
1092.29,40.4,38.8,70.55,72.35
1092.78,40.5,38.9,70.51,72.25
1093.3,40.3,38.8,70.51,72.18
1093.81,40.4,38.6,70.45,72.11
1094.31,40.3,38.6,70.48,72.08
1094.82,40.6,38.8,70.48,72.04
1095.33,40.5,38.6,70.51,72.04
1095.83,40.2,39.1,70.51,72.04
1096.34,40.3,38.6,70.51,72.11
1096.85,40.3,38.8,70.51,72.21
1097.34,40.4,38.7,70.55,72.18
1097.84,40.4,38.8,70.55,72.21
1098.35,40.1,38.9,70.41,72.21
1098.85,40.1,39.0,71.02,72.15
1099.36,40.0,38.8,70.58,72.11
1099.88,40.3,38.8,70.55,72.18
1100.37,40.3,38.7,70.51,72.21
1100.88,40.4,39.3,70.45,72.25
1101.38,40.4,38.8,70.45,72.25
1101.88,40.1,38.7,70.38,72.21
1102.36,40.1,38.6,70.41,72.11
1102.89,40.1,38.7,70.45,72.21
1103.4,40.1,38.7,70.51,72.21
1103.91,40.2,38.7,70.51,72.18
1104.41,40.3,38.7,70.51,72.21
1104.92,39.9,38.6,70.48,72.18
1105.42,40.4,38.5,70.48,72.28
1105.93,40.3,38.6,70.48,72.32
1106.44,40.3,38.8,70.38,72.35
1106.94,40.4,38.6,70.35,72.45
1107.44,40.5,38.5,70.21,72.39
1107.95,40.7,38.6,70.48,72.35
1108.45,40.0,38.8,70.55,72.35
1108.92,40.2,38.8,70.58,72.32
1109.46,40.2,38.6,70.51,72.35
1109.97,40.2,38.6,70.48,72.32
1110.47,39.8,38.6,70.28,72.32
1110.98,40.1,38.5,70.41,72.25
1111.49,40.3,38.5,70.41,72.28
1111.99,40.1,38.6,70.38,72.28
1112.5,41.6,37.8,70.38,72.39
1113.01,39.8,38.5,70.41,72.25
1113.5,40.3,38.7,70.45,72.21
1114.01,40.0,38.3,70.45,72.25
1114.51,40.3,38.6,70.41,72.35
1115.02,40.0,38.5,70.38,72.66
1115.53,40.0,38.7,70.31,72.52
1116.03,40.1,38.7,70.28,72.59
1116.54,40.2,38.5,70.21,72.62
1117.04,39.9,38.6,70.21,72.66
1117.54,40.0,38.4,70.21,72.66
1118.05,40.3,38.6,70.18,72.62
1118.56,40.3,38.6,70.18,72.59
1119.06,40.1,38.4,70.11,72.49
1119.57,40.1,38.2,70.14,72.49
1119.71,40.2,38.3,70.55,72.45
1180.5,40.8,38.6,70.28,72.32
1181.02,40.2,38.5,70.51,72.35
1181.51,40.1,39.7,70.51,72.18
1182.02,39.9,38.6,70.55,72.11
1182.53,40.0,38.6,70.55,72.08
1183.03,40.0,38.8,70.55,72.04
1183.54,39.9,38.5,70.45,72.08
1184.05,40.1,38.4,70.31,72.08
1184.55,40.7,38.4,70.35,72.04
1185.06,40.3,38.2,70.28,72.08
1185.56,40.2,38.7,70.28,72.21
1186.06,38.8,39.6,70.35,72.18
1186.56,40.0,38.7,70.41,72.21
1187.07,40.1,38.3,70.41,72.21
1187.58,40.0,38.7,70.35,72.25
1188.08,40.2,38.4,70.31,72.28
1188.59,40.1,38.5,70.31,72.18
1189.1,40.0,38.5,70.21,72.18
1189.6,40.3,38.4,70.24,72.28
1189.7,40.1,38.7,70.24,72.32
1189.7,40.1,38.3,70.18,72.39
1189.7,40.1,38.6,70.21,72.35
1189.7,40.1,38.6,70.28,72.35
1189.7,40.3,38.6,70.35,72.32
1189.7,40.0,38.5,70.35,72.21
1189.7,39.9,38.6,70.55,72.25
1189.7,40.2,38.5,70.65,72.28
1189.7,40.2,38.3,70.41,72.35
1189.7,40.0,38.6,70.41,72.35
1189.7,40.1,38.7,70.38,72.45
1189.7,40.1,38.6,70.35,72.45
1189.7,39.7,38.6,70.24,72.49
1189.7,40.0,38.6,70.24,72.49
1189.7,39.9,38.6,70.21,72.56
1189.7,40.1,38.6,70.18,72.69
1189.7,39.8,39.2,70.18,72.66
1189.7,39.9,38.7,70.18,72.69
1189.7,39.7,38.4,70.08,72.62
1189.7,39.9,38.3,70.11,72.66
1189.7,39.9,36.9,70.08,72.59
1189.7,39.8,38.3,70.08,72.49
1189.7,40.0,38.5,70.14,72.42
1189.7,39.8,38.3,70.11,72.32
1246.12,40.0,38.4,70.14,72.28
1246.63,40.0,38.4,70.14,72.25
1247.13,40.1,38.3,70.18,72.25
1247.64,39.7,38.6,70.18,72.28
1248.15,39.9,38.3,70.18,72.28
1248.65,39.8,38.4,70.18,72.28
1249.15,40.1,38.7,70.18,72.35
1249.66,40.2,38.6,70.11,72.45
1250.16,39.9,38.6,70.11,72.42
1250.67,40.0,38.4,70.11,72.42
1251.18,39.9,38.5,70.04,72.42
1251.68,40.2,38.5,70.04,72.42
1252.19,39.9,38.6,70.11,72.42
1252.68,40.1,38.5,70.04,72.45
1252.68,39.8,38.7,70.01,72.49
1252.68,40.0,38.5,70.08,72.45
1252.68,40.1,38.8,70.01,72.45
1252.68,39.9,39.1,70.08,72.49
1252.68,39.9,38.6,70.01,72.45
1252.68,40.0,38.6,70.04,72.45
1252.68,40.2,38.7,70.01,72.49
1252.68,40.1,38.6,70.08,72.45
1252.68,40.0,38.7,70.14,72.45
1252.68,39.9,38.5,70.04,72.45
1252.68,40.0,38.4,70.04,72.42
1252.68,40.0,38.6,70.04,72.45
1252.68,39.9,38.8,70.04,72.45
1252.68,40.1,38.5,70.04,72.39
1252.68,39.9,38.5,70.01,72.32
1252.68,40.0,38.4,69.97,72.35
1252.68,39.9,38.7,70.01,72.32
1252.68,40.0,38.6,70.08,72.32
1252.68,40.0,38.7,70.08,72.32
1252.68,39.8,38.6,70.08,72.32
1252.68,39.9,38.3,70.18,72.32
1252.68,40.0,38.5,70.11,72.35
1252.68,39.9,38.7,70.01,72.35
1252.68,40.1,38.6,70.14,72.39
1252.68,39.2,38.6,70.11,72.42
1252.68,40.0,38.5,70.11,72.39
1252.68,39.9,38.7,70.08,72.35
1252.68,40.1,38.9,70.14,72.35
1252.68,39.9,38.8,70.11,72.28
1252.68,40.1,38.8,70.11,72.25
1252.68,40.0,38.5,70.08,72.32
1252.68,40.0,38.7,70.01,72.28
1252.68,40.0,38.7,70.04,72.25
1252.68,40.1,38.5,70.04,72.15
1252.68,40.0,38.6,69.97,72.15
1252.68,39.9,38.5,69.94,72.08
1252.68,40.0,38.7,69.94,72.08
1252.68,39.9,37.6,69.97,72.08
1252.68,39.9,38.7,69.97,72.04
1252.68,39.8,38.8,69.97,72.11
1252.68,39.9,38.6,69.94,72.11
1252.68,39.9,38.5,70.08,72.18
1252.68,39.7,38.7,70.11,72.25
1252.68,40.0,38.7,70.18,72.35
1252.68,39.8,38.7,70.24,72.32
1252.68,40.0,38.5,70.24,72.35
1252.68,40.1,38.7,70.31,72.32
1252.68,40.0,38.7,70.28,72.32
1252.68,39.9,38.4,70.28,72.32
1252.68,39.8,38.6,70.24,72.25
1252.68,39.8,38.7,70.24,72.18
1252.68,39.9,38.7,70.24,72.18
1252.68,39.8,38.6,70.21,72.15
1252.68,39.9,38.7,70.24,72.11
1252.68,39.9,38.6,70.21,72.21
1252.68,39.7,39.0,70.24,72.32
1252.68,39.8,38.6,70.31,72.35
1252.68,39.9,38.6,70.45,72.39
1252.68,39.8,38.6,70.14,72.59
1252.68,40.0,38.4,70.45,72.66
1252.68,40.0,38.5,70.45,72.73
1252.68,39.8,38.6,70.38,72.69
1252.68,39.8,37.5,70.38,72.8
1252.68,40.0,38.7,70.38,72.83
1252.68,39.8,38.5,70.38,72.86
1252.68,39.8,38.6,70.41,72.86
1252.68,39.9,38.5,70.38,72.76
1252.68,39.8,38.5,70.38,72.69
1252.68,39.8,38.5,70.38,72.59
1252.68,39.8,38.6,70.38,72.56
1252.68,39.9,38.5,70.38,72.42
1252.68,39.8,38.6,70.41,72.45
1252.68,39.8,38.4,70.35,72.49
1252.68,39.8,38.5,70.38,72.49
1252.68,39.8,39.1,70.51,72.42
1252.68,40.0,38.5,70.48,72.42
1252.68,39.8,38.4,70.51,72.52
1252.68,40.1,38.5,70.45,72.56
1252.68,40.0,38.8,70.45,72.56
1252.68,39.9,38.6,70.38,72.59
1252.68,39.8,38.5,70.28,72.59
1252.68,39.9,38.7,70.31,72.56
1252.68,39.8,38.7,70.21,72.59
1252.68,39.7,38.7,70.28,72.52
1252.68,39.9,38.5,70.21,72.35
1252.68,39.7,38.5,70.24,72.49
1252.68,39.8,38.5,70.28,72.45
1252.68,39.9,38.6,70.24,72.42
1252.68,39.9,38.6,70.24,72.45
1252.68,39.9,38.4,70.21,72.39
1252.68,39.9,38.5,70.28,72.39
1252.68,39.9,38.8,70.24,72.52
1252.68,40.0,38.5,70.35,72.32
1252.68,39.7,38.5,70.38,72.25
1252.68,40.0,38.6,70.41,72.21
1252.68,39.9,38.6,70.45,72.15
1252.68,39.9,38.4,70.45,72.08
1252.68,39.8,38.6,70.45,72.15
1252.68,39.7,38.5,70.45,72.11
1252.68,39.8,38.6,70.48,72.08
1252.68,39.7,38.6,70.48,72.08
1252.68,40.8,38.7,70.51,72.08
1252.68,39.7,39.4,70.62,72.01
1252.68,39.6,38.7,70.55,72.04
1252.68,39.9,38.6,70.48,72.01
1252.68,39.7,38.6,70.45,72.01
1252.68,39.8,38.6,70.38,71.98
1252.68,39.5,38.7,70.38,71.98
1252.68,39.9,38.2,70.38,71.98
1252.68,39.7,38.6,70.41,72.04
1252.68,39.7,38.6,70.38,71.98
1252.68,39.8,38.6,70.48,72.01
1252.68,39.8,38.6,70.48,72.01
1252.68,39.7,38.7,70.45,71.98
1252.68,39.9,38.3,70.38,72.08
1252.68,39.8,38.8,70.41,72.01
1252.68,39.9,38.5,70.38,72.01
1252.68,39.7,38.7,70.35,72.01
1252.68,39.9,38.7,70.31,72.11
1252.68,39.8,38.5,70.31,72.08
1252.68,39.7,38.7,70.31,72.04
1252.68,39.8,38.4,70.24,72.08
1252.68,39.6,38.7,70.35,72.11
1252.68,39.6,38.8,70.35,72.11
1252.68,39.9,38.8,70.31,72.08
1252.68,38.3,38.7,70.51,72.11
1252.68,39.9,38.5,70.38,72.18
1252.68,39.7,38.5,70.41,72.21
1252.68,39.8,38.9,70.48,72.32
1252.68,39.9,38.5,70.48,72.25
1252.68,39.9,38.6,70.41,72.32
1252.68,39.7,38.8,70.41,72.28
1252.68,39.7,38.8,70.41,72.01
1252.68,39.9,38.5,70.35,72.25
1252.68,39.7,38.7,70.35,72.25
1252.68,39.8,38.7,70.38,72.21
1252.68,39.6,38.6,70.35,72.21
1252.68,39.7,38.7,70.38,72.28
1252.68,39.9,38.8,70.35,72.28
1252.68,39.9,38.7,70.41,72.28
1252.68,39.9,38.8,70.38,72.21
1252.68,39.6,38.6,70.41,72.28
1252.68,39.8,38.5,70.38,72.18
1252.68,39.7,38.6,70.35,72.15
1252.68,39.8,38.9,70.35,72.15
1252.68,39.3,38.7,70.31,72.21
1252.68,39.9,38.7,70.28,72.39
1252.68,39.8,38.5,70.31,72.35
1252.68,39.8,38.6,70.41,72.49
1252.68,39.8,38.7,70.24,72.52
1252.68,39.7,38.6,70.28,72.56
1252.68,39.8,38.8,70.21,72.49
1252.68,39.7,38.7,70.24,72.56
1252.68,40.0,38.6,70.21,72.56
1252.68,40.4,38.9,70.14,72.56
1252.68,39.9,38.6,70.18,72.52
1252.68,39.7,38.4,70.14,72.45
1252.68,39.8,38.9,70.18,72.52
1252.68,39.7,38.8,70.18,72.52
1252.68,39.7,38.9,70.11,72.49
1252.68,39.7,38.9,70.14,72.52
1252.68,39.8,38.8,70.11,72.56
1252.68,39.8,38.8,70.11,72.56
1252.68,39.7,38.8,70.14,72.62
1252.68,39.8,38.8,70.14,72.59
1252.68,41.8,38.9,70.18,72.56
1252.68,39.6,38.8,70.18,72.59
1252.68,39.8,38.7,70.14,72.56
1252.68,39.3,38.7,70.14,72.56
1252.68,39.6,38.9,70.11,72.52
1252.68,39.8,38.8,70.11,72.52
1252.68,39.9,38.8,70.11,72.56
1252.68,39.7,38.9,70.08,72.52
1252.68,39.9,38.7,70.08,72.52
1252.68,39.8,38.9,70.14,72.49
1252.68,39.8,38.9,70.18,72.45
1252.68,39.9,38.6,70.11,72.45
1252.68,39.8,38.9,70.18,72.45
1252.68,39.8,38.7,70.18,72.45
1252.68,39.7,38.8,70.24,72.45
1252.68,39.8,38.8,70.21,72.42
1252.68,39.7,38.6,70.14,72.42
1252.68,39.8,38.6,70.21,72.39
1252.68,39.8,38.6,70.21,72.35
1252.68,39.7,38.8,70.18,72.35
1252.68,39.7,38.9,70.18,72.28
1252.68,39.9,38.6,70.21,72.25
1252.68,39.6,38.8,70.28,72.28
1252.68,39.7,38.8,70.24,72.25
1252.68,40.0,38.9,70.24,72.25
1252.68,39.8,38.6,70.35,72.28
1252.68,39.8,38.9,70.28,72.32
1252.68,40.5,38.8,70.38,72.11
1252.68,39.8,38.9,70.45,72.28
1252.68,39.7,39.0,70.38,72.28
1252.68,39.8,38.7,70.41,72.28
1252.68,39.7,39.0,70.31,72.25
1252.68,39.9,39.0,70.24,72.28
1252.68,39.7,38.9,70.28,72.21
1252.68,39.6,38.8,70.31,72.25
1252.68,39.8,39.0,70.35,72.25
1252.68,39.7,38.9,70.35,72.21
1252.68,39.8,38.8,70.38,72.15
1252.68,39.9,38.8,70.48,72.18
1252.68,39.8,38.9,70.48,72.11
1252.68,39.9,39.1,70.58,72.11
1252.68,39.8,38.7,70.48,72.08
1252.68,39.9,38.8,70.45,72.04
1252.68,40.0,38.7,70.41,72.01
1252.68,39.8,38.7,70.55,72.01
1252.68,39.6,39.0,70.58,71.91
1252.68,39.7,38.9,70.58,71.94
1252.68,39.8,38.7,70.68,71.84
1252.68,39.8,38.5,70.75,71.87
1252.68,39.9,38.9,70.79,71.87
1252.68,39.9,38.9,70.82,71.91
1252.68,39.8,39.0,70.89,71.98
1252.68,39.7,38.9,70.82,72.01
1252.68,39.9,38.8,70.85,72.01
1252.68,39.7,38.9,70.82,72.04
1252.68,39.8,38.8,70.75,72.01
1252.68,39.9,38.8,70.85,72.08
1252.68,39.9,38.7,70.89,72.11
1252.68,39.7,38.9,70.92,72.08
1252.68,39.7,38.8,70.85,72.01
1252.68,39.7,38.8,70.79,72.01
1252.68,39.8,38.9,70.85,72.01
1252.68,39.7,38.9,70.79,72.01
1252.68,39.6,38.8,70.75,71.98
1252.68,39.6,38.9,70.79,71.98
1252.68,40.0,39.0,70.72,72.01
1252.68,39.8,38.8,70.68,72.11
1252.68,39.8,38.8,70.65,72.11
1252.68,39.7,38.7,70.62,72.08
1252.68,39.8,38.8,70.58,72.11
1252.68,40.0,39.0,70.51,72.08
1252.68,39.6,38.8,70.45,72.04
1252.68,39.7,38.8,70.51,72.08
1252.68,39.7,39.7,70.58,72.04
1252.68,39.8,38.8,70.58,72.32
1252.68,39.9,39.1,70.62,72.11
1252.68,39.7,39.0,70.58,72.15
1252.68,39.9,38.8,70.72,72.21
1252.68,39.8,38.9,70.68,72.15
1252.68,39.7,38.8,70.72,72.18
1252.68,39.7,38.7,70.65,72.21
1252.68,39.5,38.8,70.65,72.21
1252.68,39.9,38.9,70.65,72.18
1252.68,39.7,38.9,70.55,72.21
1252.68,39.8,38.9,70.55,72.21
1252.68,39.7,39.0,70.58,72.18
1252.68,39.8,39.0,70.55,72.18
1252.68,39.8,38.9,70.51,72.18
1252.68,39.7,38.8,70.51,72.28
1252.68,39.8,38.8,70.48,72.32
1252.68,39.8,39.0,70.45,72.28
1252.68,39.7,39.0,70.48,72.39
1252.68,39.6,38.8,70.55,72.35
1252.68,39.9,37.1,70.62,72.39
1252.68,39.9,38.9,70.55,72.39
1252.68,39.6,39.0,70.58,72.39
1252.68,39.6,38.5,70.62,72.35
1252.68,39.7,38.8,70.62,72.32
1252.68,39.6,38.9,70.62,72.32
1252.68,39.9,38.8,70.65,72.32
1252.68,39.8,38.8,70.65,72.35
1252.68,39.7,38.7,70.65,72.35
1252.68,39.8,39.1,70.72,72.39
1252.68,39.8,38.8,70.58,72.35
1252.68,39.7,39.0,70.58,72.32
1252.68,39.8,38.9,70.55,72.35
1252.68,39.6,38.6,70.55,72.35
1252.68,39.6,38.9,70.55,72.32
1252.68,39.7,39.1,70.55,72.32
1252.68,39.8,39.1,70.45,72.28
1252.68,39.8,38.9,70.48,72.25
1252.68,39.8,39.0,70.48,72.35
1252.68,39.9,38.8,70.45,72.25
1252.68,39.8,39.1,70.48,72.25
1252.68,39.7,38.8,70.48,72.18
1252.68,39.9,38.9,70.51,72.18
1252.68,39.5,38.9,70.55,72.18
1252.68,39.8,39.0,70.51,72.15
1252.68,39.7,39.0,70.51,72.15
1252.68,39.7,39.1,70.51,72.32
1252.68,39.9,39.1,70.48,72.11
1252.68,39.8,38.1,70.45,72.15
1252.68,40.0,38.9,70.41,72.11
1252.68,39.8,38.8,70.41,72.15
1252.68,39.8,38.9,70.45,72.15
1252.68,39.9,39.0,70.35,72.15
1252.68,39.7,38.9,70.35,72.18
1252.68,39.9,38.8,70.41,72.15
1252.68,39.8,38.8,70.38,72.18
1252.68,39.8,38.8,70.35,72.21
1252.68,39.9,39.0,70.45,72.21
1252.68,39.7,39.0,70.51,72.18
1252.68,39.8,39.0,70.51,72.21
1252.68,39.8,39.1,70.41,72.18
1252.68,39.8,38.9,70.55,72.18
1252.68,39.7,39.0,70.51,72.21
1252.68,39.8,39.0,70.48,72.18
1252.68,39.7,38.9,70.48,72.21
1252.68,39.9,38.9,70.51,72.21
1252.68,39.9,38.9,70.48,72.18
1252.68,39.7,38.7,70.55,72.25
1252.68,39.7,38.9,70.55,72.25
1252.68,39.7,39.1,70.55,72.21
1252.68,39.9,39.0,70.55,72.21
1252.68,39.9,38.9,70.55,72.21
1252.68,39.7,38.9,70.48,72.21
1252.68,39.7,39.0,70.51,72.21
1252.68,39.8,39.8,70.48,72.25
1252.68,39.8,39.0,70.51,72.21
1252.68,39.9,39.0,70.45,72.11
1252.68,39.8,38.9,70.58,72.08
1252.68,39.7,38.9,70.48,72.21
1252.68,39.8,39.0,70.55,72.18
1252.68,39.7,39.1,70.55,72.18
1252.68,39.7,39.0,70.41,72.21
1252.68,39.9,38.9,70.62,72.18
1252.68,39.8,38.9,70.55,72.21
1252.68,39.9,39.1,70.58,72.21
1252.68,39.8,38.9,70.58,72.21
1252.68,39.8,38.8,70.51,72.18
1252.68,39.7,39.1,70.55,72.15
1252.68,39.3,38.3,70.58,72.11
1252.68,39.7,38.6,70.55,72.11
1252.68,39.8,39.2,70.51,72.04
1252.68,39.7,39.2,70.58,72.01
1252.68,39.6,38.9,70.45,72.04
1252.68,39.7,39.1,70.51,71.98
1252.68,39.5,39.1,70.51,71.98
1252.68,39.8,39.2,70.51,71.98
1252.68,39.8,39.2,70.55,71.98
1252.68,39.9,39.2,70.55,71.91
1252.68,39.9,39.0,70.45,71.84
1252.68,39.8,39.0,70.51,71.77
1252.68,39.8,39.0,70.48,71.87
1252.68,39.7,39.1,70.48,71.77
1252.68,39.9,39.1,70.38,71.84
1252.68,40.1,39.1,70.41,71.84
1252.68,39.7,39.1,70.41,71.77
1252.68,39.6,39.0,70.41,71.74
1252.68,39.8,38.9,70.45,71.7
1252.68,39.8,39.0,70.35,71.67
1252.68,39.6,39.1,70.28,71.7
1252.68,39.6,39.0,70.35,71.63
