1,0
2,0
3,0
4,0
5,0
6,0
7,0
8,0
9,0
10,0
11,0
12,0
13,0
14,0
15,0
16,0
17,0
18,0
19,0
20,0
21,0
22,0
23,0
24,0
25,0
26,0
27,0
28,0
29,0
30,0
31,0
32,0
33,0
34,0
35,0
36,0
37,0
38,0
39,0
40,0
41,0
42,0
43,0
44,0
45,0
46,0
47,0
48,0
49,0
49.03,284.61
49.17,0
49.32,663.698
49.41,900.733
49.52,758.512
49.63,1943.687
49.78,0
49.89,7154.682
50.09,5401.548
50.23,6112.278
50.37,0
50.52,8959.046
50.74,10835.286
50.84,11914.124
50.96,12242.466
51.15,0
51.28,14169.44
51.38,13936.39
51.5,14402.49
51.66,0
51.78,14964.912
51.96,16350.552
52.06,16581.492
52.12,15519.168
52.29,0
52.45,16350.724
52.58,16488.511
52.71,17866.381
52.95,0
53.05,16190.19
53.21,14909.61
53.36,14589.465
53.45,15504.165
53.57,16739.01
53.7,16190.19
53.84,16418.865
53.98,17562.24
54.07,14132.115
54.25,0
54.35,15729.744
54.5,8733.666
54.6,2835.012
54.75,0
54.91,684.915
55,410.949
55.16,456.61
55.27,547.932
55.35,0
55.54,706.425
55.66,282.57
55.75,282.57
55.86,235.475
55.96,0
56.08,424.728
56.23,471.92
56.32,566.304
56.47,283.152
56.63,566.304
56.74,424.728
56.91,566.304
57,283.152
57.14,0
57.28,47.197
57.4,0
57.5,283.182
57.66,0
57.84,0
57.94,94.414
58.03,188.828
58.15,283.242
58.28,0
58.44,519.365
58.56,1227.59
58.64,188.86
58.8,1369.235
58.92,0
59.12,4198.575
59.23,4764.675
59.33,4764.675
59.42,0
59.57,1688.292
59.69,3939.348
59.83,8019.387
59.93,7691.108
60.06,7550.417
60.18,0
60.29,4657.851
60.41,5457.684
60.55,5363.586
60.71,7104.399
60.84,0
60.94,6594.006
61.06,6126.346
61.2,6126.346
61.35,5565.154
61.45,0
61.57,3772.737
61.73,5076.893
61.84,6707.088
61.95,5170.047
62.08,0
62.2,8408.174
62.4,7014.554
62.52,6921.646
62.63,3484.05
62.74,1021.988
62.85,278.724
62.99,650.356
63.1,4598.946
63.21,0
63.34,3588.872
63.46,5713.862
63.62,5147.198
63.73,4533.312
63.85,0
63.93,515.856
64.05,281.376
64.17,891.024
64.32,0
64.57,0
64.74,1593.546
64.86,656.166
64.99,2390.319
65.11,0
65.27,8890.668
65.37,5539.212
65.47,7028.748
65.63,6563.268
65.78,0
65.9,7699.578
66.13,5612.343
66.24,0
66.49,6320.192
66.59,5994.888
66.72,7156.688
66.83,0
66.96,10271.1
67.1,9895.9
67.2,8864.1
67.3,5581.1
67.43,0
67.6,0
67.75,10668.504
67.84,11268.896
67.95,9744.824
68.1,0
68.24,11753.85
68.34,11753.85
68.49,11291.1
68.66,15548.4
68.79,0
68.93,32172.395
69.02,27491.105
69.17,23360.555
69.26,26894.47
69.39,0
69.49,25167.19
69.62,24277.89
69.71,28635.46
69.95,26278.815
70.13,0
70.24,2094.461
70.31,2673.78
70.43,713.008
70.71,0
70.77,316.456
70.9,316.456
71.03,542.496
71.13,316.456
71.25,0
71.37,704.34
71.54,516.516
71.64,93.912
71.85,0
72.01,10905.804
72.2,6105.386
72.32,1351.574
72.42,5406.296
72.57,10439.744
72.69,14494.466
72.84,11698.106
72.95,9973.684
73.08,0
73.21,1432.293
73.31,3881.052
73.4,6422.217
73.59,14138.118
73.7,0
73.91,16549.541
74.08,15489.264
74.17,15719.759
74.29,0
74.46,16571.1
74.55,17481.6
75.6,15888.225
76.05,19530.225
76.84,0
77.05,0
77.09,1388.22
77.19,2730.166
77.28,0
77.37,11017.656
77.55,9228.464
77.65,4190.476
77.76,2165.864
77.88,0
78,2348.601
78.14,3776.182
78.29,1703.887
78.42,0
78.67,6090.19
78.78,3300.79
78.93,4695.49
79.05,0
79.2,1118.76
79.31,1631.525
79.59,559.38
79.85,279.69
79.96,932.3
80.07,932.3
80.21,0
80.34,234.8
80.5,281.76
80.68,751.36
80.78,0
80.92,563.712
81.03,0
81.17,516.736
81.24,328.832
81.39,0
81.51,187.94
81.66,187.94
81.75,187.94
81.87,93.97
82.02,0
82.12,1127.904
82.24,6767.424
82.38,15320.696
82.52,1362.884
82.65,0
82.72,751.152
82.86,422.523
82.99,10516.128
83.16,14365.782
83.26,0
83.36,8515.688
83.52,9927.128
83.62,11009.232
83.72,10773.992
83.9,0
84.01,14218.635
84.1,14540.74
84.22,0
84.34,1610.525
84.51,0
84.58,1094.928
84.7,4060.358
84.83,8257.582
84.94,14325.308
85.08,0
85.22,11869.928
85.33,12337.248
85.46,18178.748
85.69,0
85.83,18760.042
85.94,22364.188
86.09,29988.343
86.18,34378.008
86.31,0
86.42,22802.976
86.58,25608.104
86.68,25608.104
86.8,30132.504
86.93,29815.796
87.07,0
87.19,30961.637
87.34,32977.952
87.47,34680.618
87.58,0
87.68,33080.048
87.8,33300.288
87.95,31230.032
88.07,34974.112
88.16,32771.712
88.34,0
88.44,27854.655
88.55,34372.905
88.62,34807.455
88.79,0
88.91,2876.808
89.05,6320.26
89.15,305.116
89.23,958.936
89.4,958.936
89.59,0
89.68,1144.225
89.78,1373.07
89.91,915.38
90.06,0
90.2,700.17
90.29,700.17
90.42,280.068
90.54,93.356
90.69,0
90.87,93.354
90.97,280.062
91.07,93.354
91.2,0
91.32,280.026
91.46,653.394
91.58,793.407
91.74,700.065
91.84,0
91.97,186.808
92.1,9854.122
92.24,10788.162
92.37,2381.802
92.49,0
92.57,20694.84
92.71,9741.49
92.87,9135.56
93.02,0
93.11,15375.006
93.24,12653.766
93.38,14467.926
93.55,10703.544
93.65,0
93.81,13553.969
93.91,16047.174
94.03,17860.414
94.19,13100.659
94.29,0
94.46,17595.637
94.58,12710.473
94.73,14203.162
94.87,16690.977
94.97,0
95.15,24032.529
95.25,25616.594
95.36,34442.099
95.48,38062.819
95.74,0
95.86,46630.148
95.99,40273.512
96.09,41962.688
96.27,0
96.36,49651.56
96.52,46095.84
96.6,71714.16
96.72,65588.04
96.83,0
96.95,47795.275
97.07,32015.775
97.2,4609.275
97.34,5979.6
97.45,0
97.53,39107.341
97.66,27239.149
97.75,20233.619
97.85,26332.551
98,12733.581
98.15,0
98.22,598.402
98.37,427.43
98.55,1923.435
98.69,0
98.85,1152.425
98.9,322.679
99.06,1797.783
99.19,968.037
99.29,0
99.42,743.456
99.51,789.922
99.62,1626.31
99.78,92.932
99.91,0
100.03,743.504
100.15,232.345
100.24,557.628
100.39,325.283
100.65,0
100.77,930.02
100.88,744.016
101.03,0
101.16,93.092
101.3,46.546
101.4,418.914
101.55,4375.324
101.65,0
101.75,186.112
101.92,5862.528
102.02,558.336
102.16,8654.208
102.27,0
102.39,2141.484
102.52,7867.626
102.68,8426.274
102.8,0
102.92,0
103.07,557.304
103.2,882.398
103.32,557.304
103.45,417.978
103.56,2275.658
103.69,12028.478
103.82,15047.208
103.96,10728.102
104.11,0
104.23,9565.816
104.33,7383.324
104.41,6315.296
104.56,3900.624
104.68,0
104.84,2694.589
104.92,5982.901
105.03,8860.174
105.27,0
105.43,13238.654
105.55,1666.404
105.64,1157.225
105.78,1203.514
105.88,0
105.99,635.222
106.15,181.492
106.25,408.357
106.33,725.968
106.74,0
106.87,7628.788
106.96,1814.163
107.14,0
107.27,8311.686
107.37,9101.064
107.54,9704.706
107.65,0
107.82,8774.731
107.91,1424.171
108.04,3261.811
108.13,1194.466
108.3,0
108.39,3722.841
108.54,4090.529
108.68,8548.746
108.8,7169.916
108.96,0
109.06,6770.75
109.16,12243
109.29,9553.25
109.4,5750.5
109.56,0
109.67,11081.18
109.8,11678.92
109.89,10299.52
110.02,10759.32
110.17,0
110.33,18901.998
110.46,17760.573
110.61,18080.172
110.7,16847.433
110.83,0
110.98,32023.244
111.13,30475.159
111.27,31359.779
111.35,30475.159
111.49,29457.846
111.58,34677.104
111.7,30475.159
111.83,32244.399
111.95,26494.369
112.08,0
112.17,22320.991
112.25,14720.497
112.39,1965.645
112.53,1354.111
112.63,0
112.76,654.96
112.87,1528.24
113.02,873.28
113.3,0
113.45,743.568
113.56,92.946
113.67,278.838
113.8,0
113.97,1722.757
114.06,325.927
114.19,0
114.3,698.415
114.58,0
114.73,4236.778
114.84,3678.082
114.94,4609.242
115.08,0
115.22,14268.68
115.32,11194.72
115.48,12800.52
115.62,0
115.84,0
115.95,12957.5
116.08,15923.125
116.19,16926.875
116.33,0
116.46,21588.98
116.56,24899.895
116.66,24219.57
116.81,28074.745
116.95,0
117.08,23500.876
117.18,21482.671
117.31,14306.831
117.48,8521.31
117.6,0
117.8,10680.856
117.93,6172.134
118.08,0
118.24,8739.36
118.37,11513.76
118.69,1433.44
118.85,0
118.97,91.31
119.13,502.205
119.24,502.205
119.36,0
119.47,46.391
119.57,92.782
119.74,556.692
119.88,185.564
119.95,0
120.08,9583.12
120.15,5535.88
120.3,5535.88
120.43,8885.32
120.54,0
120.6,6944.943
120.75,1333.797
120.87,1839.72
120.97,1011.846
121.09,0
121.23,684.66
121.36,912.88
121.46,1186.744
121.6,684.66
121.74,0
121.88,0
121.99,233.025
122.08,0
122.34,0
122.45,513.117
122.59,653.058
122.84,186.588
122.94,0
123.08,93.182
123.2,1910.231
123.36,745.456
123.5,0
123.58,885.362
123.69,93.196
123.84,5545.162
123.99,7968.258
124.12,0
124.28,7726.304
124.37,1861.76
124.46,1675.584
124.56,7493.584
124.69,0
124.86,13353.699
124.95,6699.794
125.05,229.445
125.19,0
125.37,0
125.5,732.064
125.69,6908.854
125.82,6588.576
125.94,0
126.05,8885.702
126.22,9350.922
126.35,11351.368
126.44,12281.808
126.6,0
126.74,15543.828
126.87,15406.272
126.97,17698.872
127.09,21825.552
127.23,0
127.36,31269.132
127.5,37378.152
127.59,28463.508
127.87,0
127.96,33107.084
128.06,29712.616
128.24,32666.244
128.38,32666.244
128.52,0
128.61,31001.733
128.74,35580.048
128.86,36234.093
128.97,0
129.07,0
129.22,40993.964
129.31,43810.674
129.47,49660.764
129.58,39823.946
129.74,0
129.86,43828.841
130.01,46081.924
130.11,9309.909
130.37,0
130.48,0
130.62,379.116
130.76,1053.1
130.89,0
130.97,741.072
131.17,416.853
131.27,1482.144
131.48,0
131.58,1619.94
131.74,46.284
131.85,231.42
131.96,277.704
132.06,0
132.21,1159.2
132.3,324.576
132.43,556.416
132.55,927.36
132.68,0
132.78,556.308
132.9,0
132.99,278.154
133.17,5053.131
133.31,0
133.43,6075.649
133.52,16974.714
133.68,17113.851
133.78,21056.066
133.97,0
134.06,16697.988
134.21,11946.528
134.29,11584.512
134.44,22807.008
134.62,0
134.73,15863.802
134.84,16984.127
134.94,20210.663
135.05,23482.012
135.24,0
135.34,18328.926
135.42,18642.624
135.52,12503.106
135.67,14161.224
135.78,0
135.88,22526.05
135.98,29187.45
136.12,34577.925
136.26,35322.95
136.37,0
136.55,55692.296
136.66,44163.636
136.88,47400.529
137.02,0
137.17,48718.152
137.26,52363.728
137.39,65413.233
137.49,52363.728
137.65,0
137.8,24367.052
137.93,13971.552
138.02,26861.972
138.19,10852.902
138.31,0
138.43,16529.388
138.56,12577.632
138.69,11940.252
138.79,17676.672
138.89,0
139.07,404.064
139.19,897.92
139.27,1975.424
139.39,853.024
139.49,0
139.67,1153.85
139.81,1153.85
139.9,1153.85
140.05,553.848
140.15,1246.158
140.31,276.924
140.46,92.308
140.58,1015.388
140.69,0
140.76,1571.004
140.89,554.472
141.01,739.296
141.18,508.266
141.3,0
141.42,92.328
141.6,2585.184
141.73,46.164
141.85,0
141.96,92.468
142.11,323.638
142.22,508.574
142.29,647.276
142.6,0
142.71,9898.356
142.78,10823.436
142.9,2035.176
143.09,0
143.2,13716.924
143.41,6009.756
143.58,3027.816
143.71,0
143.82,6308.654
143.91,9258.744
144.07,12980.396
144.17,13434.256
144.32,0
144.47,7310.82
144.64,2988.7
144.85,14207.82
145.01,0
145.11,12292.289
145.24,11747.981
145.35,12519.084
145.5,2086.514
145.73,0
145.85,721.104
145.98,16945.944
146.1,13926.321
146.21,0
146.3,8649.186
146.43,11671.751
146.6,4929.106
146.71,6231.134
146.86,0
147,11176.664
147.12,9436.036
147.21,91.612
147.33,0
147.47,2095.346
147.62,10066.771
147.72,12025.464
147.83,6878.201
147.94,7789.221
148.1,0
148.24,5247.192
148.41,5707.472
148.5,2025.232
148.62,0
148.71,45.772
148.82,457.72
148.97,503.492
149.1,1647.792
149.19,0
149.32,14653.552
149.44,13262.392
149.62,12334.952
149.73,12937.788
149.81,0
149.9,14997.279
150.08,15450.369
150.19,13320.846
150.3,11508.486
150.48,0
150.61,17861.58
150.73,20703.195
150.83,21244.455
150.98,23183.97
151.12,0
151.22,27435.733
151.32,30489.137
151.43,30354.428
151.58,36640.848
151.79,0
151.92,37524.76
152.08,38403.56
152.21,34888.36
152.34,0
152.47,33772.062
152.62,19721.853
152.7,14866.582
152.87,816.373
152.98,0
153.07,1480.672
153.2,323.897
153.37,1017.962
153.5,1017.962
153.61,1203.046
153.68,925.42
153.8,416.439
153.99,555.252
154.11,694.065
154.19,0
154.33,461.51
154.5,692.265
154.64,323.057
154.88,0
154.97,1108.896
155.1,1108.896
155.18,11135.164
155.34,0
155.47,15772.273
155.57,19842.537
155.66,17529.887
155.82,23866.548
155.95,0
156.1,24157.647
156.18,19317.317
156.35,18965.293
156.48,18657.272
156.58,18965.293
156.73,17777.212
156.85,19405.323
156.95,24905.698
157.07,17865.218
157.19,0
157.38,19482.939
157.5,18511.001
157.62,21691.889
157.71,3931.931
157.88,0
158,664.71
158.13,1107.85
158.22,2082.758
158.38,4475.714
158.5,0
158.65,8612.358
158.88,2083.635
159,0
159.09,1663.2
159.22,277.2
159.35,1108.8
159.51,739.2
159.6,0
159.75,8372.879
159.82,1202.734
159.97,1202.734
160.06,5134.749
160.14,0
160.28,0
160.4,1010.35
160.57,1148.125
160.65,413.325
160.75,0
160.91,0
161.03,45.787
161.16,228.935
161.3,778.379
161.46,0
161.52,0
161.62,185.476
161.81,1020.118
161.93,463.69
162.03,0
162.24,278.088
162.4,741.568
162.53,278.088
162.67,0
162.77,880.992
162.89,741.888
162.98,278.208
163.11,0
163.31,649.432
163.42,185.552
163.49,278.328
163.59,278.328
163.77,0
163.88,509.993
164.03,0
164.12,509.993
164.26,1112.712
164.38,0
164.49,4452.288
164.64,8533.552
164.74,3524.728
164.89,6446.542
165,0
165.11,4078.247
165.25,11043.343
165.39,6461.043
165.52,5911.167
165.62,0
165.77,5228.952
165.91,3485.968
166.03,6926.068
166.15,12430.228
166.28,0
166.4,13593.504
166.53,16486.716
166.66,21308.736
166.83,0
166.92,19993.32
167.16,25847.22
167.28,26297.52
167.39,0
167.47,0
167.59,27060.306
167.76,31370.404
167.86,32259.084
167.95,33814.274
168.07,0
168.19,34851.042
168.37,39020.877
168.49,42532.317
168.59,39767.058
168.75,0
168.9,42605.131
169.04,46051.451
169.16,41829.709
169.28,0
169.43,45047.028
169.52,43990.578
169.67,48850.248
169.82,42215.742
169.9,0
170.02,0
170.13,788.579
170.3,417.483
170.43,3015.155
170.63,2087.415
170.75,510.257
170.85,185.548
171,1206.062
171.14,0
171.28,1382.43
171.45,967.701
171.64,1612.835
171.81,0
171.88,230.47
172.01,460.94
172.12,92.188
172.3,0
172.44,785.451
172.53,1016.466
172.65,1155.075
172.82,693.045
172.93,0
173.18,416.277
173.29,740.048
173.41,19935.043
173.53,11748.262
173.65,2127.638
173.77,30018.197
173.89,25716.668
174.05,26179.198
174.16,0
174.3,24040.405
174.4,8679.995
174.47,19268.68
174.66,21768.155
174.82,0
174.91,7244.074
175.01,13484.451
175.14,10429.721
175.23,13353.534
175.38,0
175.5,26013.312
175.63,24568.128
175.77,31116.618
175.84,32245.668
175.98,0
176.1,43643.581
176.24,47924.094
176.35,39980.874
176.44,43731.839
176.61,0
176.72,45421.81
176.89,55279.49
177.01,58891.14
177.13,60080.86
177.28,0
177.42,70424.704
177.55,37205.504
177.65,21426.384
177.85,0
178.01,6273.852
178.14,5389.078
178.29,5187.993
178.37,3699.964
178.51,0
178.6,1360.11
178.87,1904.154
179.02,2040.165
179.14,0
179.28,1240.542
179.41,91.892
179.53,689.19
179.66,0
179.79,1933.554
179.92,920.74
180.06,644.518
180.18,276.222
180.29,0
180.4,1196.702
180.58,920.54
180.76,920.54
180.86,0
180.96,415.062
181.17,184.472
181.32,691.77
181.47,0
181.68,692.19
181.78,92.292
181.91,553.752
182.08,0
182.17,1014.904
182.29,92.264
182.37,1660.752
182.48,968.772
182.67,0
182.77,1199.458
182.85,876.527
182.99,3275.443
183.07,6412.487
183.19,0
183.36,4201.288
183.47,5817.168
183.71,4478.296
183.81,0
184.01,4857.874
184.11,9119.971
184.21,7515.956
184.26,2566.424
184.41,0
184.52,2941.12
184.67,8317.855
184.81,7306.845
184.92,1562.47
185.02,0
185.14,6945.094
185.28,8232.926
185.44,11682.476
185.56,17431.726
185.76,0
185.9,5729.097
186.04,1623.996
186.16,5232.876
186.27,5368.209
186.37,3563.769
186.49,6721.539
186.63,6947.094
186.74,4917.099
186.89,0
186.98,4614.286
187.1,6213.296
187.31,4842.716
187.44,0
187.52,3256.628
187.64,3164.892
187.73,2476.872
187.9,2339.268
188.01,0
188.12,8671.887
188.22,7295.397
188.39,7065.982
188.56,1881.203
188.68,0
188.78,2454.354
188.92,3908.786
189.07,5408.669
189.2,6772.199
189.36,0
189.45,13198.042
189.54,14582.452
189.73,14720.893
189.88,14120.982
190,0
190.1,23619.3
190.19,22582.575
190.33,23844.675
190.53,0
190.65,22628.613
190.77,26407.458
190.86,26274.087
190.98,25962.888
191.08,0
191.27,0
191.38,35302.836
191.46,26389.309
191.56,29902.029
191.68,20681.139
191.87,0
191.98,24491.952
192.1,24924.672
192.21,20164.752
192.39,0
192.55,4671.085
192.67,480.205
192.8,43.655
192.91,305.585
193.18,0
193.34,558.3
193.47,0
193.56,0
193.74,644.7
193.88,322.35
194.18,0
194.33,737.248
194.41,184.312
194.56,0
194.71,414.702
194.82,0
194.94,18490.912
195.02,968.352
195.16,7562.368
195.29,7331.808
195.38,0
195.49,13900.983
195.64,16240.307
195.78,16015.372
195.91,16150.333
196,0
196.08,20198.486
196.25,17421.754
196.43,22124.284
196.52,21542.066
196.76,0
196.9,17379.95
197.08,7600.95
197.18,14935.2
197.32,0
197.39,7105.252
197.48,1323.96
197.64,661.98
197.82,1147.432
197.94,0
198.04,4524.201
199.05,228.495
199.21,1142.475
199.45,5986.569
199.52,7037.646
199.67,0
199.78,9804.624
199.94,6460.056
200.03,2107.536
200.13,2015.904
200.29,0
200.41,6551.28
200.52,8462.07
200.7,6869.745
200.81,0
200.93,7251.036
201.03,7707.076
201.17,1140.1
201.34,2143.388
201.45,0
201.53,272.55
201.65,227.125
201.77,272.55
201.9,681.375
202.03,0
202.09,322.875
202.21,415.125
202.34,184.5
202.43,92.25
202.62,0
202.75,0
202.84,646.324
202.97,276.996
203.03,738.656
203.22,0
203.35,738.496
203.43,0
203.58,415.404
203.74,46.156
203.9,0
203.97,415.854
204.06,739.296
204.19,277.236
204.31,0
204.4,0
204.55,1663.128
204.7,1894.118
204.83,3742.038
205.03,0
205.21,7207.668
205.32,877.857
205.43,462.03
205.61,0
205.72,12350.283
205.87,15996.123
205.96,11894.553
206.07,12487.002
206.2,0
206.32,17917.184
206.44,17688.064
206.6,19291.904
206.69,19291.904
206.91,0
206.98,20678.616
207.19,26061.336
207.32,34135.416
207.41,0
207.54,32801.993
207.69,35687.148
207.83,37551.402
207.93,42433.972
208.02,0
208.17,43889.976
208.27,56312.484
208.38,57091.596
208.52,61852.836
208.65,0
208.75,0
208.89,52761.348
209.03,53047.872
209.19,60947.748
209.29,58287.168
209.41,52024.572
209.51,10806.048
209.73,13507.56
209.83,2087.532
209.94,695.844
210.04,1023.3
210.19,1187.028
210.32,777.708
210.43,1227.96
210.57,0
210.69,91.556
210.8,1602.23
210.88,45.778
210.99,549.336
211.16,0
211.25,1146.625
211.38,0
211.47,91.73
211.68,0
211.78,0
211.85,642.88
212,688.8
212.11,872.48
212.29,0
212.37,275.898
212.5,91.966
212.63,689.745
212.79,275.898
212.92,0
213.04,6848.785
213.15,6618.96
213.25,14662.835
213.37,14984.59
213.56,0
213.68,16188.746
213.77,22727.376
213.84,19435.514
214,21013.804
214.12,0
214.39,20477.367
214.48,22484.952
214.63,21012.723
214.73,23823.342
214.85,0
214.98,18278.514
215.13,15850.209
215.27,17395.494
215.35,0
215.46,31208.762
215.65,32837.428
215.75,47363.368
215.83,45822.738
215.95,46174.882
216.09,0
216.24,59772.755
216.34,64540.705
216.43,65277.57
216.58,63110.32
216.71,0
216.87,65533.52
217.01,45080.12
217.09,34336.92
217.22,24213.52
217.3,0
217.5,5598.969
217.6,12667.171
217.82,13064.261
218.12,0
218.26,6780.004
218.34,5987.536
218.5,704.416
218.62,0
218.74,1783.76
218.85,981.068
218.97,1204.038
219.12,222.97
219.23,0
219.36,2290.25
219.52,2061.225
219.63,1236.735
219.74,2519.275
219.86,274.83
220,1603.175
220.14,549.66
220.24,412.245
220.32,0
220.47,963.858
220.61,321.286
220.77,45.898
220.87,275.388
221,0
221.11,229.61
221.24,413.298
221.37,0
221.55,0
221.64,183.728
221.74,229.66
221.87,91.864
222.05,275.592
222.15,0
222.35,3261.456
222.5,6844.464
222.65,0
222.79,5961.548
222.95,6189.088
223.03,1592.78
223.19,1137.7
223.31,0
223.47,12526.26
223.55,15612.44
223.79,3267.72
223.98,0
224.07,5478.396
224.2,10594.584
224.3,9553.236
224.42,11364.276
224.58,0
224.73,962.178
224.83,8522.148
224.96,20434.828
225.1,15853.028
225.23,18739.562
225.35,19289.378
225.47,5727.25
225.62,2290.9
225.68,870.542
225.79,0
226,400.41
226.08,177.96
226.2,44.49
226.28,400.41
226.41,0
226.57,0
226.71,275.814
226.8,13744.731
226.96,0
227.05,8469.152
227.17,8469.152
227.28,8791.348
227.43,690.42
227.53,0
227.66,1313.323
227.79,407.583
227.95,1630.332
228.07,7064.772
228.16,0
228.29,9721.378
228.48,8676.557
228.63,2135.069
228.7,1544.518
228.85,2543.912
228.96,9039.973
229.11,10947.907
229.23,8585.703
229.4,0
229.49,6814.813
229.61,13217.993
229.7,17425.797
229.9,18477.748
230.01,25658.457
230.1,0
230.22,25183.464
230.31,29169.336
230.45,35057.556
230.58,37322.256
230.71,0
230.84,39142.896
230.93,40018.576
231.06,41113.176
231.19,46016.984
231.34,0
231.47,46819.918
231.57,50671.648
231.69,45193.632
231.84,48403.407
232.01,0
232.1,10608.51
232.26,707.234
232.39,83.204
232.63,0
232.73,653.34
232.93,261.336
233.06,392.004
233.25,0
233.36,641.228
233.49,916.04
233.58,183.208
233.83,0
233.95,275.148
234.06,550.296
234.15,45.858
234.42,0
234.52,275.412
234.75,12209.932
234.85,0
234.99,19339.898
235.1,14975.788
235.33,18650.828
235.42,22325.868
235.55,0
235.68,23723.007
235.81,27904.242
235.91,27904.242
236.01,26671.878
236.1,0
236.24,26879.078
236.41,20618.967
236.51,19962.312
236.63,4640.362
236.75,0
236.93,15477.812
237.04,9738.848
237.18,9304.078
237.29,4304.223
237.44,0
237.56,1075.992
237.64,89.666
237.79,2107.151
237.92,672.495
237.99,0
238.12,91.92
238.25,45.96
238.39,689.4
238.49,735.36
238.64,0
238.76,780.793
238.87,275.574
239,734.864
239.08,229.645
239.24,0
239.36,1103.544
239.44,10069.839
239.55,20415.564
239.72,5011.929
239.86,0
239.97,17287.728
240.12,12689.928
240.3,12138.192
240.41,0
240.52,1442.208
240.62,405.621
240.76,90.138
240.87,0
241.02,0
241.24,1012.088
241.34,1242.108
241.52,322.028
241.8,92.008
241.92,552.048
242,0
242.17,0
242.32,736.24
242.42,414.135
242.51,92.03
242.66,276.09
242.78,0
242.94,275.976
243.03,45.996
243.1,505.956
243.26,275.976
243.38,0
243.54,506.176
243.65,0
243.76,966.336
243.87,5015.744
243.97,0
244.13,10630.62
244.26,5476.38
244.39,7869.42
244.52,7777.38
244.61,0
244.78,9082.587
244.91,6597.302
245,7862.538
245.15,14279.092
245.22,0
245.38,1826.96
245.48,1370.22
245.64,274.044
245.76,8404.016
245.89,17401.794
246.06,12514.676
246.17,14798.376
246.39,0
246.52,30584.624
246.67,33839.256
246.8,35622.616
246.9,41864.376
247,0
247.15,39221.646
247.31,47793.264
247.4,49178.576
247.5,51559.581
247.65,0
247.77,57886.944
247.93,61883.499
248.03,62935.224
248.15,59064.876
248.3,66511.089
248.44,0
248.58,64123.779
248.71,45872.229
248.84,25917.201
248.96,0
249.1,1900.08
249.2,723.84
249.37,1131
249.5,678.6
249.63,226.2
249.72,950.04
249.85,995.28
249.95,90.48
250.13,45.24
250.28,0
250.38,1595.16
250.45,182.304
250.6,729.216
250.75,0
250.86,456.76
250.98,319.732
251.07,182.704
251.2,0
251.34,0
251.44,731.28
251.59,319.935
251.75,274.23
251.87,0
252.05,777.988
252.18,457.64
252.38,12081.696
252.5,0
252.64,15995.368
252.87,14391.248
253.04,16453.688
253.14,0
253.26,15207.577
253.39,15564.353
253.52,14895.398
253.63,16010.323
253.88,0
254.01,10873.372
254.14,11096.187
254.28,7843.088
254.41,0
254.58,16995.876
254.73,16188.684
254.8,16995.876
254.94,0
255.05,0
255.17,36875.118
255.32,51071.592
255.44,64241.277
255.55,60312.693
255.67,0
255.78,80797.652
255.93,57609.448
256.1,60136.882
256.21,46496.762
256.28,36667.852
256.44,34341.008
256.6,32134.518
256.73,25434.812
256.87,0
256.96,25023.824
257.11,22308.384
257.22,20929.776
257.37,23227.456
257.48,0
257.58,0
257.73,5576.283
257.82,691.632
257.97,1123.902
258.13,0
258.22,2190.4
258.31,700.928
258.49,1752.32
258.63,262.848
258.8,0
258.89,911.94
259.02,1322.313
259.11,911.94
259.25,0
259.42,0
259.51,2373.644
259.64,1460.704
259.75,730.352
260.04,0
260.15,1004.828
260.27,228.37
260.44,548.088
260.57,0
260.64,868.281
260.76,274.194
260.9,731.184
261.05,1645.164
261.16,0
261.24,91.436
261.34,960.078
261.49,502.898
261.63,868.642
261.77,11383.782
261.92,9189.318
262.01,12298.142
262.09,9189.318
262.23,10789.448
262.38,0
262.55,8865.276
262.69,15559.464
262.78,10357.899
262.93,0
263.07,488.455
263.18,177.62
263.29,488.455
263.38,843.695
263.52,0
263.64,9649.663
263.76,5305.028
263.92,5991.023
264.01,4161.703
264.13,0
264.29,2105.604
264.43,1647.864
264.58,4302.756
264.8,9658.314
264.96,21101.814
265.06,11031.534
265.25,23619.384
265.36,0
265.46,0
265.58,44.933
265.66,10289.657
265.84,16130.947
265.98,0
266.07,11538.204
266.19,12991.836
266.31,10175.424
266.42,2816.412
266.56,0
266.67,1385.576
266.83,715.136
266.95,1206.792
267.04,223.48
267.19,0
267.32,1421.164
267.47,12102.816
267.66,4080.116
267.84,0
267.95,4994.38
268.08,5544.22
268.2,9897.12
268.34,9209.82
268.46,0
268.59,10647
268.68,6870.5
268.86,5642
268.99,0
269.1,9488.67
269.21,15109.92
269.31,16593.93
269.45,14660.22
269.55,13985.67
269.67,0
269.81,22049.01
269.91,28812.51
270.03,32419.71
270.21,31608.09
270.37,0
270.48,37819.792
270.58,38615.068
270.69,40028.892
270.83,42149.628
270.97,0
271.07,54887.007
271.17,57457.827
271.32,52530.422
271.44,47174.547
271.55,0
271.68,53315.22
271.82,25013.62
271.92,13526.5
272.07,2081
272.18,0
272.33,1225.95
272.43,1225.95
272.55,1225.95
272.65,817.3
272.82,0
272.93,1455.616
273.01,1228.176
273.14,1000.736
273.3,0
273.38,684.285
273.51,319.333
273.62,228.095
273.8,684.285
273.98,0
274.12,182.872
274.27,1325.822
274.37,4068.902
274.59,0
274.69,16183.464
274.81,12160.456
274.95,14354.824
275.04,0
275.21,0
275.33,22931.812
275.42,24332.228
275.58,26082.748
275.67,29496.262
275.94,0
276.09,29770.076
276.25,31611.524
276.35,0
276.5,687.472
276.65,6273.182
276.79,11987.793
276.86,5843.512
276.99,0
277.11,226.885
277.27,2132.719
277.36,1134.425
277.46,90.754
277.6,0
277.76,0
277.84,45.341
277.98,997.502
278.09,272.046
278.24,0
278.34,1829.8
278.42,1235.115
278.55,1143.625
278.65,1372.35
278.85,0
278.98,686.52
279.08,91.536
279.24,3157.992
279.37,0
279.53,10029.105
279.68,5999.145
279.87,4625.295
280.01,0
280.12,677.22
280.25,180.592
280.35,90.296
280.43,225.74
280.58,0
280.69,916.28
280.82,458.14
280.92,45.814
281.08,916.28
281.35,0
281.46,550.164
281.61,275.082
281.8,0
282,642.096
282.08,412.776
282.23,275.184
282.34,0
282.46,412.785
282.6,183.46
282.7,275.19
282.82,275.19
282.94,0
283.05,641.97
283.22,7978.77
283.32,9675.405
283.45,2567.88
283.58,0
283.68,1146.225
283.82,412.641
283.93,871.131
284.05,0
284.18,0
284.3,2013.352
284.41,9883.728
284.54,6360.362
284.67,4530.042
284.9,0
284.99,12621.204
285.16,10334.754
285.27,12758.391
285.36,0
285.53,18309.684
285.63,20439.771
285.73,21708.759
285.86,25878.291
286.12,0
286.22,45687.708
286.35,45687.708
286.51,50833.728
286.62,0
286.78,50403.528
286.89,54300.708
287.03,56768.922
287.14,58934.022
287.25,0
287.41,58178.952
287.52,63980.272
287.63,68124.072
287.77,64891.908
287.85,0
288,59999.255
288.14,43760.37
288.27,26433.52
288.37,16077.705
288.51,0
288.67,4491.942
288.92,4885.972
289.05,0
289.22,1108.025
289.31,753.457
289.41,1152.346
289.53,0
289.7,0
289.84,1362.15
289.93,1089.72
290.05,499.455
290.15,862.695
290.28,0
290.4,681.81
290.65,636.356
290.76,863.626
290.86,0
291.06,91.106
291.2,0
291.26,683.295
291.37,227.765
291.55,0
291.66,9984.21
291.8,13038.74
291.9,13175.51
292.06,18190.41
292.18,0
292.29,9531.081
292.39,8311.464
292.53,7046.676
292.71,9892.449
292.8,0
292.91,20581.101
293.02,20222.389
293.15,26634.366
293.27,24706.289
293.37,0
293.48,13118.424
293.57,6248.979
293.7,19456.041
293.85,17328.729
294,0
294.1,32208.576
294.2,35259.456
294.35,35477.376
294.47,45370.944
294.59,0
294.71,68723.421
294.82,71946.846
295,86215.874
295.1,62147.634
295.25,0
295.36,36638.336
295.55,35125.369
295.65,28991.719
295.74,29073.501
295.84,25393.311
295.98,26129.349
296.12,15988.381
296.26,14966.106
296.36,14679.869
296.6,0
296.74,19229.29
296.83,19444.865
296.94,17504.69
297.08,0
297.19,7454.061
297.3,5492.466
297.42,3225.734
297.54,1351.321
297.65,0
297.93,1105
298.05,663
298.16,1193.4
298.28,0
298.4,1588.265
298.53,2359.708
298.63,0
298.74,181.516
298.86,0
299.03,181.772
299.14,272.658
299.28,227.215
299.37,0
299.56,0
299.69,727.792
299.74,454.87
299.91,272.922
300.02,90.974
300.15,0
300.25,409.833
300.36,273.222
300.47,91.074
300.61,273.222
300.76,0
300.91,409.824
300.97,273.216
301.08,91.072
301.2,0
301.3,0
301.48,3691.737
301.58,2552.312
301.7,4512.123
301.98,0
302.09,4056.62
302.22,2552.48
302.31,1549.72
302.46,0
302.59,1084.752
302.69,20067.912
302.88,12610.242
303.06,11254.302
303.17,0
303.29,8021.706
303.37,6542.844
303.5,6901.356
303.64,10038.336
303.9,9814.266
304.02,8559.474
304.12,6990.984
304.29,0
304.41,1521.5
304.55,1969
304.67,447.5
304.79,0
304.92,0
305.04,544.044
305.15,181.348
305.24,725.392
305.41,317.359
305.52,0
305.6,410.787
305.73,182.572
305.92,91.286
306.03,639.002
306.1,0
306.2,91.412
306.29,182.824
306.52,4844.836
306.62,10238.144
306.71,0
306.86,1983.256
307,3425.624
307.12,5814.546
307.21,7166.766
307.34,7256.914
307.44,8518.986
307.55,8158.394
307.68,7031.544
307.84,7256.914
307.97,0
308.09,8158.032
308.22,8293.248
308.36,10546.848
308.48,9284.832
308.59,0
308.71,14018.636
308.85,11674.684
308.96,11764.836
309.07,12801.584
309.16,0
309.34,23823.342
309.47,24938.667
309.56,32076.747
309.73,31853.682
309.88,0
310.02,37409.456
310.1,43171.576
310.19,40733.756
310.32,0
310.5,0
310.62,45867.318
310.75,46934.993
310.89,47020.407
310.97,48088.082
311.12,0
311.22,51685.812
311.36,11248.773
311.5,14510.499
311.6,2049.033
311.72,0
311.88,406.63
312.01,1260.553
312.14,1016.575
312.27,0
312.42,90.116
312.5,540.696
312.6,540.696
312.71,180.232
312.87,0
313.05,635.768
313.12,317.884
313.25,635.768
313.32,0
313.43,0
313.55,409.257
313.64,3592.367
313.81,2773.853
313.92,14824.198
314.06,0
314.15,20076.525
314.26,18164.475
314.4,25539.525
314.54,24765.6
314.66,0
314.81,29612.548
314.97,27431.948
315.06,28740.308
315.16,23288.808
315.3,0
315.41,12708.738
315.49,19841.193
315.63,14524.272
315.78,7391.817
316.02,0
316.15,2083.134
316.36,886.44
316.48,1152.372
316.66,0
316.78,2452.032
316.91,1135.2
317.02,0
317.14,0
317.26,772.633
317.39,863.531
317.52,1999.756
317.64,0
317.79,1138.4
317.92,774.112
318.01,774.112
318.12,1775.904
318.26,0
318.35,5743.332
318.52,5196.348
318.63,319.074
318.78,2780.502
318.88,0
319.01,2426.76
319.14,5123.16
319.31,4763.64
319.41,3864.84
319.56,0
319.68,5717.628
319.79,3675.618
319.92,3357.972
320,3811.752
320.08,0
320.25,3881.352
320.39,1805.28
321.47,1353.96
321.56,0
321.72,182.668
321.86,0
321.98,639.338
322.08,91.334
322.19,639.338
322.33,502.337
322.46,0
322.58,274.074
322.7,182.716
322.85,411.111
322.92,411.111
323.04,0
323.19,10692.162
323.31,6214.248
323.43,6351.327
323.53,6442.713
323.68,0
323.93,11479.276
324.01,11343.694
324.17,11931.216
324.29,0
324.44,2600.112
324.54,729.856
324.79,8621.424
324.89,17288.464
325.02,20572.816
325.18,18200.784
325.34,21621.984
325.4,27187.136
325.5,0
325.61,41143.552
325.72,42915.072
325.85,45660.928
326,48451.072
326.24,0
326.34,46420.132
326.48,57554.112
326.64,57339.997
326.75,0
326.87,57680.932
327,59129.162
327.11,61404.952
327.28,67073.738
327.37,0
327.51,61468.858
327.65,35216.952
327.75,18251.708
327.9,15236.558
328.06,0
328.17,4280.212
328.32,4947.768
328.44,628.288
328.56,1060.236
328.65,0
328.79,1175.798
328.87,2758.603
329.01,633.122
329.14,723.568
329.26,271.338
329.4,0
329.55,542.676
329.63,45.223
329.78,0
329.88,861.46
330.02,45.34
330.14,453.4
330.25,1133.5
330.34,0
330.48,725.744
330.59,907.18
330.74,453.59
330.86,0
331.03,0
331.26,17072.656
331.34,14348.296
331.45,14802.356
331.64,0
331.75,19442.41
331.87,18991.31
331.96,19126.64
332.12,20931.04
332.28,0
332.41,17513.675
332.62,16552.825
332.74,19479.05
332.9,0
333.07,16138.215
333.2,21036.535
333.28,20074.365
333.42,0
333.55,22719.768
333.7,22632.552
333.82,24682.128
333.94,25554.288
334.04,0
334.16,32513.544
334.29,56417.991
334.39,66250.716
334.55,50518.356
334.66,0
334.8,55791.882
334.96,63738.252
335.09,60476.058
335.23,72521.082
335.32,0
335.46,0
335.58,22105.485
335.71,10106.515
335.81,9623.335
335.9,10629.96
336.06,0
336.23,8940.064
336.33,6308.176
336.4,5389.104
336.55,584.864
336.68,0
336.78,4694.422
336.9,664.305
337.02,708.592
337.13,1372.897
337.28,0
337.38,1121.325
337.54,672.795
337.64,941.913
337.77,0
337.87,1764.087
338.03,1221.291
338.15,271.398
338.24,0
338.38,0
338.49,271.296
338.65,723.456
338.77,271.296
338.91,678.24
339.05,0
339.27,317.191
339.39,543.756
339.56,271.878
339.66,0
339.73,725.712
339.86,90.714
339.98,0
340.17,181.428
340.25,0
340.36,1179.438
340.59,498.993
340.75,45.363
341.08,0
341.17,11300.367
341.34,0
341.49,8339.248
341.62,6163.792
341.7,8565.858
341.86,8112.638
342.03,0
342.14,2463.285
342.21,671.805
342.3,1522.758
342.45,14510.988
342.56,0
342.73,11011.232
342.85,11552.768
342.99,8845.088
343.11,7265.608
343.25,0
343.39,89.064
343.47,1514.088
343.58,9975.168
343.66,13315.068
343.8,0
343.91,91.084
344.06,1184.092
344.23,728.672
344.33,1093.008
344.45,0
344.56,11390.129
344.71,8894.284
344.88,6988.366
344.98,0
345.08,0
345.21,1601.388
345.37,845.177
345.47,711.728
345.6,0
345.72,6835.317
345.85,8193.327
345.99,8645.997
346.11,4481.433
346.26,0
346.41,4477.176
346.51,3663.144
346.63,8637.784
346.75,7507.184
346.92,0
347.03,5373.921
347.19,6593.214
347.28,4922.331
347.42,5599.716
347.53,0
347.67,3097.479
347.86,3636.171
347.96,9157.764
348.05,0
348.15,6363.048
348.23,14937.368
348.4,15614.288
348.55,12365.072
348.64,14260.448
348.77,0
348.91,16620.058
348.98,15186.522
349.16,15724.098
349.28,15276.118
349.38,0
349.46,18146.103
349.58,21562.362
349.68,20896.857
349.88,29237.853
349.98,0
350.1,28051.461
350.18,34636.311
350.3,31212.189
350.48,29807.421
350.65,0
350.77,3414.064
350.96,1685.424
351.12,259.296
351.23,0
351.37,650.865
351.47,1084.775
351.62,607.474
351.74,216.955
351.84,0
351.99,90.886
352.08,681.645
352.22,45.443
352.48,0
352.57,90.874
352.73,454.37
352.84,272.622
352.93,0
353.08,0
353.18,3912.484
353.29,11418.994
353.43,4367.424
353.55,0
353.68,5725.944
353.81,17450.496
353.9,16178.064
354.04,18359.376
354.15,0
354.28,22436.283
354.41,22212.368
354.53,23914.122
354.61,23466.292
354.77,23914.122
354.9,0
355.05,30111.016
355.21,31854.056
355.29,33161.336
355.42,0
355.56,35078.516
355.71,36457.524
355.79,8187.86
355.89,6119.348
356.03,0
356.17,1354.912
356.35,1143.207
356.44,1481.935
356.5,423.41
356.62,0
356.75,1585.78
356.93,996.776
357.02,1178.008
357.35,0
357.5,544.344
357.63,1542.308
357.74,1633.032
357.88,0
358.01,3590.945
358.11,2681.845
358.27,6863.705
358.42,0
358.53,4901.076
358.65,9037.764
358.93,3866.904
359.02,0
359.18,8094.32
359.27,8317.92
359.35,11895.52
359.54,3532.88
359.67,0
359.76,268.128
359.95,1161.888
360.15,893.76
360.25,0
360.34,273.27
360.44,546.54
360.55,455.45
360.66,91.09
360.84,0
360.94,455.38
361.07,318.766
361.2,683.07
361.35,865.222
361.46,0
361.58,409.653
361.69,182.068
361.84,273.102
361.97,0
362.14,0
362.23,409.608
362.37,45.512
362.47,3140.328
362.66,0
362.77,5281.016
362.86,7329.686
362.98,3687.606
363.1,1183.676
363.2,0
363.34,7254.66
363.46,12346.44
363.57,14599.44
363.7,12121.14
363.8,0
363.9,1670.18
364.1,4017.46
364.2,10878.74
364.29,12142.66
364.38,9298.84
364.48,0
364.64,10438.736
364.8,11122.496
364.91,12353.264
365.04,0
365.14,29947.785
365.25,37423.54
365.36,40243.735
365.5,37334.01
365.6,38229.31
365.7,0
365.85,41544.762
366.02,46189.518
366.12,48855.952
366.24,60381.828
366.35,0
366.49,52416.783
366.63,58376.097
366.72,60894.117
366.85,60474.447
367.02,0
367.14,67517.982
367.28,66423.753
367.38,50820.858
367.52,35623.233
367.65,0
367.78,10550.718
367.87,2784.762
368.01,3098.538
368.18,3726.09
368.27,0
368.39,86.532
368.47,692.256
368.6,1946.97
368.72,735.522
368.83,0
368.94,1305.899
369.1,1440.992
369.26,945.651
369.36,0
369.57,0
369.66,541.68
369.8,1173.64
369.93,541.68
370.08,0
370.17,180.792
370.3,542.376
370.43,451.98
370.59,0
370.71,904.82
370.94,2081.086
371.05,8414.826
371.24,0
371.34,10923.325
371.54,10470.075
371.68,13869.45
371.8,0
371.97,8661.24
372.09,9014.76
372.18,16306.11
372.31,16527.06
372.43,0
372.56,12886.51
372.69,10746.19
372.8,13198.64
372.9,9631.44
373.02,0
373.17,19447.659
373.27,17595.501
373.38,21873.104
373.52,20020.946
373.62,0
373.79,18809.702
373.91,28410.942
374.06,43598.358
374.16,38143.108
374.29,0
374.49,51933.908
374.58,53019.483
374.66,62355.428
374.81,60748.777
374.93,0
375.11,0
375.21,69227.043
375.31,63160.967
375.42,33240.457
375.6,0
375.82,19889.175
375.94,9612.45
376.08,13637.175
376.18,0
376.28,17159.993
376.44,17074.407
376.56,12666.728
376.76,18871.713
376.87,0
377.03,3666.348
377.15,1483.998
377.35,1396.704
377.5,0
377.65,3922.942
377.8,837.482
377.91,2203.9
378.13,0
378.27,1127.825
378.44,1443.616
378.53,947.373
378.61,1353.39
378.69,676.695
378.81,45.113
378.98,0
379.09,0
379.29,0
379.39,90.27
379.54,270.81
379.7,496.485
379.83,0
379.94,722.224
380.05,722.224
380.15,270.834
380.27,631.946
380.43,0
380.56,271.116
380.7,316.302
380.77,632.604
381.04,0
381.13,16462.264
381.26,9678.364
381.38,3663.306
381.54,0
381.63,0
381.79,5875.612
381.94,2287.452
382.14,6234.428
382.31,0
382.44,9359.647
382.52,8105.723
382.66,6090.488
382.79,0
382.96,8386.497
383.06,9584.568
383.16,8031.513
383.26,6611.577
383.41,0
383.57,1424.288
383.66,1068.216
383.76,17625.564
383.88,14287.389
384.04,0
384.16,45.312
384.29,2084.352
384.4,498.432
384.55,951.552
384.66,0
384.75,1536.222
384.94,406.647
385.03,3433.908
385.08,7500.378
385.22,0
385.35,6373.905
385.52,4791.73
385.62,4701.32
385.75,4023.245
385.9,0
386.14,670.98
386.26,223.66
386.51,0
386.6,1405.168
386.73,5484.688
386.86,11150.688
387.06,4714.112
387.12,3671.568
387.22,4034.192
387.35,2674.352
387.5,4034.192
387.61,0
387.71,12429.384
387.83,9952.514
387.91,8826.664
388.05,6349.794
388.2,6710.066
388.34,0
388.5,11744.304
388.6,18283.746
388.72,27759.264
388.84,34432.164
388.99,0
389.08,41440.832
389.19,46570.752
389.34,48132.032
389.44,50228.608
389.58,0
389.71,50765.91
389.86,53495.26
390.01,58198.14
390.13,0
390.26,57430.62
390.39,64466.28
390.48,65816.145
390.62,10185.345
390.78,0
390.9,2932.176
391.11,79.248
391.22,832.104
391.41,0
391.5,1304.275
391.62,89.95
391.72,179.9
391.89,0
392.06,0
392.17,541.248
392.3,0
392.42,315.728
392.51,90.208
392.65,496.144
392.79,721.664
392.99,6810.704
393.09,0
393.26,270.498
393.4,90.166
393.53,5815.707
393.61,36562.313
393.78,0
393.96,7731.594
394.06,36352.056
394.16,5606.536
394.29,9540.154
394.41,0
394.49,2235.228
394.62,7275.448
394.78,22176.968
394.87,17487.372
394.98,0
395.09,16418.04
395.26,18077.31
395.37,16854.69
395.45,15020.76
395.56,0
395.72,0
395.83,2191.95
395.98,701.424
396.14,87.678
396.29,0
396.4,1758.393
396.47,2209.263
396.61,7709.877
396.75,0
396.87,7409.356
397.01,7635.251
397.15,2304.129
397.29,2484.845
397.43,0
397.49,268.308
397.59,1341.54
397.73,1341.54
397.84,16813.968
397.98,0
398.07,3345.392
398.21,8634.728
398.38,6374.328
398.49,8634.728
398.63,0
398.87,12278.412
398.98,3959.343
399.13,1957.428
399.27,0
399.4,44.14
399.51,662.1
399.6,662.1
399.76,0
399.96,499.191
400.12,635.334
400.24,226.905
400.39,0
400.51,271.662
400.69,45.277
400.81,498.047
400.9,45.277
401.01,0
401.19,633.696
401.31,271.584
401.53,0
401.69,181.132
401.82,271.698
401.95,724.528
402.17,0
402.26,724.944
402.43,2446.686
402.52,3670.029
402.68,11961.576
402.78,0
403.03,4257.26
403.19,2672.11
403.28,543.48
403.41,0
403.54,7186.718
403.67,7633.098
403.81,7767.012
403.91,14239.522
404,0
404.14,17814.024
404.28,17725.176
404.38,22034.304
404.47,25499.376
404.57,0
404.72,25267.968
404.86,27022.688
404.99,26145.328
405.15,25925.988
405.26,0
405.4,38753.792
405.51,37802.248
405.69,36504.688
405.78,41781.432
405.93,0
406.02,45927.996
406.15,39869.229
406.28,42962.166
406.44,39996.336
406.52,0
406.68,42726.138
406.77,3903.068
407.13,1619.358
407.25,0
407.41,1436.995
407.5,1929.679
407.69,0
407.81,1665.555
408.01,90.03
408.15,675.225
408.31,0
408.43,1444.384
408.51,90.274
408.67,722.192
408.77,406.233
409.06,0
409.31,677.865
409.43,497.101
409.55,0
409.68,678.165
409.81,678.165
409.91,180.844
410.06,0
410.17,226.05
410.32,10895.61
410.41,406.89
410.57,9448.89
410.69,0
410.85,6309.045
410.95,9127.98
411.05,6756.495
411.14,12931.305
411.23,12797.07
411.36,14497.38
411.46,13691.97
411.58,14363.145
411.69,14273.655
411.77,10336.095
412.03,0
412.15,14961.087
412.3,14828.688
412.38,15711.348
412.52,0
412.66,15480.504
412.8,14818.944
412.93,14377.904
413.04,14951.256
413.16,0
413.27,16280.964
413.44,21020.436
413.6,31640.364
413.73,31333.176
413.83,0
414,34529.796
414.11,34310.976
414.25,54661.236
414.34,61007.016
414.53,0
414.63,68851.104
414.86,65968.176
415.02,49009.776
415.14,0
415.24,26769.575
415.38,11196.7
415.51,275.975
415.67,6741.675
415.76,0
415.87,251.088
416.01,1088.048
416.17,1883.16
416.3,0
416.38,759.713
416.5,759.713
416.63,3351.675
416.8,1876.938
416.89,0
417.15,44.962
417.3,2113.214
417.44,0
417.58,1212.921
417.7,988.306
417.8,1662.151
417.94,1572.305
418.1,0
418.3,0
418.36,225.36
418.53,631.008
418.66,0
418.73,315.889
418.86,180.508
418.98,541.524
419.13,676.905
419.25,0
419.37,947.247
419.48,451.07
419.59,676.605
419.72,721.712
419.87,0
420.03,225.51
420.25,270.612
420.51,0
420.67,90.322
420.78,270.966
420.93,4019.329
421.03,0
421.16,6139.72
421.29,5146.53
421.42,4920.805
421.55,6500.88
421.75,0
421.84,2645.383
422.05,4887.233
422.13,6322.017
422.24,0
422.32,7759.878
422.5,7536.893
422.62,2854.208
422.76,3835.342
422.85,0
422.99,6395.76
423.1,3597.615
423.24,4841.235
423.37,1821.015
423.52,0
423.62,5178.008
423.72,8525.858
423.83,0
424.02,0
424.14,6088.584
424.23,8685.186
424.37,11684.709
424.47,13699.314
424.63,0
424.79,12850.552
424.94,12850.552
425.06,12401.232
425.24,2426.328
425.38,0
425.51,1369.301
425.64,618.394
425.71,662.565
425.89,0
426.03,226.775
426.21,498.905
426.36,45.355
426.48,0
426.59,2305.863
426.68,3571.827
426.81,12478.788
426.97,8771.322
427.1,0
427.19,7267.057
427.3,6815.687
427.39,6951.098
427.52,7041.372
427.62,8982.263
427.75,0
427.9,11200.122
428,16911.738
428.09,19008.972
428.27,19142.838
428.42,0
428.48,18389.466
428.63,20166.226
428.71,19499.941
428.87,19277.846
429.01,0
429.14,22881.508
429.28,26243.867
429.41,22750.507
429.54,22008.168
429.62,0
429.73,26617.36
429.9,22296.36
430.03,23592.66
430.12,22642.04
430.23,0
430.38,22992.972
430.53,23208.262
430.65,2755.712
430.75,4391.916
430.86,0
431.02,642.33
431.17,1070.55
431.3,642.33
431.47,0
431.58,494.868
431.68,764.796
431.83,269.928
431.93,314.916
432.07,0
432.16,90.162
432.35,225.405
432.47,45.081
432.56,676.215
432.71,0
432.83,1173.562
432.98,5010.207
433.06,5461.577
433.17,8305.208
433.32,0
433.44,9890.04
433.53,9212.64
433.68,11019.04
433.82,14406.04
433.98,0
434.07,17767.071
434.19,20305.224
434.34,20082.579
434.44,22887.906
434.55,0
434.67,23851.68
434.81,28016.955
435.04,23500.92
435.16,0
435.3,28965.057
435.39,29526.228
435.53,12561.597
435.65,14072.442
435.8,0
435.93,23635.302
436.01,11263.032
436.11,5588.853
436.25,4308.963
436.42,0
436.51,2517.943
436.61,2304.558
436.75,810.863
436.89,0
437.07,1211.166
437.14,269.148
437.3,224.29
437.42,2018.61
437.51,0
437.64,270.846
437.81,947.961
437.92,1760.499
438.14,7944.816
438.26,8170.521
438.35,6590.586
438.48,10427.571
438.61,13813.146
438.75,0
438.86,13163.12
438.98,10717.27
439.12,844.93
439.28,3201.84
439.37,0
439.5,749.921
439.61,1852.746
439.77,749.921
440.04,0
440.16,902.42
440.27,270.726
440.42,315.847
440.52,0
440.66,225.845
440.78,451.69
441.06,451.69
441.27,0
441.37,90.38
441.53,316.33
441.64,271.14
441.77,0
441.87,632.24
442.02,406.44
442.16,180.64
443.25,0
443.32,5651.73
443.38,6773.105
443.46,0
443.59,4460.94
443.73,6128.16
443.84,9732.96
443.97,8065.74
444.12,0
444.2,5102.64
444.33,4968.36
444.47,4878.84
444.56,4744.56
444.68,5102.64
444.79,0
444.92,12320.088
445.12,13659.228
445.24,12766.468
445.46,0
445.6,18677.244
445.69,31010.436
445.86,36555.936
445.97,0
446.21,41733.684
446.37,43571.016
446.48,45977.046
446.64,0
446.76,45393.584
446.92,49371.804
447.07,53015.016
447.15,54396.924
447.28,0
447.37,58238.264
447.5,57213.664
447.64,63279.296
447.78,62049.776
447.87,0
447.98,12621.42
448.12,8414.28
448.24,4167.072
448.4,40.068
448.51,0
448.66,256.638
448.81,213.865
448.92,0
449.07,0
449.19,895.4
449.29,492.47
449.41,179.08
449.53,492.47
449.7,0
449.82,179.408
449.96,269.112
450.06,627.928
450.15,269.112
450.29,0
450.44,269.058
450.57,269.058
450.67,269.058
450.77,44.843
450.86,0
450.96,673.665
451.11,5344.409
451.22,6332.451
451.34,5883.341
451.44,0
451.57,4767.456
451.71,6341.616
451.8,9939.696
451.95,7376.064
452.1,0
452.22,9308.442
452.33,8284.068
452.45,8284.068
452.57,9620.208
452.73,0
452.84,14788.852
453.01,14656.018
453.11,15895.802
453.21,14788.852
453.38,0
453.46,13859.96
453.63,12315.06
453.73,16596.64
453.85,20348.54
454.04,0
454.13,27523.782
454.26,24767.028
454.36,27304.992
454.5,30236.778
454.65,0
454.76,26494.16
454.89,30709.14
455.01,28343.59
455.13,0
455.26,0
455.35,31008.015
455.46,31093.085
455.63,31646.04
455.71,35899.54
455.85,0
455.99,36198.26
456.09,41971.44
456.24,38178.84
456.38,0
456.48,47626.614
456.64,49829.241
456.73,45964.254
456.9,50660.421
457.02,47211.024
457.12,0
457.24,48615.429
457.37,38737.231
457.5,43921.244
457.64,22409.631
457.73,0
457.89,5400.334
458.02,443.311
458.11,4070.401
458.25,1370.234
458.38,0
458.54,219.48
458.63,2589.864
458.73,2633.76
458.85,2502.072
459.03,0
459.17,1766.08
459.25,2207.6
459.35,1633.624
459.48,1324.56
459.62,0
459.78,2010.6
459.88,0
460.04,1340.4
460.14,0
460.24,1612.08
460.32,268.68
460.48,268.68
460.6,313.46
460.71,0
460.96,268.854
461.09,268.854
461.25,716.944
461.37,672.135
461.49,448.09
461.6,492.899
461.74,940.989
461.87,537.708
462.01,0
462.1,1165.58
462.21,0
462.32,179.32
462.44,268.98
462.6,0
462.68,224.21
462.8,224.21
462.93,1390.102
463.08,0
463.2,9154.296
463.35,4532.274
463.45,3096.306
463.58,4307.904
463.69,0
463.81,3802.92
463.96,4377.78
464.11,5792.82
464.24,6677.22
464.38,0
464.51,8637.074
464.65,9171.326
464.75,3606.201
464.89,0
464.99,5784.567
465.09,4371.543
465.19,8345.673
465.34,9008.028
465.45,7992.417
465.56,9670.383
465.68,9979.482
465.8,11436.663
465.97,10111.953
466.22,9891.168
466.45,2296.164
466.56,1059.768
466.64,264.942
466.75,0
466.93,706.448
467.06,662.295
467.14,88.306
467.26,0
467.37,0
467.55,269.784
467.63,269.784
467.78,6924.456
467.94,0
468.04,10833.673
468.11,9619.942
468.28,5888.843
468.39,6563.138
468.54,0
468.65,7500.727
468.81,9497.962
468.94,8388.387
469.04,10474.388
469.18,12915.453
469.28,13270.517
469.42,15489.667
469.56,14823.922
469.67,19484.137
469.86,0
470,23881.056
470.06,27612.471
470.21,27173.481
470.35,0
470.49,0
470.62,30186.462
470.72,32554.872
470.88,31478.322
470.98,0
471.1,22506.966
471.23,13393.976
471.34,11952.852
471.49,720.562
471.59,0
471.7,0
471.82,636.78
471.96,466.972
472.07,1061.3
472.24,0
472.34,268.908
472.49,985.996
472.6,268.908
472.77,448.18
472.88,0
472.99,44.91
473.08,449.1
473.23,179.64
473.38,224.55
473.46,0
473.58,1167.712
473.69,4446.288
473.82,3323.488
473.97,5119.968
474.13,0
474.25,5573.056
474.38,8584.304
474.47,13662.976
474.57,0
474.71,0
474.81,16763.928
474.95,15879.288
475.07,16321.608
475.19,0
475.33,17227.65
475.42,21031.725
475.53,22474.65
475.68,20288.4
475.78,23349.15
475.92,0
476.05,23841.972
476.16,25144.812
476.33,25231.668
476.42,25448.808
476.54,0
476.74,29846.858
476.85,27696.508
476.94,22191.612
477.06,10149.652
477.21,0
477.35,255.798
477.63,639.495
477.8,0
477.9,1125.8
478,1576.12
478.11,1215.864
478.25,720.512
478.37,0
478.49,897.64
478.63,403.938
478.72,5430.722
478.82,5340.958
479,0
479.1,943.425
479.21,2875.2
479.33,1841.925
479.47,0
479.61,3083.955
479.71,3754.38
479.86,3977.855
479.94,2637.005
480.11,0
480.29,5625.774
480.39,6072.264
480.49,7188.489
480.63,1116.225
480.74,0
480.88,631.106
480.98,1577.765
481.18,991.738
481.32,901.58
481.42,631.106
481.52,90.158
481.67,225.395
481.8,90.158
482.16,0
482.26,180.048
482.37,0
482.52,0
482.63,89.99
482.77,44.995
482.89,269.97
482.99,0
483.16,0
483.26,45.001
483.37,7695.171
483.53,4005.089
483.64,0
483.76,2295.408
483.87,2070.368
483.97,1845.328
484.13,2655.472
484.24,0
484.34,2733.593
484.45,4436.487
484.58,4660.552
484.74,6318.633
484.87,0
485,10035.2
485.14,8780.8
485.3,9228.8
485.41,4883.2
485.54,0
485.67,5359.76
485.79,13331.84
485.91,13331.84
486,12656.24
486.16,14683.04
486.29,18421.36
486.39,18961.84
486.48,25492.64
486.59,23826.16
486.7,0
486.85,28244.412
486.96,30649.122
487.11,30649.122
487.22,34933.878
487.35,0
487.46,36665.568
487.63,43328.177
487.71,40357.587
487.81,41970.193
487.96,0
488.11,44307.501
488.26,41880.839
488.36,43679.916
488.44,48365.884
488.6,52340.589
488.71,0
488.8,52111.696
488.94,44626.264
489.12,13702.84
489.34,0
489.41,1206.69
489.6,603.345
489.75,804.46
489.83,0
489.89,667.395
490.09,2224.65
490.34,1423.776
490.44,0
490.58,626.22
490.68,715.68
490.83,1118.25
490.97,0
491.11,0
491.25,89.552
491.33,2059.696
491.48,1164.176
491.61,0
491.71,89.576
491.81,1164.488
491.95,1074.912
492.11,2060.248
492.24,0
492.32,1612.224
492.45,1612.224
492.61,1298.736
492.73,2642.256
492.83,0
492.92,10098.81
493.05,9428.535
493.21,9875.385
493.31,8758.26
493.44,0
493.56,13920.432
493.65,15462.252
493.75,15374.148
493.89,13479.912
494.01,0
494.19,10685.98
494.31,15153.07
494.38,14934.095
494.55,16598.305
494.66,0
494.81,17885.979
494.91,17448.669
495.07,17098.821
495.18,22040.424
495.28,0
495.43,26715.92
495.54,20123.68
495.64,20427.27
495.78,24677.53
495.87,18605.73
496.07,0
496.19,20091.918
496.37,33017.292
496.5,43553.818
496.64,0
496.77,70240.024
496.9,61782.026
497.01,71227.506
497.18,66290.096
497.27,0
497.41,51998.148
497.54,33774.498
497.66,20815.458
497.78,0
497.9,13669.344
498.03,6581.536
498.19,4634.336
498.3,934.656
498.47,0
498.55,518.568
498.65,1382.848
498.76,1814.988
498.89,1296.42
499.06,0
499.17,1421.984
499.37,1555.295
499.51,666.555
499.68,0
499.77,669.675
499.93,1562.575
500.05,982.19
500.18,669.675
500.29,312.515
500.43,1205.415
500.56,535.74
500.79,0
500.92,715.136
501.05,536.352
501.18,536.352
501.29,670.44
501.53,0
501.67,89.458
501.8,0
501.92,44.729
502.05,0
502.14,491.975
502.26,626.15
502.44,715.6
502.57,0
502.65,4293.12
502.73,3980.08
502.84,5992.48
502.96,5321.68
503.13,4650.88
503.25,0
503.37,11479.398
503.5,13119.312
503.63,11701.008
503.72,10681.602
503.87,0
504.03,1323.24
504.25,1058.592
504.36,0
504.53,3955.338
504.76,4933.062
504.84,6266.322
505.02,0
505.26,6167.847
505.43,6922.188
505.52,10250.163
505.65,0
505.76,7341.848
505.92,5484.272
506.03,5705.412
506.17,0
506.34,5456.744
506.46,4664.636
506.56,4356.594
506.78,0
506.95,9567.72
507.06,8681.82
507.15,17319.345
507.27,19312.62
507.4,0
507.58,15480.504
507.7,5380.688
507.93,1058.496
508.21,0
508.3,447.95
508.46,403.155
508.55,627.13
508.68,313.565
508.84,179.18
508.97,716.72
509.07,3762.78
509.2,0
509.33,0
509.44,6319.197
509.54,2061.582
509.7,6543.282
509.86,0
509.96,5787.711
510.1,5787.711
510.22,6229.521
510.36,6582.969
510.46,0
510.57,10602.996
510.65,10159.356
510.8,8606.616
510.96,10824.816
511.08,0
511.18,15367.168
511.33,14706.688
511.49,17128.448
511.6,20871.168
511.75,0
511.87,27395.638
511.96,31990.753
512.09,34966.637
512.2,35185.452
512.38,0
512.53,35685.496
512.62,36325.786
512.79,38588.144
512.91,44009.266
513.03,0
513.28,41935.11
513.38,17257.59
513.63,0
513.78,1065.792
513.88,901.824
514.02,1229.76
514.17,0
514.28,400.941
514.41,44.549
514.51,890.98
514.63,311.843
514.76,0
514.92,669.195
515.01,89.226
515.11,401.517
515.25,669.195
515.4,0
515.56,89.376
515.64,491.568
515.77,1072.512
515.89,0
516.06,18285.163
516.16,18821.647
516.27,16496.883
516.36,17838.093
516.46,15468.622
516.57,0
516.69,19268.172
516.84,19268.172
516.97,23331.528
517.04,23986.908
517.13,0
517.24,29739.996
517.38,28747.224
517.51,32416.164
517.64,33840.576
517.76,33624.756
517.92,0
518.03,32153.517
518.16,6396.813
518.28,8260.785
518.43,0
518.51,1066.32
518.62,488.73
518.77,1155.18
518.9,1555.05
519,710.88
519.11,1332.9
519.2,0
519.35,88.86
519.48,1066.32
519.62,0
519.72,1161.42
519.86,714.72
519.96,2054.82
520.13,5092.38
520.24,0
520.38,5168.264
520.48,9089.016
520.63,6727.654
520.81,0
520.9,7366.25
521.01,1331.25
521.13,3860.625
521.26,1109.375
521.38,0
521.59,1098.425
521.71,1186.299
521.86,1098.425
522.02,0
522.23,1119.075
522.35,537.156
522.51,402.867
522.62,0
522.74,671.97
522.82,895.96
522.93,492.778
523.04,268.788
523.2,0
523.32,313.684
523.44,179.248
523.54,89.624
523.67,89.624
523.79,224.06
523.96,268.872
524.06,627.368
524.18,268.872
524.3,89.624
524.39,0
524.54,268.848
524.69,492.888
524.83,268.848
524.9,0
525.02,0
525.16,268.722
525.34,492.657
525.46,179.148
525.53,0
525.64,12051.2
525.74,14515.2
525.91,16083.2
526,16172.8
526.18,0
526.27,0
526.37,526.08
526.52,7935.04
526.64,9600.96
526.8,0
526.94,18968.235
527.04,4819.435
527.21,9329.365
527.32,12335.985
527.44,0
527.57,16392.096
527.68,17699.976
527.82,21972.384
527.92,25460.064
528.01,0
528.17,40843.683
528.29,42453.072
528.42,38451.348
528.53,42670.557
528.66,0
528.79,49016.848
528.87,45259.168
529.04,49434.368
529.25,52983.288
529.32,0
529.39,56820.834
529.51,56209.419
529.67,57921.381
529.81,57309.966
529.9,0
530.02,57741.672
530.14,52670.308
530.27,46361.052
530.41,5231.092
530.57,0
530.66,1335.01
530.77,1609.865
530.9,588.975
531.01,39.265
531.21,0
531.31,484.198
531.42,44.018
531.53,2288.936
531.69,0
531.83,0
531.91,666.915
532.03,177.844
532.16,1556.135
532.26,1200.447
532.42,1111.525
532.59,311.227
532.7,666.915
532.79,44.461
532.85,0
532.94,0
533.06,266.988
533.24,1201.446
533.34,222.49
533.47,0
533.55,11761.728
533.68,10291.512
533.85,10737.032
533.95,12652.768
534.07,0
534.21,14482.243
534.33,15269.797
534.44,14701.008
534.54,17107.423
534.69,0
534.81,19587.381
534.96,19587.381
535.09,21454.914
535.22,21020.604
535.3,0
535.45,21686.112
535.59,25988.912
535.74,31023.188
535.84,23063.008
535.96,0
536.09,25886.502
536.29,22255.557
536.42,27168.012
536.5,38829.753
536.63,0
536.77,72300.28
536.87,74843.08
537,66578.98
537.15,57679.18
537.24,0
537.36,28807.116
537.48,27174.324
537.64,21342.924
537.74,18038.464
537.88,0
538.02,18760.296
538.13,18472.309
538.26,17320.361
538.36,21146.474
538.51,0
538.61,19574.06
538.76,19786.36
538.92,17875.66
539.04,18300.26
539.16,0
539.23,15161.82
539.35,2955.27
539.55,6681.48
539.67,385.47
539.82,0
539.89,944.746
540,1245.347
540.15,687.088
540.28,214.715
540.37,0
540.48,1418.912
540.58,665.115
540.7,532.092
540.84,665.115
540.98,0
541.21,1375.718
541.32,399.402
541.48,2085.766
541.59,0
541.83,44.363
541.96,88.726
542.09,709.808
542.21,0
542.31,0
542.45,266.652
542.56,0
542.81,0
542.93,844.265
543.04,0
543.31,0
543.44,1600.632
543.54,2845.568
543.69,7825.312
543.79,6491.452
543.87,0
544.02,12596.82
544.21,11354.88
544.31,11798.43
544.47,11354.88
544.6,0
544.74,15701.942
544.9,16576.702
545.02,10016.002
545.14,0
545.27,735.556
545.43,1990.328
545.52,2769.152
545.64,1471.112
545.74,0
545.88,1287.861
545.98,1509.906
546.14,7505.121
546.26,16919.829
546.39,0
546.52,2887.95
546.71,2887.95
546.83,1066.32
546.96,3509.97
547.05,0
547.19,4790.877
547.27,8395.023
547.42,6768.762
547.57,7208.292
547.68,0
547.8,7871.525
547.9,4353.525
547.99,4793.275
548.13,0
548.26,3988.985
548.42,3462.965
548.5,1490.39
548.63,43.835
548.78,0
548.89,309.491
549.03,0
549.17,176.852
549.26,2608.567
549.45,0
549.67,7972.839
549.79,6725.691
549.95,0
550.13,5462.448
550.23,6211.332
550.33,10087.908
550.47,14052.588
550.64,0
550.75,15393.343
550.88,21788.858
550.95,21215.467
551.11,20245.113
551.23,0
551.36,19853.127
551.49,12802.888
551.57,4801.083
551.73,10207.708
552.02,0
552.24,28688.058
552.34,31689.798
552.44,0
552.6,33282.775
552.69,25891.35
552.82,29864.775
552.9,32086.475
553.04,0
553.18,33921.822
553.38,5292.471
553.48,4667.376
553.64,0
553.79,460.504
553.93,502.368
554.07,293.048
554.16,83.728
554.42,0
554.54,1820.646
554.66,266.436
554.83,2841.984
554.91,0
555.15,5130.332
555.33,5793.737
555.42,6368.688
555.56,6457.142
555.67,7562.817
555.82,6899.412
555.95,8137.768
556.09,0
556.15,12349.107
556.31,13799.358
556.41,15117.768
556.61,17534.853
556.7,17095.383
556.82,0
556.93,22715.6
557.03,26421.6
557.18,23805.6
557.29,25244.4
557.44,0
557.52,30362.216
557.63,32160.824
557.77,29805.504
557.89,33145.776
558.04,0
558.19,34136.612
558.31,29506.492
558.47,22056.208
558.63,0
558.81,3207.512
558.91,1041.4
559.04,1124.712
559.19,416.56
559.5,0
559.72,0
559.88,0
559.97,44.432
560.06,222.16
560.14,1066.368
560.25,1110.8
560.36,0
560.48,44.457
560.6,10847.508
560.71,5157.012
560.85,4845.813
560.94,0
561.05,3820.636
561.23,8263.236
561.33,2843.264
561.44,6397.344
561.55,0
561.72,1979.46
561.85,1099.7
561.99,87.976
562.13,0
562.25,981.002
562.4,758.047
562.56,535.092
562.69,267.546
562.83,0
562.94,400.842
563.04,0
563.18,44.538
563.3,178.152
563.41,0
563.5,178.02
563.6,489.555
563.75,89.01
563.89,44.505
563.98,0
565.21,400.545
565.31,400.545
565.44,5963.67
565.53,6942.78
565.63,7966.395
565.77,0
565.86,6005.624
566,3135.289
566.13,2693.699
566.23,5917.306
566.33,0
566.43,8336.601
566.59,7454.421
566.72,6660.459
566.81,9086.454
566.94,0
567.09,5111.656
567.24,7094.626
567.4,9958.916
567.5,10840.236
567.66,0
567.8,15847.696
567.91,26971.984
568.07,37345.824
568.19,0
568.3,37315.74
568.43,39612.76
568.54,49147.56
568.73,50751.14
568.85,0
569.04,51586.892
569.18,54899.052
569.29,55851.298
569.43,58625.232
569.54,0
569.64,62223.018
569.76,64228.918
569.88,65633.048
570.04,0
570.21,38424.42
570.3,22953.33
570.37,11067.48
570.5,467.64
570.64,272.79
570.8,0
570.9,2403.54
571.05,7651.269
571.17,9654.219
571.3,0
571.39,0
571.52,262.722
571.67,43.787
571.8,218.935
571.93,0
572.05,397.629
572.21,971.982
572.32,706.896
572.44,88.362
572.58,0
572.71,441.96
572.8,0
572.93,88.392
573.07,0
573.16,486.508
573.28,663.42
573.4,530.736
573.51,486.508
573.65,0
573.75,8021.558
573.89,8597.692
574.01,10680.638
574.12,10902.228
574.33,0
574.49,17669.344
574.63,15788.696
574.76,17888.024
574.85,0
574.99,0
575.15,6278.292
575.27,2365.11
575.38,731.034
575.47,3612.168
575.59,0
575.71,12721.968
575.88,10991.088
576.04,11943.072
576.11,11293.992
576.24,0
576.35,13928.832
576.55,14492.928
576.64,14362.752
576.85,0
576.94,27485.376
577.07,42740.624
577.21,60243.104
577.32,56656.176
577.48,0
577.56,66653.658
577.67,62184.543
577.82,66015.213
577.92,69547.942
578.06,0
578.19,57925.252
578.26,40516.238
578.43,9981.692
578.56,825.258
578.72,0
578.84,76.538
578.94,3061.52
579.1,76.538
579.19,0
579.28,0
579.42,175.044
579.53,1269.069
579.7,1619.157
579.83,1531.635
579.93,0
580.07,2646.24
580.43,176.416
580.56,0
580.67,1104.175
580.79,1104.175
580.9,662.505
581.08,0
581.18,531.024
581.29,1593.072
581.41,2876.38
581.56,1327.56
581.72,0
581.82,974.072
581.94,708.416
582.04,265.656
582.18,0
582.32,619.71
582.44,309.855
582.54,309.855
582.68,663.975
582.78,0
582.93,309.967
583.1,398.529
583.18,88.562
583.26,708.496
583.39,0
583.5,619.92
583.64,0
583.78,0
583.89,398.52
583.99,0
584.1,310.219
584.21,487.487
584.41,7135.037
584.51,4697.602
584.68,0
584.78,4254.24
584.96,3944.035
585.08,5273.485
585.19,0
585.29,6423.27
585.44,6995.205
585.59,8842.995
585.69,9502.92
585.79,0
585.95,10582.069
586.05,10933.341
586.21,10933.341
586.29,6191.169
586.46,0
586.57,5814.26
586.71,607.46
586.8,1128.14
586.98,0
587.1,1136.434
587.23,6162.969
587.38,5507.334
587.5,12937.864
587.74,0
587.84,4377.582
588,4156.492
588.11,6455.828
588.24,0
588.31,11418.792
588.46,10096.152
588.55,5907.792
588.68,4012.008
588.83,0
588.93,523.2
589.14,305.2
589.24,43.6
589.45,0
589.55,6400.656
589.73,6711.799
589.82,5289.431
590.03,0
590.13,2593.168
590.26,4790.768
590.41,6856.512
590.52,7208.128
590.65,0
590.83,7674.792
590.96,6792.632
591.05,4146.152
591.14,3484.532
591.25,0
591.43,2882.814
591.54,1572.444
591.66,1135.654
591.76,0
591.91,13271.391
592.08,15916.851
592.19,14814.576
592.46,0
592.58,16675.2
592.66,19150.425
592.83,21104.55
592.94,26749.8
593.06,0
593.15,31412.532
593.26,29392.848
593.43,31326.588
593.53,35280.012
593.68,0
593.77,32715.536
593.93,19779.546
594.04,10515.708
594.14,1877.805
594.32,0
594.51,1032.2
594.6,82.576
594.83,165.152
594.93,0
595.09,663.555
595.2,442.37
595.36,530.844
595.47,0
595.57,0
595.68,665.295
595.88,532.236
595.99,177.412
596.08,0
596.2,310.527
596.32,266.166
596.47,399.249
596.55,221.805
596.72,0
596.83,266.256
596.96,266.256
597.05,2840.064
597.22,12913.416
597.36,0
597.44,9589.32
597.63,14472.77
597.76,12608.18
597.89,0
598.02,12816.048
598.11,13469.928
598.28,13775.072
598.39,14646.912
598.54,0
598.67,15547.213
598.76,16413.353
598.91,18015.712
599.05,17496.028
599.18,0
599.33,3884.04
599.42,302.092
599.6,1035.744
599.79,0
599.89,488.202
600.03,488.202
600.12,1597.752
600.29,5059.548
600.4,9364.602
600.53,7944.378
600.64,2263.482
600.79,5281.458
600.88,6479.772
601,0
601.13,5934.632
601.26,6589.187
601.4,7025.557
601.5,0
601.64,8280.468
601.76,7404.228
601.86,5739.372
601.99,5520.312
602.11,0
602.28,7027.006
602.39,4670.122
602.53,1178.442
602.64,392.814
602.79,0
602.95,177.496
603.06,488.114
603.2,1819.334
603.34,2263.074
603.45,843.106
603.55,399.366
603.72,1597.464
603.84,1153.724
603.93,0
604.03,3279.754
604.12,4254.816
604.33,3811.606
604.43,4387.779
604.54,0
604.75,3574.044
604.85,3132.804
605,661.86
605.11,0
605.24,44.058
605.37,308.406
605.48,176.232
605.62,88.116
605.77,0
605.89,88.958
606.01,444.79
606.12,44.479
606.3,0
606.39,311.262
606.52,222.33
606.6,622.524
606.71,0
606.86,0
607.04,88.944
607.12,177.888
607.25,711.552
607.33,0
607.46,0
607.56,0
607.73,400.275
607.83,44.475
607.95,2490.6
608.02,0
608.14,2045.804
608.32,711.584
608.4,1823.434
608.49,5826.094
608.64,0
608.77,5500.764
608.88,3815.046
608.99,2395.494
609.16,2040.606
609.3,0
609.41,3042.279
609.53,3924.099
609.66,4453.191
609.79,5775.921
609.93,0
610.06,6812.19
610.23,7564.185
610.34,11235.69
610.57,0
610.71,10746.736
610.85,11407.396
610.95,13609.596
611.03,15679.664
611.19,0
611.34,14224.032
611.41,13482.288
611.55,15751.152
611.68,16318.368
611.81,0
611.92,12490.58
612.04,13657.52
612.24,12793.12
612.35,14738.02
612.52,0
612.7,10748.832
612.82,9669.632
612.93,0
613.04,4278.483
613.15,5791.078
613.33,10112.778
613.46,10847.467
613.6,0
613.7,10257.156
613.82,10563.994
613.97,10563.994
614.09,10914.666
614.22,0
614.43,10150.92
614.56,5465.88
614.67,7548.12
614.84,0
614.94,5479.866
615.04,5697.321
615.19,6958.56
615.3,1391.712
615.39,0
615.55,262.506
615.71,525.012
615.8,875.02
615.91,87.502
616.04,0
616.19,266.55
616.32,399.825
616.45,533.1
616.64,0
616.73,88.832
616.82,88.832
616.9,444.16
617.05,5285.504
617.17,0
617.41,0
617.54,3066.981
617.67,5511.676
617.79,0
617.94,3152.258
618.1,4484.198
618.2,4173.412
618.28,6393.312
618.46,0
618.62,8430.167
618.8,6797.098
618.94,6885.372
619.06,0
619.18,7945.9
619.41,6102.1
619.54,7287.4
619.67,0
619.77,7632.162
619.9,7851.477
620.06,7061.943
620.17,7061.943
620.26,0
620.4,9686.651
620.57,9160.679
620.69,8064.904
620.83,8284.059
620.92,0
621.06,9147.303
621.16,10241.478
621.31,10110.177
621.43,9147.303
621.53,0
621.66,10222.524
621.78,7033.446
621.91,10659.384
622.07,10222.524
622.19,0
622.29,8340.588
622.4,11528.352
622.58,7685.568
622.74,0
622.83,9208.04
622.92,8335.24
623.09,7811.56
623.24,13572.04
623.34,0
623.49,14202.516
623.62,12808.404
623.74,11501.424
623.87,10194.444
623.99,0
624.13,10433.613
624.27,11212.887
624.39,14329.983
624.5,64896.207
624.64,0
624.77,54538.032
624.88,62050.038
625.01,62701.368
625.11,60964.488
625.27,0
625.36,66417.192
625.47,65133.768
625.64,62807.562
625.77,65935.908
625.88,0
626.03,0
626.13,629.44
626.3,2124.36
626.4,5940.34
626.53,3501.26
626.68,0
626.78,718.097
626.88,1562.917
627.03,1647.399
627.14,1520.676
627.34,0
627.44,835.829
627.61,1539.685
627.74,0
627.85,1366.48
628,220.4
628.13,837.52
628.24,220.4
628.43,0
628.52,44.092
628.74,176.368
628.86,0
628.98,0
629.11,705.76
629.19,264.66
629.34,705.76
629.5,1146.86
629.63,0
629.76,1147.432
629.9,485.452
630.04,264.792
630.15,0
630.22,397.548
630.38,44.172
630.52,1148.472
630.65,265.032
630.78,0
630.88,707.376
631.05,397.899
631.15,707.376
631.4,707.376
631.5,2033.706
631.64,9461.154
631.74,5570.586
631.88,0
631.99,7032.252
632.1,11012.772
632.24,8359.092
632.37,6678.428
632.49,0
632.58,2362.014
632.75,4199.136
632.88,5861.294
632.99,9666.761
633.1,0
633.2,11767.674
633.38,12292.626
633.53,10761.516
633.65,12948.816
633.91,0
634.06,866.3
634.17,1472.71
634.33,0
634.45,3006.33
634.58,2788.48
634.7,1568.52
634.82,2657.77
634.98,0
635.09,10305.36
635.17,3347.04
635.27,2598.36
635.4,4007.64
635.55,0
635.67,2440.984
635.77,3443.531
636.01,2353.806
636.11,0
636.24,4222.656
636.34,6773.844
636.48,8313.354
636.58,13459.716
636.7,13239.786
636.87,0
636.95,12061.206
637.1,13821.966
637.19,12589.434
637.33,13469.814
637.47,0
637.58,14129.818
637.66,17077.142
637.84,23578.592
637.97,28649.723
638.05,0
638.15,40634.48
638.3,39343.13
638.38,45799.88
638.54,45369.43
638.64,51481.82
638.73,0
638.9,44378.754
639.02,38180.604
639.14,33304.726
639.27,4173.421
639.36,0
639.5,160.516
639.61,1043.354
639.69,200.645
639.85,1003.225
639.97,0
640.06,486.772
640.2,265.512
640.33,88.504
640.48,309.764
640.73,0
640.87,264.336
640.98,3700.704
641.07,0
641.22,3703.728
641.37,3924.188
641.52,3703.728
641.63,11199.368
641.74,0
641.87,12526.514
642.03,11124.946
642.13,10336.564
642.24,8584.604
642.35,0
642.61,22450.902
642.75,22234.612
642.86,24484.028
642.98,0
643.06,0
643.2,23948.032
643.32,31184.128
643.43,28685.952
643.57,31830.208
643.67,0
643.78,32387.973
643.88,35630.982
643.97,27839.337
644.12,4085.349
644.28,5770.029
644.4,0
644.49,247.164
644.59,2100.894
644.74,5931.936
644.85,0
644.99,6298.128
645.14,3236.538
645.26,6822.972
645.39,6166.917
645.52,0
645.68,4524.624
645.79,5177.214
645.94,1392.192
646.06,0
646.15,653.235
646.29,1524.215
646.41,479.039
646.53,1611.313
646.66,0
646.75,176.524
646.84,7899.449
647,3486.349
647.11,4677.886
647.21,0
647.31,5993.384
647.43,616.966
647.52,1542.415
647.67,88.138
647.83,0
647.94,262.77
648.04,306.565
648.18,175.18
648.3,875.9
648.43,0
648.52,663.09
648.68,663.09
648.79,221.03
648.94,839.914
649.03,0
649.16,176.788
649.32,618.758
649.41,44.197
649.54,707.152
649.65,0
649.77,88.37
649.93,176.74
650.06,265.11
650.17,0
650.29,0
650.41,176.812
650.58,265.218
650.7,176.812
650.81,0
650.92,3935.224
651.05,3139.336
651.16,4819.544
651.29,5703.864
651.43,0
651.56,3337.464
651.72,3908.346
651.86,7948.434
651.96,0
652.08,10648.826
652.22,12769.754
652.37,88.372
652.42,11532.546
652.58,0
652.7,13179.008
652.86,11098.112
652.97,12615.432
653.13,12398.672
653.26,0
653.39,28212.906
653.53,34468.061
653.65,35115.146
653.78,37142.679
653.94,0
654.03,44710.68
654.17,43650.18
654.31,49376.88
654.42,52134.18
654.56,0
654.67,56451.424
654.8,57342.336
654.94,62809.296
655.04,62809.296
655.2,0
655.35,56378.289
655.43,63212.021
655.56,38697.994
655.67,29440.671
655.78,11680.914
655.88,0
655.99,1972.221
656.11,232.026
656.27,193.355
656.43,0
656.54,0
656.63,0
656.78,172.504
656.89,1035.024
657,0
657.17,613.298
657.43,262.842
657.55,481.877
657.65,438.07
657.78,919.947
657.89,1577.052
658.03,262.842
658.13,481.877
658.36,0
658.48,175.364
658.66,701.456
658.79,613.774
658.86,0
658.99,1999.16
659.13,4302.54
659.22,14167.96
659.35,11908.04
659.46,9821.96
659.58,12864.16
659.73,11994.96
659.87,12559.94
660.01,0
660.13,13106.048
660.25,13106.048
660.4,12761.152
660.55,13623.392
660.67,0
660.78,15909.593
661.03,16252.657
661.13,11321.112
661.27,0
661.39,12611.672
661.51,16659.337
661.64,21047.858
661.73,15807.197
661.87,18065.368
662.01,0
662.19,17737.946
662.34,23664.706
662.43,28829.454
662.56,27474.766
662.66,36999.916
662.74,38142.934
662.85,34248.206
663,37507.924
663.1,41952.994
663.25,0
663.37,57590.676
663.52,55949.916
663.62,59026.341
663.75,61487.481
663.87,58411.056
663.97,0
664.09,35422.398
664.22,12963.258
664.37,9692.892
664.49,9220.068
664.63,0
664.73,4882.35
664.89,9441.9
665.02,8836.65
665.17,13275.15
665.42,0
665.6,11934.783
665.72,7657.083
665.95,0
666.05,1364.8
666.27,255.9
666.44,383.85
666.56,0
666.76,691.76
666.89,1253.815
667.03,216.175
667.16,0
667.29,87.396
667.37,1485.732
667.53,174.792
667.64,0
667.81,394.038
667.96,481.602
668.04,1138.332
668.15,831.858
668.27,0
668.43,1138.488
668.55,2583.492
668.67,700.608
668.83,16026.408
668.95,0
669.13,10679.88
669.21,4770.93
669.33,6084.03
669.47,0
669.57,9374.514
669.69,9588.544
669.94,5950.034
670.07,0
670.18,6503.57
670.28,4909.98
670.42,3488.67
670.52,4263.93
670.63,0
670.7,4720.681
670.85,9354.744
670.99,8055.474
671.1,4071.046
671.2,0
671.48,6356.11
671.57,5398.34
671.73,4745.315
671.83,0
671.94,8570.296
672.08,7914.406
672.22,9663.446
672.36,11543.664
672.53,0
672.62,3412.8
672.7,4147.2
672.86,518.4
672.98,1900.8
673.08,0
673.2,10819.299
673.29,10037.181
673.44,10037.181
673.59,8081.886
673.68,0
673.93,4730.273
674.02,1692.483
674.17,1735.88
674.3,0
674.43,1036.008
674.53,2546.853
674.62,647.505
674.76,259.002
674.89,0
675.02,1932.788
675.13,1361.737
675.24,3470.233
675.4,0
675.5,3540.996
675.64,8349.756
675.79,5639.364
675.89,4415.316
675.99,0
676.09,6562.762
676.25,9083.558
676.42,9735.488
676.52,14820.542
676.6,13516.682
676.73,13299.372
676.86,15385.548
677,16037.478
677.13,18732.122
677.23,18732.122
677.38,0
677.47,21626.64
677.6,22913.94
677.7,26218.01
677.86,30509.01
677.98,0
678.08,39389.6
678.23,44053.6
678.31,44477.6
678.44,42993.6
678.57,45537.6
678.71,0
678.83,7172.976
678.95,8121.128
679.05,412.24
679.16,1401.616
679.31,0
679.44,205.685
679.61,41.137
679.77,452.507
679.88,0
680.04,524.976
680.19,699.968
680.32,262.488
680.46,0
680.55,1050.528
680.71,700.352
680.86,437.72
680.98,43.772
681.06,0
681.15,16820.736
681.31,13316.416
681.47,8366.564
681.59,5650.716
681.71,0
681.84,10974.724
681.98,15347.124
682.19,20725.176
682.31,0
682.48,0
682.61,22540.544
682.72,22324.224
682.89,0
682.99,0
683.13,46772.74
683.28,39287.41
683.4,30829.41
683.49,36200.24
683.64,0
683.76,33194.792
683.86,39158.178
683.99,11259.54
684.09,1959.994
684.23,0
684.4,990.768
684.5,6852.812
684.62,2435.638
684.75,3467.688
684.9,0
684.99,7884.903
685.09,5183.997
685.3,1568.268
685.43,0
685.61,0
685.74,514.26
685.87,1028.52
685.97,942.81
687.03,0
687.14,3893.253
687.25,3807.687
687.4,6460.233
687.48,6460.233
687.66,6674.148
687.77,0
687.85,1514.03
687.98,821.902
688.09,1038.192
688.26,475.838
688.47,0
688.62,748.68
688.75,44.04
688.88,704.64
688.97,0
689.11,701.728
689.24,263.148
689.39,394.722
689.49,614.012
689.59,394.722
689.73,482.438
689.99,482.438
690.1,0
690.25,0
690.36,1930.808
690.46,702.112
690.57,9610.158
690.74,1404.224
690.85,0
690.95,700.384
691.07,700.384
691.23,481.514
691.46,0
691.61,11148.822
691.75,8164.098
691.87,0
691.96,0
692.14,12252.564
692.22,9837.184
692.37,8739.284
692.48,7290.056
692.66,0
692.8,8725.812
692.91,10592.528
693.02,14716.668
693.21,14065.488
693.33,0
693.42,31612.826
693.56,33904.864
693.66,38964.646
693.77,38964.646
693.93,0
694.04,41700.936
694.27,46362.626
694.36,57254.029
694.52,58016.851
694.71,0
694.81,60375.927
694.91,62944.248
695.01,65186.433
695.19,65879.472
695.3,0
695.42,65175.076
695.52,43239.256
695.69,25255.836
695.79,16837.224
695.92,0
696.05,424.149
696.2,578.385
696.29,539.826
696.44,4588.521
696.57,0
696.7,1062.675
696.83,1955.322
696.92,807.633
697.08,892.647
697.21,0
697.34,391.545
697.46,1348.655
697.61,1087.625
697.71,696.08
697.81,0
697.94,3091.127
698.06,1393.184
698.21,261.222
698.31,0
698.45,522.504
698.59,696.672
698.71,304.794
698.83,43.542
698.93,0
699.06,19689.758
699.2,14800.062
699.3,8993.548
699.45,2008.268
699.64,0
699.73,22762.509
699.87,11233.446
699.96,2491.629
700.13,0
700.24,13859.564
700.39,11861.406
700.49,13646.994
700.65,21001.916
700.79,0
700.92,20620.82
701.03,20194.77
701.18,18064.52
701.28,681.68
701.41,0
701.52,34344.893
701.64,18448.353
701.79,26187.458
701.88,34888.722
702.03,33424.567
702.13,0
702.23,37436.256
702.42,38054.016
702.55,41019.264
702.65,46084.896
702.84,0
703.01,58126.612
703.14,73616.172
703.25,69866.068
703.36,0
703.5,35467.544
703.63,14801.416
703.75,13405.056
703.87,8338.264
703.99,0
704.12,4878.72
704.27,161.28
704.4,3185.28
704.53,3185.28
704.64,1854.72
704.77,0
704.9,894.453
705.07,681.488
705.18,638.895
705.3,0
705.4,0
705.55,477.004
705.7,11534.824
705.8,23156.376
705.91,0
706.07,21336.405
706.18,24595.53
706.31,25247.355
706.44,6300.975
706.58,0
706.67,997.512
706.78,83.126
706.89,831.26
707.08,0
707.18,654.465
707.3,1570.716
707.46,43.631
707.57,479.941
707.7,0
707.81,522.324
707.91,478.797
708.05,87.054
708.2,609.378
708.31,0
708.46,217.755
708.59,1045.224
708.73,827.469
708.84,1132.326
708.95,0
709.07,391.986
709.16,479.094
709.25,43.554
709.46,0
709.56,697.536
709.67,697.536
709.81,4533.984
709.93,12904.416
710.08,0
710.22,8462.862
710.35,16969.347
710.44,9204.453
710.57,12039.948
710.68,0
710.83,941.094
710.96,6887.097
711.09,17709.678
711.18,18779.103
711.32,0
711.48,3480.88
711.6,9746.464
711.71,7440.381
711.79,7222.826
711.95,0
712.08,1515.815
712.17,822.871
712.45,0
712.53,694.064
712.68,86.758
712.81,173.516
712.97,173.516
713.06,0
713.18,393.246
713.33,262.164
713.48,262.164
713.56,262.164
713.7,0
713.81,611.94
713.94,262.26
714.08,4545.84
714.16,1267.59
714.24,0
714.43,43.733
714.52,918.393
714.69,87.466
714.79,0
714.92,262.8
715.03,262.8
715.17,394.2
715.27,262.8
715.46,0
715.56,0
715.65,393.93
715.76,393.93
715.9,262.62
716.05,0
716.15,262.71
716.31,700.56
716.69,0
716.82,394.065
716.92,700.56
717.05,394.065
717.2,0
717.36,262.794
717.47,394.191
717.55,700.784
717.62,394.191
717.76,0
717.94,700.928
718.03,394.272
718.12,481.888
718.21,481.888
718.34,0
718.51,481.932
718.74,262.872
718.85,700.992
719.01,0
719.12,394.497
719.23,262.998
719.34,394.497
719.52,0
719.62,263.088
719.7,613.872
719.88,394.632
719.97,175.392
720.21,0
720.34,394.731
720.52,263.154
720.61,614.026
720.7,0
720.82,482.537
720.97,482.537
721.11,175.468
721.26,614.138
721.37,0
721.47,175.516
721.54,614.306
721.67,263.274
721.89,0
721.99,0
722.09,263.382
722.18,482.867
722.29,263.382
722.5,0
722.7,263.382
722.86,43.897
722.96,263.382
723.12,0
723.25,263.538
723.35,43.923
723.46,175.692
723.57,175.692
723.74,0
723.87,43.93
723.96,263.58
724.09,263.58
724.21,0
724.4,395.46
724.63,263.64
724.74,263.64
724.87,0
724.98,263.664
725.13,43.944
725.42,175.776
725.53,0
725.58,263.73
725.74,263.73
725.86,263.73
725.96,175.82
726.08,0
726.2,175.872
726.36,43.968
726.5,263.808
726.57,43.968
726.73,175.872
726.84,263.808
727,175.872
727.11,43.968
727.25,0
727.35,175.936
727.54,43.984
727.64,263.904
727.74,263.904
727.87,0
727.96,175.952
728.12,263.928
728.27,263.928
728.41,0
728.48,43.999
728.6,43.999
728.74,175.996
728.93,175.996
729.03,0
729.11,44.001
729.25,264.006
729.36,176.004
729.48,176.004
729.62,0
729.76,264.048
729.86,176.032
729.97,616.112
730.04,3476.632
730.17,0
730.3,0
730.41,2816.832
730.52,2816.832
730.61,4357.287
730.75,3344.988
730.89,0
731,1140.178
731.22,2455.768
731.35,7849.687
731.51,0
731.67,5959.792
731.8,6748.588
731.89,6617.122
732.02,7055.342
732.18,0
732.29,7686.448
732.44,7817.467
732.54,8909.292
732.67,8341.543
732.85,0
732.95,9740.192
733.02,9609.743
733.15,10044.573
733.3,10609.852
733.46,0
733.59,10576.424
733.69,10142.964
733.83,11660.074
733.95,10793.154
734.27,0
734.37,11706.387
734.46,8380.218
734.58,7732.263
734.68,0
734.86,0
734.97,11031.552
735.06,12755.232
735.2,6506.892
735.31,0
735.5,257.718
735.61,1245.637
735.69,816.107
735.82,4123.488
735.91,0
736.1,6644
736.22,1056
736.33,1276
736.44,13904
736.53,0
736.71,1557.72
736.83,1687.53
736.93,2206.77
737.03,1774.07
737.16,0
737.29,2800.64
737.43,3675.84
737.67,3457.04
737.8,0
737.92,4416.427
738.08,4328.973
738.19,4328.973
738.36,0
738.47,2652.341
738.55,5478.606
738.7,3652.404
738.81,4739.429
738.93,0
739.08,3745.988
739.18,4965.612
739.3,3745.988
739.43,1568.088
739.55,0
739.68,3524.472
739.8,3306.912
739.92,3524.472
740.08,0
740.18,0
740.28,4766.57
740.37,3017.37
740.47,2011.58
740.66,2011.58
740.77,0
740.85,959.794
740.93,654.405
741.03,479.897
741.23,436.27
741.34,0
741.54,3338.68
741.63,3031.17
741.79,87.86
741.93,0
742.07,43.871
742.16,701.936
742.24,701.936
742.38,0
742.55,615.524
742.7,43.966
742.86,263.796
743.02,0
743.14,0
743.27,263.838
743.38,395.757
743.51,483.703
743.64,0
743.72,395.811
743.85,615.706
743.99,175.916
744.13,615.706
744.27,0
744.34,1583.532
744.53,1583.532
744.63,1495.558
744.74,703.792
744.87,0
744.98,835.088
745.12,922.992
745.24,2153.648
745.34,3911.728
745.49,2241.552
745.58,3032.688
745.7,3032.688
745.84,2241.552
745.99,0
746.08,1707.069
746.22,2451.176
746.36,2582.489
746.55,3676.764
746.86,0
747.02,5305.971
747.14,7279.266
747.25,0
747.34,9134.763
747.5,7473.897
747.61,8348.037
747.78,0
747.92,0
748.03,9070.809
748.17,9287.814
748.27,9721.824
748.49,0
748.61,13164.112
748.71,11951.628
748.84,12384.658
748.94,11215.477
749.15,0
749.28,15710.916
749.35,15410.434
749.46,14423.136
749.59,13779.246
749.78,0
749.88,13923.46
750.01,16187.09
750.1,16187.09
750.18,16614.19
750.35,0
750.56,0
750.65,23713.97
750.75,23285.92
750.9,23713.97
751.03,0
751.19,0
751.31,8844.88
751.46,3808.8
751.56,84.64
751.72,0
751.82,710.124
751.96,1462.02
752.07,250.632
752.32,0
752.45,745.535
752.68,657.825
752.82,87.71
752.95,0
753.08,87.828
753.24,878.28
753.33,702.624
753.47,0
753.55,0
753.68,483.45
753.79,43.95
753.93,659.25
754.04,0
754.13,395.217
754.28,702.608
754.4,0
754.5,614.782
754.63,0
754.76,0
754.89,1932.48
755.03,658.8
755.13,1141.92
755.23,0
755.34,4984.194
755.54,4765.589
755.65,4415.821
755.77,5640.009
755.91,0
756.01,5272.333
756.21,5620.917
756.32,5708.063
756.45,0
756.53,7440.039
756.67,7440.039
756.79,6352.314
756.96,8310.219
757.2,0
757.32,8276.794
757.46,9273.476
757.58,0
757.68,7823.363
757.82,8169.147
757.91,8385.262
758.06,648.345
758.19,0
758.27,1035.384
758.42,733.397
758.56,0
758.6,690.256
758.72,172.564
758.88,0
758.98,526.752
759.1,0
760,0
761.025641025641,0
762.051282051282,0
763.076923076923,0
764.102564102564,0
765.128205128205,0
766.153846153846,0
767.179487179487,0
768.205128205128,0
769.230769230769,0
770.25641025641,0
771.282051282051,0
772.307692307692,0
773.333333333333,0
774.358974358974,0
775.384615384615,0
776.410256410256,0
777.435897435897,0
778.461538461538,0
779.487179487179,0
780.512820512821,0
781.538461538462,0
782.564102564103,0
783.589743589744,0
784.615384615385,0
785.641025641026,0
786.666666666667,0
787.692307692308,0
788.717948717949,0
789.74358974359,0
790.769230769231,0
791.794871794872,0
792.820512820513,0
793.846153846154,0
794.871794871795,0
795.897435897436,0
796.923076923077,0
797.948717948718,0
798.974358974359,0
800,0
