Time (s),MC In,MC Out,Motor In,Motor Out
3.32,19,19,16,17
3.35,19,19,16,17
3.39,19,19,16,17
3.44,19,19,16,17
3.48,19,19,16,17
3.97,19,19,16,17
4.46,19,19,16,17
4.95,19,19,16,17
5.46,19,19,16,17
5.94,19,20,16,17
6.43,19,20,17,17
6.92,19,20,17,17
7.42,19,20,17,17
7.95,19,20,17,17
8.4,19,20,17,17
8.89,19,20,17,17
9.39,19,20,17,17
9.88,19,20,17,17
10.37,19,20,17,17
10.87,19,20,17,17
11.36,19,20,17,17
11.86,19,20,17,17
12.37,19,20,17,17
12.83,19,20,17,18
13.32,19,20,17,18
13.83,19,20,17,18
14.32,19,20,17,18
14.81,19,20,17,18
15.31,19,20,17,18
15.8,19,20,17,18
16.29,19,20,16,18
16.78,19,20,16,18
17.27,19,20,16,18
17.76,19,20,16,18
18.26,19,20,16,18
18.75,19,20,16,18
19.24,19,20,16,18
19.74,18,20,16,18
20.24,18,20,16,18
20.73,18,20,16,18
21.21,18,20,16,18
21.71,18,20,16,18
22.22,18,20,16,18
22.69,18,20,16,18
23.19,18,20,16,18
23.68,18,20,16,18
24.19,18,20,16,18
24.69,18,20,16,18
25.16,18,20,16,18
25.65,18,20,16,18
26.16,18,20,16,18
26.63,18,20,16,18
27.13,18,20,16,18
27.62,18,20,17,18
28.12,18,20,16,18
28.62,18,20,17,18
29.1,18,20,16,18
29.61,18,20,17,18
30.1,18,20,17,18
30.59,19,20,17,18
31.07,19,19,17,18
31.57,19,19,17,18
32.07,19,19,17,18
32.55,19,19,17,17
33.04,19,19,17,17
33.54,19,19,17,17
34.05,19,18,17,17
34.53,19,18,17,18
35.02,19,19,17,18
35.51,19,19,17,18
36.0,19,19,17,18
36.51,18,19,17,18
36.99,18,19,17,18
37.48,18,20,17,18
37.97,18,20,17,18
38.48,18,20,17,18
38.96,18,20,17,18
39.45,18,20,17,18
39.95,18,20,17,18
40.44,18,20,17,18
40.93,18,20,17,18
41.43,18,20,16,18
41.92,19,20,16,18
42.43,18,19,16,18
42.91,18,20,16,19
43.4,18,20,16,18
43.89,18,20,17,18
44.38,18,20,17,18
44.88,18,20,17,18
45.39,18,20,17,18
45.87,18,18,17,18
46.36,18,20,17,18
46.85,18,20,17,18
47.34,18,20,17,18
47.83,18,24,17,19
48.35,18,20,17,19
48.82,18,20,26,19
49.31,18,20,18,19
49.82,18,20,17,18
50.3,18,21,17,19
50.79,18,21,17,19
51.28,18,21,17,19
51.78,18,21,17,19
52.27,17,20,16,19
52.76,20,20,16,19
53.26,16,21,16,19
53.77,17,21,17,19
54.24,17,21,16,19
54.74,16,20,16,18
55.23,17,20,16,18
55.72,16,20,16,18
56.21,16,21,16,18
56.71,17,21,16,18
57.2,17,21,16,18
57.71,17,21,16,18
58.18,17,21,16,18
58.68,16,20,16,18
59.17,16,20,16,18
59.68,16,20,16,18
60.16,16,23,16,18
60.65,16,20,16,18
61.15,16,20,16,18
61.64,16,20,16,18
62.13,17,20,16,19
62.62,16,20,16,18
63.12,16,21,16,18
63.61,16,20,16,17
64.11,16,20,17,18
64.61,16,20,17,18
65.09,16,20,19,18
65.6,16,20,16,18
66.07,16,20,16,18
66.57,16,20,16,18
67.06,16,20,16,17
67.55,16,21,14,18
68.06,16,20,18,17
68.54,17,20,16,17
69.04,17,20,17,17
69.54,16,21,17,15
70.05,17,21,17,17
70.51,17,21,17,17
71.0,17,20,16,17
71.49,17,20,16,17
71.99,16,20,16,17
72.48,17,21,16,17
72.97,17,21,17,17
73.46,18,21,17,17
73.97,18,21,17,17
74.45,20,21,17,16
75.56,18,21,17,17
75.6,18,21,18,17
75.95,18,21,18,15
76.42,18,21,17,17
76.92,17,21,18,17
77.41,17,21,18,17
77.9,17,21,17,16
78.39,19,21,17,17
78.89,16,20,17,17
79.38,17,20,17,17
79.87,17,20,18,18
80.36,17,20,17,18
80.85,17,20,17,18
81.35,17,20,17,18
81.84,17,20,17,18
82.33,17,21,17,18
82.84,17,21,17,18
83.32,17,21,17,18
83.81,17,21,17,18
84.3,17,21,18,18
84.81,17,21,17,18
85.29,17,21,17,17
85.78,17,21,17,18
86.29,17,21,17,18
86.77,17,21,17,17
87.28,17,21,17,18
87.75,17,21,17,18
88.25,16,20,16,18
88.75,16,20,16,17
89.24,16,20,16,17
89.73,15,20,16,17
90.22,16,20,16,17
90.72,16,20,16,17
91.21,16,20,16,17
91.7,16,20,16,17
92.21,16,20,16,18
92.69,16,20,15,17
93.19,16,20,16,17
93.68,16,20,15,17
94.16,16,20,16,17
94.66,16,20,16,17
95.15,16,20,16,17
95.66,17,20,17,17
96.14,17,19,17,17
96.63,17,20,17,17
97.13,17,20,17,17
97.61,17,23,17,17
98.11,18,20,17,17
98.62,17,20,16,17
99.11,17,20,17,17
99.59,17,21,17,17
100.08,17,21,17,17
100.59,17,21,16,17
101.06,17,21,17,17
101.56,16,19,17,17
102.05,17,21,17,17
102.56,17,21,17,17
103.05,17,21,17,17
103.53,16,21,17,17
104.03,17,21,17,17
104.52,17,20,17,17
105.01,16,21,16,17
105.5,16,21,16,17
106.0,16,21,17,17
106.5,17,21,17,20
106.99,17,21,17,17
107.47,17,21,17,17
107.97,18,20,16,17
108.46,16,21,16,17
108.95,16,21,16,17
109.45,17,21,16,17
109.95,17,21,17,17
110.43,17,21,17,17
110.95,17,21,17,17
111.43,17,21,17,17
111.93,18,21,17,18
112.41,17,21,17,17
112.92,17,21,17,17
113.39,17,21,17,17
113.92,15,20,16,17
114.38,17,21,17,17
114.87,17,21,17,17
115.37,17,21,16,18
115.86,17,21,17,17
116.36,18,21,18,17
116.84,17,21,17,17
117.35,17,21,17,17
117.83,17,21,17,17
118.33,18,21,17,17
118.82,17,22,17,17
119.31,17,21,17,17
119.8,12,21,17,17
120.31,17,21,17,17
120.79,20,21,17,17
121.28,17,21,17,17
121.77,16,20,16,17
122.27,16,20,16,17
122.76,16,20,16,17
123.26,16,20,16,17
123.75,16,21,17,17
124.24,16,21,17,17
124.73,17,21,17,17
125.23,17,21,17,17
125.72,17,21,14,17
126.21,17,21,17,17
126.7,17,22,17,17
127.21,17,21,18,17
127.69,17,21,17,17
128.19,18,21,17,17
128.67,17,21,17,17
129.17,17,21,17,17
129.66,17,20,17,17
130.16,17,20,17,17
130.65,17,20,17,17
131.14,17,21,17,17
131.64,16,21,17,17
132.13,17,21,17,17
132.63,16,21,17,17
133.11,17,21,17,17
133.61,17,20,16,17
134.1,16,20,16,17
134.61,16,20,16,17
135.1,16,20,16,17
135.58,17,20,16,17
136.08,17,20,17,17
136.57,17,20,17,17
137.07,17,21,17,17
137.57,17,21,17,17
138.06,17,21,17,17
138.54,13,20,17,17
139.03,17,20,16,17
139.52,17,21,17,17
140.02,17,22,17,17
140.51,17,21,17,17
141.02,17,21,17,17
141.51,16,21,16,17
141.99,16,21,17,17
142.49,16,21,16,16
143.0,17,21,16,17
143.48,17,21,17,17
143.97,17,21,17,17
144.46,17,21,18,17
144.95,17,21,17,17
145.44,17,21,17,17
145.94,16,21,16,17
146.43,16,21,17,17
146.94,16,21,17,17
147.41,16,21,17,17
147.91,16,21,17,17
148.4,16,21,17,17
148.91,16,21,16,17
149.39,16,21,16,17
149.88,16,21,16,18
150.38,16,21,17,17
150.87,16,21,16,17
151.36,17,21,17,17
151.85,17,21,17,17
152.35,17,21,17,17
152.84,17,21,17,17
153.34,18,21,17,17
153.83,17,22,17,17
154.33,20,21,17,17
154.82,17,21,17,17
155.32,17,21,17,17
155.81,18,22,17,17
156.3,18,22,17,17
156.8,20,21,19,17
157.29,18,21,17,17
157.77,18,21,18,17
158.26,18,21,18,17
158.76,18,21,18,17
159.26,18,21,18,17
159.75,18,21,18,17
160.24,17,21,17,18
160.73,17,21,17,18
161.22,17,21,17,18
161.73,17,21,17,18
162.21,17,21,17,18
162.71,16,21,17,18
163.22,16,21,17,18
163.69,17,21,17,18
164.18,17,21,17,18
164.67,17,21,17,17
165.17,17,21,18,15
165.66,17,21,17,17
166.16,17,22,18,17
166.65,17,22,18,17
167.15,17,22,18,17
167.63,17,21,18,17
168.13,17,21,18,17
168.62,17,21,18,18
169.11,18,21,18,18
169.62,17,21,18,18
170.1,17,21,17,18
170.59,18,21,18,18
171.09,17,21,17,17
171.59,17,20,17,17
172.07,16,23,16,17
172.57,16,22,16,17
173.06,17,21,16,17
173.55,16,21,16,17
174.04,16,21,16,17
174.54,16,21,16,17
175.03,16,20,16,17
175.53,16,20,15,17
176.02,17,20,17,17
176.51,16,20,16,17
177.0,17,20,16,17
177.5,16,19,17,17
178.0,9,21,17,17
178.48,17,21,17,17
178.98,17,21,16,17
179.47,17,21,17,17
179.98,17,21,17,17
180.46,17,21,17,17
180.95,17,21,17,17
181.46,17,21,17,17
181.94,17,21,17,17
182.43,17,21,17,17
182.93,16,21,16,17
183.42,16,21,16,17
183.94,16,21,16,17
184.41,16,21,18,17
184.9,16,21,15,17
185.39,16,21,16,17
185.89,16,21,17,17
186.38,16,21,17,17
186.87,16,21,17,17
187.36,16,21,17,17
187.85,16,21,16,17
188.35,16,21,17,17
188.84,17,18,17,17
189.33,16,21,16,17
189.83,9,19,17,17
190.33,16,21,17,17
190.82,17,21,17,17
191.31,17,21,17,17
191.82,17,21,17,17
192.29,17,21,17,17
192.79,17,21,16,17
193.28,17,21,16,17
193.79,17,21,17,17
194.27,17,21,17,17
194.76,17,22,17,17
195.27,17,22,17,17
195.76,18,22,17,17
196.24,18,22,18,17
196.74,18,21,20,17
197.23,18,21,18,17
197.74,18,21,18,17
198.86,17,21,17,17
199.04,17,21,17,17
199.22,17,21,17,17
199.7,17,21,17,17
200.19,17,21,16,17
200.69,16,21,16,17
201.18,16,20,17,18
201.67,16,20,17,18
202.17,16,20,17,17
202.66,17,21,17,17
203.18,16,21,17,17
203.64,16,21,17,17
204.14,16,21,17,17
204.63,17,21,17,17
205.13,17,22,17,17
205.62,15,22,17,17
206.11,15,21,17,17
206.61,17,22,17,16
207.1,17,21,17,17
207.59,17,21,17,17
208.09,17,21,17,17
208.58,17,21,17,17
209.08,17,21,17,17
209.57,17,21,17,18
210.07,17,21,17,18
210.57,16,21,17,17
211.05,17,21,17,18
211.55,17,21,17,18
212.03,16,21,16,18
212.53,16,21,16,17
213.02,16,21,17,17
213.53,16,21,16,17
214.01,16,21,16,17
214.51,16,21,16,17
215.01,16,20,17,17
215.52,17,21,16,17
216.0,17,23,17,17
216.48,18,21,17,17
216.99,16,21,17,17
217.46,17,21,17,17
217.98,17,22,17,17
218.45,17,21,17,17
218.95,17,21,17,17
219.44,17,21,17,17
219.93,17,21,17,18
220.42,17,21,17,17
220.92,17,21,17,17
221.42,17,21,17,17
221.91,17,21,17,17
222.41,16,21,18,17
222.9,16,21,16,17
223.39,16,21,17,17
223.89,16,21,16,17
224.37,16,21,16,17
224.86,16,21,16,17
225.36,16,21,16,17
225.87,16,21,16,17
226.35,16,21,17,17
226.83,17,25,17,17
227.33,16,21,17,17
227.83,16,21,16,17
228.32,16,21,16,17
228.81,16,21,16,16
229.31,16,19,16,17
229.8,15,21,16,17
230.29,16,21,16,17
230.78,16,21,16,17
231.3,17,21,16,17
231.78,16,21,16,17
232.27,17,21,16,17
232.8,17,21,17,17
233.26,17,22,17,17
233.75,17,22,17,17
234.24,17,22,17,17
234.73,17,22,17,17
235.23,17,22,17,17
235.73,18,22,18,17
236.21,18,22,18,17
236.71,18,22,18,17
237.2,17,20,18,17
237.71,16,21,18,17
238.21,17,21,18,17
238.69,19,21,17,17
239.18,16,21,17,17
239.67,17,21,17,17
240.16,17,23,17,17
240.65,17,21,17,18
241.15,17,21,17,18
241.65,17,21,17,18
242.14,17,21,17,18
242.63,17,21,17,18
243.13,17,21,17,18
243.62,17,21,17,18
244.11,17,22,17,17
244.6,17,22,17,17
245.1,17,22,17,17
245.6,17,22,17,17
246.08,20,22,18,17
246.58,16,21,17,17
247.07,16,22,15,17
247.57,17,21,16,17
248.06,18,21,17,18
248.55,17,21,17,18
249.05,16,21,17,18
249.54,16,21,17,17
250.05,16,21,17,16
250.53,16,21,17,17
251.02,16,21,17,17
251.52,16,21,16,18
252.04,16,21,16,18
252.51,16,21,16,17
253.0,17,21,17,17
253.49,17,21,16,17
253.98,17,21,16,17
254.49,16,21,16,17
254.97,17,21,17,17
255.46,17,21,17,17
255.97,17,21,17,17
256.45,17,21,17,17
256.96,17,21,17,17
257.44,17,21,17,17
257.94,17,21,17,17
258.42,17,21,17,17
258.92,17,21,17,17
259.41,17,21,16,17
259.9,16,21,17,17
260.39,17,21,17,16
260.89,16,22,17,17
261.39,17,22,16,17
261.89,17,22,16,17
262.37,17,21,16,17
262.87,16,21,16,17
263.36,17,21,17,17
263.86,17,21,17,17
264.35,16,21,17,17
264.84,16,21,17,17
265.34,16,21,16,17
265.83,19,21,17,17
266.32,16,21,17,17
266.81,16,22,17,17
267.31,16,21,17,17
267.8,16,21,17,17
268.29,16,21,16,18
268.8,16,21,16,17
269.28,16,21,16,17
269.77,16,21,16,17
270.27,16,21,16,17
270.76,16,21,16,17
271.26,17,21,17,17
271.75,17,17,17,17
272.24,17,21,17,17
272.74,17,21,17,17
273.23,17,22,17,17
273.72,17,22,17,17
274.21,17,22,17,17
274.71,17,22,17,17
275.21,17,22,17,17
275.7,17,22,17,17
276.2,17,21,16,17
276.68,17,21,17,17
277.19,17,21,16,17
277.68,14,21,17,17
278.17,17,21,18,17
278.66,17,21,17,17
279.16,18,21,18,17
279.65,17,21,17,17
280.14,17,21,17,17
280.64,16,21,16,17
281.13,16,21,16,17
281.62,18,21,16,17
282.12,16,21,17,17
282.61,16,21,17,17
283.11,16,21,17,17
283.6,16,22,17,17
284.09,17,20,18,17
284.59,17,22,17,17
285.09,17,22,17,17
285.58,17,22,17,17
286.07,17,22,17,17
286.56,17,21,17,17
287.06,17,22,17,17
287.55,17,21,17,17
288.05,17,21,18,17
288.54,17,21,18,18
289.03,17,21,17,17
289.52,17,21,17,17
290.03,17,21,17,17
290.52,16,21,17,17
291.01,17,22,17,17
291.51,17,22,17,18
291.99,16,21,17,17
292.5,14,21,17,17
292.98,17,21,17,17
293.48,17,21,16,18
293.97,17,21,17,17
294.46,19,21,17,17
294.96,17,21,17,17
295.47,17,21,17,19
295.95,16,21,17,17
296.44,16,21,16,17
296.94,17,21,17,17
297.43,17,21,17,17
297.92,17,22,17,17
298.43,17,22,17,17
298.92,17,22,17,17
299.41,17,22,17,17
299.92,17,22,17,17
300.4,17,22,17,17
300.9,16,22,17,17
301.39,17,22,17,17
301.87,17,23,17,17
302.37,17,22,16,17
302.86,16,22,16,17
303.35,18,22,16,17
303.84,16,21,16,17
304.34,17,21,17,17
304.84,17,22,17,17
305.32,17,22,17,17
305.82,17,22,17,17
306.37,17,22,17,17
306.81,17,22,14,18
307.3,17,22,17,17
307.79,17,22,17,17
308.29,17,22,17,18
308.78,17,22,17,17
309.29,17,22,17,18
309.77,17,25,17,17
310.26,17,22,13,17
310.76,17,22,17,17
311.27,17,21,17,18
311.74,17,22,17,17
312.24,17,22,17,18
312.74,18,22,17,18
313.23,17,22,17,17
313.72,17,22,17,17
314.23,17,22,17,17
314.7,17,22,19,17
315.21,17,22,18,17
315.7,17,22,18,17
316.19,18,22,18,18
316.68,18,22,16,16
317.19,18,22,18,17
317.67,18,22,18,17
318.16,17,22,24,18
318.66,17,22,17,18
319.15,17,21,17,18
319.65,17,21,17,18
320.14,17,21,18,18
321.34,17,21,17,18
321.4,17,21,17,18
321.63,17,22,17,20
322.11,17,22,18,18
322.6,17,22,18,18
323.1,17,22,18,18
323.59,17,22,18,18
324.09,19,22,18,18
324.6,18,22,18,18
325.09,15,21,18,18
325.57,16,22,18,18
326.07,17,22,17,18
326.56,17,22,17,18
327.05,17,22,17,18
327.54,17,21,17,18
328.04,17,21,17,18
328.53,17,21,17,18
329.03,17,21,17,18
329.52,16,19,17,17
330.02,16,21,17,18
330.51,17,22,17,18
331.01,17,22,17,18
331.51,18,21,17,18
331.99,17,22,17,18
332.49,17,21,17,18
332.98,17,22,17,18
333.47,17,21,17,17
333.97,17,21,17,17
334.46,17,21,17,17
334.97,17,21,18,18
335.45,17,21,17,17
335.94,17,22,17,18
336.43,17,21,17,19
336.93,17,22,17,17
337.42,17,22,17,17
337.92,18,21,17,17
338.41,17,22,17,17
338.91,18,22,17,17
339.4,17,22,17,17
339.89,17,22,17,17
340.39,16,22,17,17
340.88,17,22,17,17
341.37,17,22,17,17
341.88,17,22,17,17
342.36,17,22,18,17
342.86,17,23,17,18
343.35,17,22,17,18
343.85,16,21,17,18
344.33,16,22,16,18
344.83,16,22,17,17
345.32,16,22,17,17
345.81,16,22,17,18
346.31,16,23,16,18
346.81,17,22,17,18
347.3,17,22,17,18
347.79,17,22,17,18
348.29,17,21,17,18
348.78,17,22,17,18
349.27,18,22,17,18
349.78,18,22,17,18
350.28,18,22,17,18
350.76,18,22,17,18
351.26,18,20,18,18
351.75,18,22,18,18
352.24,17,22,17,18
352.73,17,22,17,18
353.23,17,22,18,18
353.72,18,22,18,18
354.22,18,22,18,18
354.73,18,22,18,18
355.2,18,22,18,18
355.7,18,22,17,18
356.22,18,22,17,18
356.68,18,22,17,18
357.18,18,20,17,18
357.68,18,22,17,18
358.17,17,22,17,18
358.66,17,22,17,19
359.16,17,22,17,18
359.65,17,21,17,18
360.14,17,21,18,18
360.65,17,21,17,18
361.13,16,22,17,18
361.62,17,21,17,18
362.12,17,22,17,18
362.61,17,22,17,18
363.1,17,22,17,18
363.6,17,22,17,18
364.1,17,23,17,18
364.6,17,22,18,18
365.08,18,23,17,18
365.58,17,22,17,18
366.07,17,22,17,18
366.56,17,22,17,18
367.06,17,21,18,18
367.55,16,22,18,18
368.07,18,20,18,18
368.55,17,22,18,18
369.05,17,21,18,18
369.52,17,22,18,18
370.02,18,22,18,18
370.53,17,22,17,18
371.0,17,22,17,18
371.51,17,22,17,18
371.99,17,22,17,18
372.49,17,21,17,18
372.98,17,21,17,18
373.48,17,21,17,18
373.97,17,21,17,17
374.46,17,22,17,17
374.96,17,21,17,17
375.45,17,21,17,17
375.95,17,19,17,17
376.43,17,21,17,17
376.93,17,21,17,17
377.42,17,21,17,17
377.92,17,21,17,17
378.41,17,22,17,17
378.91,17,22,17,17
379.4,17,22,17,17
379.89,17,25,17,17
380.39,17,22,17,17
380.91,17,22,17,17
381.38,17,22,22,17
381.87,15,22,17,17
382.37,17,22,17,17
382.86,18,22,17,18
383.36,17,22,17,18
383.84,17,22,17,18
384.34,17,22,17,18
384.84,17,22,17,18
385.32,17,22,17,18
385.82,17,21,17,18
386.31,17,22,17,18
386.81,19,21,18,18
387.3,17,22,17,18
387.8,17,24,17,18
388.29,17,22,17,18
388.78,17,22,17,18
389.28,17,22,17,18
389.8,17,22,17,18
390.27,17,22,17,18
390.77,17,22,17,18
391.27,16,22,18,18
391.76,18,22,18,18
392.29,18,22,17,18
392.74,17,22,17,18
393.23,17,26,17,18
393.72,17,22,17,18
394.22,17,22,21,18
394.71,17,22,17,18
395.2,17,22,17,18
395.69,18,22,17,18
396.19,18,22,18,18
396.69,18,23,17,18
397.2,18,22,18,18
397.68,18,22,18,18
398.17,18,18,18,18
398.66,18,22,18,18
399.15,18,22,18,18
399.65,19,21,18,18
400.15,16,22,18,18
400.64,17,24,17,18
401.14,17,22,17,18
401.63,17,22,18,18
402.12,17,22,18,18
402.61,17,22,18,18
403.11,17,22,17,18
403.6,17,22,17,18
404.1,17,22,16,18
404.59,17,22,17,18
405.09,22,22,18,18
405.58,17,22,17,18
406.07,17,22,17,18
406.56,17,22,17,18
407.1,17,22,17,18
407.56,17,22,21,18
408.05,17,22,17,18
408.54,17,22,17,18
409.04,16,22,17,18
409.53,18,22,17,18
410.03,17,24,17,18
410.53,11,22,17,18
411.02,17,22,17,18
411.51,20,22,17,18
412.0,17,22,18,18
412.49,17,22,19,18
412.99,17,22,17,18
413.5,16,22,18,17
413.99,18,22,18,18
414.51,18,22,16,18
414.96,18,19,18,18
415.47,18,22,18,18
415.95,18,21,18,17
416.45,17,22,17,18
416.94,17,22,17,18
417.43,17,22,17,17
417.93,16,22,17,17
418.43,17,22,17,17
418.92,16,22,17,17
419.41,17,22,17,17
419.9,17,22,17,18
420.39,17,22,17,17
420.89,17,22,18,18
421.38,17,22,18,18
421.89,18,22,18,19
422.37,17,22,18,18
422.39,17,22,18,18
422.87,17,22,18,18
423.36,17,22,17,18
423.85,17,22,17,18
424.35,16,22,17,18
424.88,17,22,17,18
425.34,17,22,17,18
425.83,17,22,17,18
426.33,17,22,17,18
426.82,17,22,17,18
427.31,17,22,17,18
427.81,17,22,18,18
428.3,17,22,16,18
428.8,17,22,17,18
429.29,17,22,17,18
429.78,17,22,17,17
430.27,17,22,18,18
430.77,19,22,17,17
431.28,17,22,17,18
431.75,17,21,17,17
432.26,17,22,17,18
432.74,17,22,17,18
433.24,18,22,18,18
433.73,18,22,18,18
434.24,18,22,16,18
434.72,17,22,18,18
435.22,18,22,17,19
435.71,17,22,17,18
436.22,17,22,17,18
436.7,17,22,17,18
437.19,17,22,17,18
437.68,17,22,17,18
438.19,17,22,18,18
438.67,17,22,18,18
439.17,17,22,17,18
439.68,17,22,17,18
440.15,17,22,17,18
440.65,17,22,17,18
441.15,18,21,17,18
441.64,17,22,17,18
442.13,17,22,17,18
443.11,17,22,18,17
443.15,17,22,18,18
443.63,16,23,17,18
444.11,17,22,18,18
444.6,18,23,18,18
445.11,18,23,18,18
445.59,18,22,19,18
446.08,17,22,18,18
446.58,19,22,17,18
447.08,17,21,17,18
447.56,17,22,17,18
448.06,16,21,17,18
448.56,16,21,17,18
449.05,17,21,17,18
449.54,17,22,17,18
450.04,17,22,17,18
450.53,17,22,18,18
451.02,17,22,17,18
451.54,19,22,17,18
452.03,17,22,17,18
452.51,17,22,17,18
453.0,17,22,17,18
453.49,17,22,17,18
454.0,17,22,17,18
454.48,17,22,15,18
454.97,17,22,17,18
455.47,17,22,17,18
455.97,17,20,17,18
456.46,17,22,17,18
456.96,15,22,17,18
457.45,17,21,18,18
457.94,17,22,17,18
458.44,17,22,17,18
458.93,17,21,17,18
459.42,17,22,17,18
459.91,17,21,17,17
460.41,17,21,17,18
460.91,17,22,17,17
461.4,17,22,17,17
461.89,17,22,17,17
462.39,17,22,17,18
462.88,17,22,17,18
463.37,16,22,17,18
463.87,17,22,18,18
464.36,17,22,17,18
464.86,17,22,17,18
465.35,17,22,17,18
465.84,17,22,17,15
466.35,17,22,17,18
466.83,17,22,17,18
467.32,17,22,17,18
467.83,17,22,17,18
468.31,17,22,17,18
468.82,16,22,17,18
469.3,16,22,17,18
469.8,17,21,17,18
470.28,17,22,17,18
470.78,17,22,18,18
471.28,17,22,17,18
471.77,18,22,18,18
472.26,18,22,18,18
472.76,18,22,18,18
473.25,20,22,17,18
473.76,18,22,18,18
474.24,18,22,18,18
474.26,18,22,18,18
474.74,18,22,18,18
475.22,18,22,18,18
475.72,17,22,18,18
476.21,17,22,18,18
476.71,17,23,17,17
477.2,18,22,18,18
477.7,18,23,18,18
478.21,19,22,19,18
478.68,18,22,19,18
479.19,18,22,18,18
479.67,18,22,18,18
480.17,18,22,18,18
480.66,18,22,18,18
481.15,18,22,17,18
481.65,20,22,17,18
482.15,17,21,17,18
482.63,17,22,17,18
483.13,17,21,17,18
483.62,17,22,17,18
484.12,17,22,13,18
484.61,17,22,18,18
485.1,18,22,18,18
485.59,18,23,18,18
486.09,18,23,23,18
486.59,18,23,18,18
487.08,18,23,18,18
487.58,17,22,16,18
488.07,19,22,18,18
488.56,17,22,17,18
489.06,17,22,18,18
489.58,17,21,17,18
490.05,17,21,17,18
490.55,17,22,17,18
491.05,17,22,17,18
491.54,16,22,17,18
492.02,17,22,17,18
492.52,16,22,17,18
493.01,16,22,16,17
493.5,17,22,17,17
493.99,17,22,16,18
494.5,17,22,17,18
494.98,17,22,17,19
495.48,17,21,17,18
495.98,17,22,17,18
496.46,14,22,17,18
496.95,17,21,17,18
497.45,17,21,17,18
497.96,17,21,17,18
498.44,18,21,17,18
498.94,17,22,17,18
499.43,17,22,17,18
499.92,18,22,18,18
500.42,17,22,17,18
500.91,17,22,18,18
501.41,17,22,17,18
501.9,17,22,18,18
502.39,17,22,15,18
502.89,17,22,17,18
503.38,17,22,17,18
503.88,17,22,17,17
504.37,17,22,17,18
504.87,17,23,18,18
505.35,17,22,17,18
505.85,17,22,17,18
506.35,17,22,17,18
506.85,17,22,17,18
507.33,17,22,17,17
507.83,17,22,17,18
508.32,17,22,17,18
508.83,16,22,18,18
509.31,17,22,18,18
509.8,17,22,18,18
510.32,17,22,17,18
510.79,17,22,16,18
511.28,18,22,18,18
511.78,18,22,18,18
512.27,18,22,18,18
512.77,19,22,18,18
513.27,18,22,18,18
513.75,18,22,18,18
514.25,18,22,18,18
514.74,17,22,17,18
515.24,17,22,18,18
515.73,18,22,17,18
516.23,17,22,18,18
516.72,17,22,18,18
517.21,17,22,17,18
517.71,17,22,17,18
518.21,17,22,17,18
518.7,17,22,17,18
519.19,19,22,17,18
519.68,17,22,17,18
520.18,17,22,17,18
520.67,17,21,17,18
521.18,16,22,17,18
521.66,17,22,17,18
522.15,19,22,17,18
522.66,17,22,17,18
523.14,17,22,17,18
523.64,17,22,17,18
524.13,17,22,17,18
524.64,17,22,18,18
525.13,17,22,18,18
525.61,18,17,18,18
526.1,18,22,18,18
526.6,18,22,18,18
527.09,18,23,18,18
527.59,18,23,18,18
528.08,18,23,18,18
528.57,17,22,18,18
529.08,17,22,18,18
529.57,18,22,18,20
530.06,19,22,18,18
530.55,17,22,18,18
531.06,18,22,18,19
531.54,18,22,18,19
532.04,18,22,18,18
532.53,17,22,18,18
533.02,17,22,17,18
533.52,17,22,17,18
534.01,17,23,16,18
534.51,16,22,17,18
535.01,17,22,17,18
535.51,17,22,17,18
535.99,17,21,17,18
536.48,17,21,17,18
536.99,17,22,17,18
537.47,17,22,17,18
537.97,17,22,17,18
538.47,18,22,16,17
538.96,16,22,18,18
539.45,18,22,18,18
539.94,17,22,18,18
540.44,18,22,18,18
540.93,18,22,18,18
541.42,17,22,18,18
541.91,17,22,17,18
542.42,17,22,17,18
542.91,17,22,18,18
543.41,17,22,18,18
543.9,17,22,18,18
544.39,17,23,18,18
544.89,17,22,17,18
545.4,17,22,18,18
545.87,18,22,18,18
546.36,14,22,18,18
546.87,18,22,19,19
547.37,17,22,18,18
547.85,18,24,18,18
548.34,17,22,18,18
548.83,17,23,18,18
549.34,17,22,18,18
549.84,17,22,17,18
550.33,17,22,17,18
550.81,17,22,17,18
551.31,17,22,18,18
551.81,18,23,18,18
552.3,18,25,18,18
552.79,18,22,18,18
553.35,18,22,18,18
553.78,17,21,18,18
554.27,17,22,17,18
554.77,17,22,17,18
555.26,17,22,17,18
555.75,17,22,17,18
556.25,17,22,17,18
556.74,15,23,17,18
557.23,17,22,17,18
557.73,17,22,17,18
558.22,17,22,16,18
558.72,17,22,17,18
559.22,17,22,17,18
559.71,17,23,18,18
560.2,17,22,17,18
560.7,21,22,17,18
561.19,19,22,17,18
561.72,17,22,18,18
562.18,17,22,18,18
562.67,20,22,18,18
563.16,17,22,17,18
563.66,17,22,17,18
564.82,17,22,17,18
565.17,17,22,18,18
565.22,18,22,18,18
565.64,18,23,16,18
566.13,18,23,19,18
566.62,18,23,16,18
567.12,18,23,19,18
567.62,17,23,19,18
568.1,18,23,19,18
568.62,18,23,19,18
569.09,19,23,18,18
569.59,18,22,18,18
570.08,19,21,19,19
570.58,18,22,19,18
571.07,17,22,17,18
571.57,17,22,17,18
572.06,17,22,17,18
572.55,17,22,18,18
573.04,17,22,17,18
573.54,17,23,17,18
574.03,17,22,17,18
574.53,17,22,17,18
575.02,16,22,16,18
575.52,16,22,17,18
576.01,17,22,17,18
576.5,17,22,18,18
577.0,17,22,18,18
577.49,17,25,17,17
577.99,17,22,17,18
578.49,19,22,17,18
578.99,17,22,17,18
579.47,18,22,18,18
579.96,18,22,17,18
580.45,17,22,17,17
580.96,17,22,17,17
581.44,17,22,17,17
581.95,17,22,17,17
582.43,17,22,17,17
582.94,17,22,17,17
583.42,17,22,17,17
583.91,17,22,17,17
584.4,17,22,17,17
584.9,17,22,17,17
585.4,17,22,18,18
585.89,18,22,18,18
586.38,18,24,18,18
586.88,17,22,18,18
587.37,18,22,18,18
587.87,18,22,18,18
588.36,18,22,18,18
588.85,18,23,18,18
589.36,17,22,18,18
589.85,17,22,17,18
590.34,15,22,15,18
590.83,17,22,17,18
591.33,17,22,17,18
591.82,17,22,17,18
592.32,17,22,17,19
592.82,17,22,17,18
593.33,17,22,17,18
593.81,17,22,17,18
594.31,17,22,17,18
594.8,18,22,18,18
595.31,19,22,18,18
595.77,18,23,18,18
596.27,18,23,18,18
596.77,18,23,18,18
597.25,18,23,18,18
597.75,18,23,20,18
598.25,18,23,18,18
598.74,18,23,18,18
599.24,18,22,17,18
599.73,18,22,18,18
600.22,18,23,18,18
600.72,18,23,18,18
601.21,18,23,18,18
601.7,18,23,18,18
602.2,17,22,16,18
602.69,17,20,18,18
603.19,18,22,18,18
603.67,18,22,18,18
604.2,18,22,18,18
604.67,18,22,18,18
605.16,17,22,17,18
605.66,17,22,17,18
606.15,17,22,17,18
606.64,17,22,17,18
607.14,17,22,17,19
607.63,17,22,17,18
608.13,17,22,18,18
608.62,17,22,18,18
609.11,18,22,18,18
609.61,18,22,18,18
610.1,18,22,18,18
610.59,18,23,18,18
611.09,14,23,18,18
611.6,17,22,18,18
612.09,17,22,18,18
612.57,17,22,21,18
613.07,17,22,17,18
613.56,17,22,18,18
614.07,15,22,17,18
614.55,18,22,17,18
615.05,17,22,17,18
615.55,18,22,17,18
616.04,17,22,17,18
616.53,17,22,17,18
617.02,17,22,19,18
617.52,17,22,17,18
618.01,17,22,17,19
618.51,17,22,16,19
619.0,17,22,21,19
619.49,17,22,17,19
619.98,17,22,17,18
620.48,17,22,15,18
620.97,17,19,17,18
621.47,17,22,17,18
621.98,17,21,17,18
622.46,17,22,17,18
622.95,17,21,17,18
623.44,17,22,17,18
623.94,17,22,17,17
624.43,17,22,19,18
624.92,17,22,17,18
625.42,17,22,18,18
625.91,18,22,18,18
626.42,17,21,17,18
626.91,17,22,17,18
627.4,17,21,17,17
627.89,17,22,17,17
628.41,17,22,17,17
628.88,17,22,17,17
629.37,17,22,17,17
629.87,18,22,18,18
630.36,18,22,18,18
630.86,17,22,18,18
631.35,17,23,18,18
631.84,16,22,18,18
632.34,17,22,17,18
632.83,17,22,17,18
633.34,17,22,17,18
633.82,17,22,17,18
634.32,17,22,17,18
634.81,18,22,17,18
635.31,17,22,17,18
635.8,17,22,17,18
636.29,17,22,17,18
636.78,17,22,17,19
637.28,16,23,17,18
637.77,17,22,17,18
638.27,17,22,17,18
638.76,17,22,17,18
639.25,17,22,17,18
639.75,17,22,17,18
640.25,17,22,17,18
640.74,17,22,17,18
641.23,17,22,17,18
641.73,17,22,18,18
642.22,18,22,18,18
642.72,18,22,18,18
643.21,18,22,18,18
643.7,17,22,18,18
644.2,18,22,18,18
644.69,18,22,18,18
645.19,18,22,17,18
645.69,18,22,18,18
646.17,18,22,18,18
646.67,17,22,17,18
647.16,18,22,17,18
647.65,17,22,17,17
648.15,15,21,17,18
648.64,17,21,17,18
649.13,17,21,17,18
649.63,18,21,17,18
650.12,17,22,17,18
650.62,17,22,17,18
651.11,13,22,18,18
651.65,17,22,18,19
652.1,18,22,17,18
652.59,18,22,17,18
653.09,18,22,18,18
653.58,18,22,17,18
654.09,18,21,18,18
654.57,17,22,17,18
655.07,17,22,16,18
655.57,17,22,17,18
656.05,17,22,18,18
656.54,17,22,18,18
657.05,17,22,18,18
657.53,17,22,18,18
658.03,17,22,17,18
658.54,17,22,17,18
659.01,17,22,17,18
659.51,17,22,17,18
660.01,17,22,17,18
660.5,17,22,17,18
660.51,17,22,17,18
660.99,17,22,19,18
661.49,17,22,17,18
661.98,17,22,17,18
662.47,17,22,17,18
662.97,17,22,17,18
663.46,17,22,18,18
663.95,18,22,18,18
664.45,18,22,18,18
664.95,17,22,18,18
665.44,18,22,17,18
665.95,17,21,17,18
666.42,17,21,17,18
666.92,17,22,17,18
667.41,18,22,17,17
667.91,17,22,17,17
668.4,18,22,17,17
668.89,17,22,17,17
669.4,17,22,17,17
669.88,18,22,17,17
670.4,17,22,16,18
670.87,17,22,17,18
671.38,17,22,17,18
671.86,17,20,17,18
672.36,17,22,17,18
672.85,17,22,17,17
673.34,17,22,18,18
673.84,18,21,17,17
674.33,17,22,17,18
674.82,17,22,17,17
675.33,17,22,17,18
675.81,17,22,17,18
676.31,17,22,17,18
676.81,17,22,17,18
677.29,17,21,17,18
677.79,17,22,17,18
678.28,18,22,18,18
678.77,18,22,18,18
679.28,19,22,17,18
679.76,17,22,17,18
680.27,17,22,17,18
680.75,17,24,17,18
681.24,15,22,18,18
681.74,18,22,18,17
682.23,17,22,17,18
682.73,17,22,17,18
683.23,17,22,17,17
683.72,18,22,18,17
684.21,17,22,18,17
684.7,17,21,18,17
685.19,16,22,18,18
685.68,17,21,18,18
686.98,18,22,18,18
687.03,18,22,18,18
687.17,17,20,18,18
687.67,17,22,17,18
688.16,17,22,17,18
688.67,17,21,17,18
689.15,16,22,17,18
689.64,17,22,18,18
690.14,17,22,17,17
690.63,16,22,17,18
691.12,17,22,17,18
691.61,17,22,17,18
692.12,17,22,17,18
692.6,17,23,18,18
693.1,17,23,18,18
693.59,17,25,18,18
694.08,17,22,17,18
694.58,17,22,17,18
695.07,17,22,17,17
695.58,16,21,17,18
696.06,16,21,18,18
696.57,17,22,17,18
697.06,17,22,17,18
697.55,17,22,18,18
698.05,19,22,17,18
698.55,16,22,17,18
699.04,17,22,17,18
699.54,17,22,17,18
700.01,8,22,17,18
700.5,17,22,17,18
701.0,17,22,17,18
701.49,17,24,17,18
701.98,17,22,17,18
702.48,17,22,18,18
702.97,22,22,18,18
703.48,17,22,18,18
703.96,17,22,18,18
704.45,19,22,18,18
704.96,17,22,17,18
705.44,17,22,17,17
705.93,17,22,17,17
706.43,17,22,17,17
706.94,17,22,17,17
707.43,17,22,17,17
707.92,17,22,17,17
708.41,17,22,18,17
708.9,17,22,17,17
709.4,17,22,17,18
709.89,17,22,17,18
710.39,18,22,18,18
710.87,17,22,16,18
711.37,17,22,17,18
711.86,17,22,17,18
712.36,17,22,17,18
712.85,17,22,18,18
713.35,17,22,17,18
713.84,17,22,17,18
714.35,17,22,17,18
714.83,17,22,17,18
715.32,16,22,17,18
715.83,17,22,17,18
716.31,17,22,17,18
716.81,17,22,16,18
717.3,17,22,17,18
717.81,17,23,17,18
718.28,17,23,17,18
718.78,17,23,17,18
719.28,17,22,17,18
719.77,17,23,17,18
720.28,17,23,17,18
720.76,17,23,17,17
721.25,17,23,17,18
721.76,18,23,17,18
722.24,18,22,17,18
722.74,17,23,17,18
723.23,17,23,17,18
723.72,17,23,17,18
724.22,18,25,17,18
724.71,18,23,18,18
725.2,18,23,18,18
725.71,18,23,18,18
726.19,18,23,18,18
726.69,18,23,18,18
727.18,19,22,17,17
727.67,19,22,17,18
728.18,19,22,17,18
728.66,19,22,18,18
729.17,19,21,18,18
729.68,20,21,17,18
730.15,20,21,17,18
730.64,20,21,17,18
731.13,20,21,17,18
731.62,20,21,17,18
732.12,19,22,19,18
732.62,19,22,17,18
733.11,19,22,19,18
733.6,19,22,18,18
734.11,20,22,19,18
734.59,19,23,19,18
735.09,19,23,19,18
735.57,18,23,18,18
736.07,18,23,18,18
736.57,18,23,18,18
737.06,19,23,19,18
737.56,18,23,19,18
738.05,18,23,18,18
738.54,18,23,18,18
739.05,21,23,18,18
739.53,18,23,18,18
740.04,18,23,18,19
740.53,16,23,18,19
741.01,17,22,18,19
741.51,17,22,17,19
742.0,17,22,17,19
742.52,17,22,18,19
742.99,17,22,17,19
743.48,17,22,17,19
743.98,17,22,17,18
744.47,17,23,17,19
744.96,16,23,18,18
745.46,17,22,18,18
745.95,18,22,17,18
746.46,18,22,17,18
746.94,18,24,17,18
747.43,18,22,15,18
747.93,17,23,17,18
748.42,17,23,18,18
748.92,17,23,17,18
749.41,17,23,17,18
749.9,17,23,18,18
750.39,17,22,18,18
750.89,17,22,18,18
751.38,17,22,16,18
751.89,17,22,17,18
752.37,16,22,17,20
752.88,17,22,17,18
753.37,17,22,17,18
753.85,18,22,17,18
754.36,17,22,17,18
754.84,17,22,17,18
755.33,17,22,17,18
755.83,17,22,17,18
756.33,17,22,18,18
756.83,17,22,17,18
757.31,17,22,17,18
757.8,17,22,17,18
758.36,17,22,17,18
758.8,17,22,17,18
759.29,17,22,17,18
759.79,17,22,17,18
760.28,17,22,17,18
760.77,17,22,17,18
761.26,17,22,18,18
761.77,17,22,17,18
762.25,17,22,17,18
762.74,17,23,17,18
763.26,17,23,17,18
763.73,17,23,17,17
764.23,17,23,17,18
764.72,18,23,17,18
765.22,18,23,17,18
765.71,18,22,17,18
766.22,19,23,17,18
766.69,19,22,18,18
767.19,19,22,18,18
767.69,19,22,18,18
768.18,19,21,18,18
768.69,19,21,18,18
769.17,19,21,17,18
769.65,19,21,20,18
770.15,19,22,18,19
770.64,19,22,18,18
771.17,19,22,17,18
771.64,19,22,17,18
772.13,19,22,17,20
772.63,19,22,17,16
773.11,19,22,17,18
773.61,19,22,17,18
774.11,20,22,17,18
774.6,19,23,17,18
775.09,19,22,17,20
775.6,19,22,17,18
776.08,21,22,18,18
776.57,19,22,18,18
777.06,19,22,18,18
777.56,19,22,18,18
778.05,19,22,18,18
778.54,19,22,18,18
779.05,19,21,18,18
779.53,20,21,18,18
780.03,21,21,18,18
780.52,20,21,17,17
781.04,20,21,18,18
781.5,20,21,17,18
782.0,20,21,17,18
782.49,20,20,17,18
782.99,20,21,17,18
783.48,20,21,17,18
783.98,20,21,17,18
784.47,20,21,17,18
784.97,19,22,17,18
785.46,19,22,17,18
785.95,19,22,18,18
786.44,19,22,17,18
786.94,19,23,17,18
787.44,19,27,17,18
787.94,20,22,17,18
788.42,20,22,24,18
788.92,20,21,26,18
789.42,20,21,18,18
789.9,20,21,18,18
790.4,20,21,18,18
790.89,20,21,18,18
791.38,20,22,17,18
791.88,20,21,17,18
792.37,20,21,17,19
792.87,20,21,17,19
793.36,20,21,17,19
793.85,20,22,17,19
794.34,20,21,17,19
794.83,20,21,17,19
795.33,20,21,17,19
795.83,20,21,17,19
796.34,19,21,17,19
796.82,19,22,17,19
797.32,19,22,17,19
797.81,19,22,17,19
798.32,19,22,17,19
798.79,19,22,18,19
799.29,19,22,17,19
799.79,19,22,17,19
800.28,19,22,17,19
800.78,19,22,17,19
801.27,19,22,18,19
801.75,19,22,18,19
802.24,19,23,18,19
802.74,19,23,18,19
803.23,19,23,18,19
803.73,19,23,18,19
804.22,19,23,18,19
804.72,19,23,19,19
805.21,19,23,19,19
805.7,19,23,19,19
806.19,19,23,19,19
806.69,19,23,19,19
807.19,19,23,19,19
807.68,19,23,19,19
808.17,19,23,19,19
808.67,19,23,19,19
809.16,19,23,19,19
809.65,19,23,19,19
810.16,20,23,19,19
811.2,19,23,19,19
811.24,20,23,20,20
811.63,20,23,19,20
812.12,20,23,19,20
812.61,20,23,20,20
813.11,20,23,20,20
813.62,20,23,20,20
814.11,20,23,20,20
814.59,19,23,20,20
815.09,19,23,20,20
815.6,19,23,19,20
816.07,19,23,19,20
816.57,20,23,19,20
817.06,20,22,19,20
817.55,20,22,19,20
818.06,20,22,18,20
818.54,20,22,18,20
819.03,20,22,18,20
819.52,20,22,18,20
820.02,20,22,19,20
820.52,19,22,19,20
821.0,19,22,19,20
821.51,19,22,19,20
822.0,19,22,19,20
822.49,19,23,19,20
822.98,20,23,19,20
823.48,19,23,19,20
823.97,19,23,19,20
824.47,20,23,19,20
824.98,19,23,19,20
825.45,19,23,19,20
825.95,19,23,19,20
826.44,19,23,19,20
826.94,19,23,19,20
827.43,19,23,19,20
827.92,19,23,19,20
828.41,19,23,19,20
828.91,20,23,19,20
829.42,19,23,19,20
829.9,19,23,19,20
830.39,19,23,19,20
830.89,19,23,19,20
831.38,19,23,18,20
831.87,19,23,18,21
832.37,19,23,18,20
832.86,19,23,18,21
833.35,19,23,19,21
833.85,19,23,19,21
834.34,19,23,19,21
834.83,19,23,19,21
835.34,19,23,19,21
835.83,19,23,19,21
836.32,19,23,19,21
836.82,19,23,19,21
837.3,19,23,18,21
837.8,19,23,18,21
838.29,19,23,19,21
838.79,19,23,19,21
839.28,19,23,19,21
839.77,19,23,18,21
840.26,20,23,18,21
840.76,20,22,18,21
841.25,19,22,18,21
841.75,19,22,18,21
842.24,19,22,18,21
842.74,19,22,18,21
843.25,19,22,18,21
843.73,19,22,18,21
844.22,19,22,18,21
844.71,19,22,18,21
845.2,19,22,18,21
845.7,19,22,18,21
846.19,19,22,18,21
846.69,19,22,18,21
847.18,19,23,18,21
847.68,19,23,18,21
848.16,19,23,18,21
848.66,19,23,18,21
849.15,19,23,19,21
849.65,19,23,19,21
850.14,19,23,19,21
850.63,19,23,19,21
851.13,19,23,19,21
851.62,20,23,19,21
852.12,20,23,19,21
852.61,20,23,19,21
853.1,19,23,19,20
853.6,19,23,19,20
854.09,19,23,19,20
854.59,19,23,19,21
855.1,19,23,19,21
855.57,19,23,19,21
856.08,19,23,19,21
856.56,19,23,19,21
857.05,19,23,19,21
857.55,19,23,19,21
858.06,20,23,19,20
858.53,19,23,18,20
859.02,20,23,18,20
859.53,20,23,18,21
860.03,20,22,18,21
860.51,20,22,18,21
861.0,20,22,18,21
861.49,20,22,18,21
861.99,20,22,18,21
862.48,20,22,18,21
862.98,20,21,18,21
863.47,20,21,18,21
863.96,20,21,18,21
864.46,20,21,18,21
864.96,20,21,18,21
865.46,20,21,18,21
865.94,21,20,18,21
866.43,21,20,18,21
866.92,21,20,18,21
867.42,21,20,18,21
867.92,21,20,18,21
868.4,21,20,18,21
868.9,21,20,18,21
869.41,20,20,18,21
869.9,20,20,17,21
870.38,20,20,17,21
870.87,20,20,18,21
871.37,20,20,17,21
871.86,20,20,18,21
872.36,20,20,18,21
872.85,20,20,17,21
873.34,20,21,18,21
873.83,20,21,18,22
874.33,20,21,17,21
874.82,20,21,18,21
875.31,20,21,17,21
875.81,20,21,17,21
876.3,20,21,18,21
876.8,20,20,18,21
877.3,20,20,18,21
877.79,20,20,18,20
878.28,20,20,18,21
878.77,20,21,18,21
879.27,20,21,17,21
879.77,20,21,18,21
880.26,20,21,17,22
880.76,20,21,17,22
881.24,20,22,17,22
881.74,19,22,18,22
882.24,19,22,18,22
882.72,19,22,18,22
883.22,19,22,18,22
883.71,19,22,18,22
884.2,19,22,18,22
884.69,19,22,18,22
885.19,19,22,18,22
885.68,19,23,18,22
886.17,19,23,18,22
886.67,19,23,18,22
887.17,19,23,18,22
887.66,19,23,19,22
888.16,20,23,19,22
888.64,20,23,19,22
889.14,20,23,19,22
889.65,20,23,18,23
890.15,20,23,18,23
890.64,20,23,18,23
891.12,20,23,18,23
891.6,20,23,18,23
892.12,20,23,18,23
892.6,19,23,18,23
893.09,19,23,18,23
893.61,19,23,18,23
894.07,19,23,18,23
894.57,19,23,19,23
895.06,19,23,19,23
895.55,19,23,19,23
896.05,20,23,18,23
896.54,20,23,18,23
897.04,20,23,18,23
897.53,20,23,18,23
898.02,20,23,18,23
898.51,20,23,18,23
899.01,20,23,18,23
899.5,19,23,18,24
900.01,19,23,18,23
900.5,19,23,18,24
900.98,19,23,18,24
901.47,19,24,18,23
901.97,19,24,18,23
902.48,19,24,18,23
902.96,19,24,18,23
903.45,20,24,19,23
903.94,20,24,19,23
904.44,19,24,19,23
904.93,19,24,19,23
905.43,19,24,19,23
905.92,19,24,19,23
906.41,19,24,19,24
906.9,19,24,19,24
907.4,19,24,19,24
907.89,19,24,19,23
908.4,19,24,19,23
908.88,19,24,19,23
909.38,19,24,19,23
909.87,19,24,19,23
910.36,19,24,20,23
910.85,19,24,20,23
911.35,19,24,20,23
911.84,19,24,20,24
912.33,19,24,20,24
912.83,19,24,20,24
913.32,19,24,20,24
913.81,19,24,20,24
914.31,19,24,20,24
914.8,19,24,20,24
915.3,19,24,19,24
915.79,19,24,19,24
916.28,19,24,19,24
916.78,19,24,19,24
917.28,19,24,19,24
917.77,19,24,19,24
918.26,19,24,19,24
918.75,19,24,19,24
919.24,20,24,19,24
919.74,20,24,19,24
