Time (s),MC Inlet,MC Outlet,Motor Inlet,Motor Outlet
3.28,21,21,23,23
3.34,21,21,23,23
3.38,21,21,23,23
3.42,21,21,23,23
3.46,21,21,23,23
3.95,21,21,23,23
4.44,21,21,23,24
4.94,21,21,23,24
5.43,21,21,23,24
5.92,21,21,23,24
6.41,21,21,24,24
6.9,21,21,24,24
7.4,21,21,24,24
7.92,21,21,24,24
8.39,21,21,24,25
8.88,21,21,24,25
9.37,21,21,24,25
9.87,21,21,24,25
10.36,21,21,24,25
10.85,21,21,24,26
11.34,21,21,24,26
11.84,21,21,24,26
12.36,21,21,24,26
12.82,21,21,24,26
13.31,21,21,24,26
13.81,21,21,24,26
14.3,21,21,24,26
14.79,21,21,24,26
15.29,21,21,24,26
15.78,21,21,24,27
16.27,21,21,24,27
16.76,21,21,24,27
17.25,21,21,24,27
17.75,21,21,24,27
18.25,21,21,24,27
18.74,21,21,24,27
19.23,21,21,24,27
19.72,21,21,24,27
20.21,21,21,25,27
20.71,21,21,25,27
21.2,21,21,25,27
21.7,21,21,25,27
22.19,21,21,25,27
22.68,21,21,25,27
23.17,21,21,25,27
23.66,21,21,25,27
24.16,21,21,25,27
24.68,21,21,25,27
25.14,21,21,25,27
25.64,21,21,25,27
26.13,21,21,25,27
26.62,21,21,25,27
27.11,21,21,25,27
27.61,21,21,25,27
28.11,21,21,25,27
28.59,21,21,25,27
29.09,21,21,25,27
29.59,21,21,25,27
30.07,21,21,25,27
30.56,21,21,25,27
31.06,21,21,25,27
31.55,21,21,25,28
32.05,21,21,25,28
32.53,21,21,25,28
33.03,22,21,24,28
33.52,21,21,25,28
34.02,21,21,25,28
34.51,21,21,25,28
35.0,21,21,25,28
35.5,21,21,25,28
35.99,21,21,25,28
36.48,21,21,25,28
36.98,21,21,25,28
37.47,21,21,25,28
37.96,21,21,25,28
38.45,21,21,25,28
38.94,21,21,25,28
39.44,21,21,25,28
39.93,21,21,25,28
40.42,21,21,29,28
40.92,21,21,25,28
41.41,21,21,25,28
41.91,21,21,25,28
42.41,21,21,25,28
42.89,21,21,25,28
43.38,21,21,25,28
43.88,21,21,25,28
44.37,21,21,25,28
44.86,22,21,25,28
45.37,21,21,25,28
45.84,21,21,25,28
46.34,21,21,25,28
46.83,22,21,24,28
47.33,22,21,25,28
47.81,22,21,25,28
48.33,22,21,25,28
48.8,22,21,25,28
49.3,22,21,25,28
49.79,22,21,25,28
50.29,21,21,25,28
50.78,22,21,25,28
51.27,22,21,24,28
51.76,22,21,25,28
52.26,21,21,25,28
52.74,22,21,25,28
53.24,22,21,25,28
53.74,21,21,25,28
54.23,22,21,25,28
54.73,22,21,25,28
55.21,22,22,25,28
55.7,22,22,25,28
56.2,22,22,25,28
56.69,22,22,25,28
57.18,22,22,25,28
57.68,22,22,25,28
58.17,22,22,25,28
58.67,22,22,25,28
59.16,22,22,25,28
59.65,22,22,25,28
60.14,22,22,25,28
60.64,22,22,25,28
61.13,22,22,25,28
61.62,22,22,25,28
62.12,22,22,25,28
62.61,22,22,25,28
63.1,22,22,25,28
63.59,22,22,25,28
64.1,22,22,25,28
64.59,22,22,25,28
65.08,22,22,25,28
65.56,22,22,25,28
66.06,22,22,25,28
66.55,22,22,25,28
67.05,22,22,25,28
67.53,21,22,25,28
68.05,22,22,25,28
68.53,22,22,25,28
69.03,22,22,25,28
69.52,22,22,25,28
70.02,22,22,25,28
70.49,22,22,25,28
70.98,22,22,25,28
71.48,22,22,25,28
71.97,22,22,25,28
72.47,22,22,25,28
72.96,22,22,25,28
73.45,22,22,25,28
73.94,22,22,25,28
74.44,22,22,25,28
75.11,22,22,25,28
75.59,22,22,25,28
75.94,22,22,25,28
76.41,22,22,25,28
76.9,22,22,25,28
77.4,22,22,25,28
77.89,22,22,25,28
78.38,22,22,25,28
78.87,22,22,25,28
79.36,22,22,25,28
79.85,22,22,25,28
80.35,22,22,25,28
80.84,22,22,25,28
81.34,22,22,25,28
81.82,22,22,25,28
82.32,22,22,25,28
82.83,22,22,25,28
83.31,22,22,25,28
83.8,22,22,25,28
84.29,22,22,25,28
84.79,22,22,25,28
85.27,22,22,25,28
85.77,22,22,25,28
86.27,22,22,25,28
86.75,22,22,25,28
87.25,22,22,25,28
87.74,22,22,25,28
88.23,22,22,25,28
88.73,22,22,25,28
89.22,22,22,25,28
89.71,22,21,25,28
90.21,22,22,25,28
90.7,22,22,25,28
91.19,22,22,25,28
91.68,22,22,25,28
92.19,22,22,25,28
92.68,22,22,25,28
93.18,22,22,25,28
93.67,22,22,25,28
94.15,22,22,25,28
94.65,22,22,25,28
95.13,22,22,25,28
95.63,22,22,25,28
96.13,22,22,26,28
96.61,22,22,26,28
97.11,22,22,25,28
97.6,22,22,26,28
98.1,22,22,26,28
98.61,22,22,26,28
99.08,22,22,26,28
99.57,22,22,26,28
100.07,22,22,26,28
100.56,22,22,26,28
101.05,22,22,26,28
101.54,22,22,26,28
102.04,22,22,26,29
102.54,22,22,26,28
103.03,22,22,26,28
103.52,22,22,26,28
104.01,22,22,26,28
104.5,22,22,26,28
105.0,22,22,26,28
105.49,22,22,26,29
105.98,22,22,26,29
106.48,22,20,26,29
106.97,22,22,26,28
107.46,22,23,26,29
107.95,22,22,26,29
108.45,22,22,26,29
108.94,22,22,26,29
109.43,22,22,26,29
109.93,22,22,26,29
110.42,22,22,26,28
110.92,22,22,26,29
111.41,22,22,26,29
111.9,22,22,26,29
112.4,22,22,26,29
112.89,22,22,26,29
113.38,22,22,26,29
113.87,22,22,26,29
114.37,22,22,26,29
114.86,22,22,26,29
115.36,22,22,26,29
115.85,22,22,26,29
116.34,22,22,26,29
116.83,22,22,26,29
117.33,22,22,27,29
117.81,22,23,26,29
118.31,22,22,26,29
118.81,22,22,27,29
119.3,22,22,27,29
119.79,22,22,27,29
120.28,22,23,27,29
120.77,22,22,27,29
121.27,22,22,27,29
121.76,22,22,27,29
122.25,22,22,27,29
122.75,22,22,27,29
123.24,25,22,27,29
123.73,22,22,27,29
124.23,22,22,27,29
124.72,22,22,27,29
125.21,22,22,27,29
125.71,22,22,24,29
126.2,22,22,27,29
126.69,22,22,27,29
127.19,22,22,27,29
127.68,22,22,27,29
128.18,22,22,27,29
128.66,22,22,27,29
129.15,22,22,27,29
129.65,22,22,27,29
130.14,22,22,27,29
130.63,22,22,27,29
131.12,22,22,27,29
131.62,22,22,27,30
132.11,22,22,27,30
132.61,22,23,27,30
133.1,22,23,27,30
133.59,22,23,27,30
134.08,22,23,27,30
134.59,22,23,27,30
135.09,22,23,28,30
135.57,22,23,27,30
136.06,22,23,27,30
136.56,23,23,27,30
137.05,22,23,27,30
137.55,22,23,27,30
138.03,22,23,27,30
138.52,22,23,27,30
139.01,22,23,27,30
139.51,22,23,27,30
140.0,22,23,27,30
140.5,22,23,27,30
140.99,22,23,27,30
141.48,22,23,27,30
141.98,22,23,27,30
142.47,22,23,27,30
142.96,22,23,27,30
143.46,22,23,27,30
143.95,24,23,27,30
144.44,22,23,27,30
144.94,22,23,27,30
145.43,23,23,27,30
145.92,22,23,27,30
146.41,22,23,27,30
146.92,23,23,27,30
147.4,22,23,27,30
147.89,22,23,27,30
148.39,22,23,27,30
148.89,22,23,27,30
149.38,22,23,27,30
149.86,23,23,27,30
150.36,22,23,27,30
150.85,22,22,27,30
151.35,22,23,27,30
151.84,22,23,27,30
152.33,22,23,27,30
152.83,22,23,27,30
153.32,23,23,27,31
153.82,22,23,27,31
154.31,22,23,28,31
154.8,22,23,28,31
155.3,22,23,28,31
155.8,23,23,28,31
156.28,23,23,29,31
156.78,22,23,28,31
157.28,23,23,28,31
157.75,23,23,28,31
158.25,23,23,28,31
158.75,23,23,27,31
159.24,23,23,28,31
159.73,23,23,28,31
160.23,23,23,28,31
160.71,23,23,28,31
161.21,23,23,28,31
161.7,23,23,28,31
162.2,23,23,28,31
162.69,23,23,28,31
163.2,23,23,28,31
163.68,23,23,28,31
164.17,23,23,28,31
164.66,23,23,28,31
165.15,23,23,28,31
165.65,22,23,28,31
166.14,23,23,28,31
166.64,23,23,28,31
167.13,23,23,28,31
167.62,23,23,28,31
168.11,23,23,28,31
168.6,23,23,28,31
169.1,23,23,28,31
169.59,23,23,28,31
170.08,23,23,28,31
170.58,23,23,28,31
171.08,23,23,28,31
171.56,23,23,28,31
172.05,23,23,28,31
172.55,23,23,28,31
173.04,23,23,28,31
173.54,23,23,28,31
174.03,23,23,28,31
174.52,23,23,28,31
175.02,23,23,28,31
175.52,23,23,28,31
176.0,23,23,28,31
176.5,23,23,28,31
176.99,23,23,29,31
177.48,23,23,29,31
177.98,23,23,29,31
178.47,23,23,29,32
178.97,23,23,29,32
179.45,23,23,29,32
179.95,23,23,29,32
180.44,23,23,29,32
180.93,23,23,29,32
181.44,23,23,29,32
181.93,23,23,29,32
182.41,23,23,29,32
182.91,23,23,29,32
183.4,23,23,29,32
183.93,23,23,29,32
184.39,23,23,29,32
184.88,23,23,29,32
185.38,23,23,29,32
185.87,23,23,29,32
186.36,23,23,29,32
186.85,23,23,29,32
187.35,23,23,29,32
187.84,23,23,29,32
188.33,23,23,29,32
188.83,23,23,29,32
189.32,23,23,29,32
189.82,23,23,29,32
190.31,23,23,29,32
190.8,23,23,29,32
191.29,23,23,29,32
191.8,23,23,29,32
192.28,23,23,29,32
192.77,23,23,29,32
193.27,23,23,29,32
193.76,23,23,29,32
194.25,23,23,29,33
194.75,23,23,29,32
195.24,23,23,29,33
195.74,23,23,29,33
196.23,23,23,29,33
196.72,23,23,29,33
197.21,23,23,29,33
197.71,23,23,29,33
198.26,23,23,29,33
199.03,23,23,29,33
199.19,23,23,29,33
199.68,22,23,29,33
200.17,23,23,29,33
200.67,23,23,30,33
201.16,23,23,30,33
201.66,23,23,30,33
202.15,23,23,30,33
202.64,23,23,30,33
203.15,23,23,30,33
203.63,23,23,30,33
204.12,23,23,30,33
204.62,23,23,30,33
205.11,23,23,30,33
205.6,22,23,30,33
206.09,23,23,30,33
206.59,23,23,30,33
207.08,23,23,30,33
207.58,23,23,30,33
208.07,23,23,30,33
208.56,23,23,30,33
209.06,23,23,29,33
209.55,23,23,30,33
210.05,23,23,30,33
210.55,23,23,30,33
211.03,23,23,30,33
211.54,23,23,30,33
212.02,23,23,30,33
212.51,23,23,30,33
213.01,23,23,30,34
213.51,23,23,30,34
214.0,23,23,30,34
214.5,23,23,30,34
214.99,23,23,30,34
215.5,23,23,30,34
215.97,23,23,30,34
216.46,23,23,30,34
216.96,23,23,30,34
217.45,23,23,30,34
217.96,23,23,30,34
218.44,23,23,30,34
218.94,23,23,30,34
219.42,23,23,30,34
219.92,23,23,30,34
220.41,23,23,31,34
220.91,23,23,30,34
221.41,23,23,30,34
221.9,23,23,30,34
222.38,23,23,30,34
222.88,23,23,30,34
223.37,23,23,30,34
223.86,23,23,30,34
224.36,23,23,30,34
224.85,23,23,30,34
225.34,23,23,30,34
225.85,23,23,30,34
226.33,23,23,30,34
226.82,23,23,30,34
227.32,23,23,30,34
227.81,23,23,30,34
228.3,23,23,30,34
228.8,23,23,30,34
229.29,23,23,30,34
229.78,23,23,30,34
230.28,23,23,30,34
230.77,23,23,30,34
231.27,23,23,31,35
231.77,23,23,30,35
232.25,23,23,30,35
232.78,23,23,30,35
233.24,23,23,30,35
233.73,23,23,31,35
234.23,23,23,31,35
234.72,23,23,28,35
235.22,23,23,31,35
235.7,23,23,31,35
236.2,23,23,31,35
236.7,23,23,31,35
237.19,23,23,31,35
237.69,23,23,31,35
238.17,23,23,31,35
238.68,23,23,31,35
239.16,23,23,31,35
239.65,23,23,31,35
240.15,23,23,31,35
240.64,23,23,31,35
241.13,23,23,31,35
241.63,23,23,31,35
242.13,23,23,31,35
242.61,23,23,31,35
243.11,23,23,31,35
243.6,23,23,31,35
244.1,23,23,31,35
244.59,23,22,31,35
245.09,23,23,31,35
245.58,23,23,31,35
246.07,23,23,31,35
246.56,23,23,31,36
247.06,23,23,31,36
247.55,23,23,31,36
248.04,23,23,31,36
248.53,23,23,31,36
249.03,23,23,31,36
249.53,23,23,31,36
250.02,23,23,31,36
250.51,23,23,31,36
251.01,23,23,31,36
251.51,23,23,31,36
251.99,23,23,31,36
252.48,23,23,31,36
252.98,23,23,31,36
253.47,23,23,31,36
253.97,22,23,32,36
254.47,23,23,32,36
254.95,23,23,32,36
255.45,23,23,32,36
255.95,23,23,32,36
256.43,23,23,32,36
256.93,23,23,32,36
257.42,23,23,32,36
257.91,23,23,32,36
258.41,23,23,32,36
258.9,23,23,32,36
259.39,23,23,32,36
259.89,23,23,32,36
260.38,23,23,32,37
260.87,23,23,32,37
261.37,23,23,32,37
261.88,23,23,32,37
262.35,23,23,32,37
262.85,23,23,32,37
263.35,23,23,32,37
263.84,23,23,32,37
264.33,23,23,32,37
264.82,23,23,32,37
265.32,23,23,32,37
265.81,23,23,32,37
266.31,23,23,32,37
266.8,23,23,32,37
267.3,23,23,32,37
267.79,23,23,32,37
268.28,23,23,32,37
268.78,23,23,32,37
269.27,23,23,32,37
269.76,23,23,32,37
270.25,23,23,32,37
270.75,23,23,32,37
271.24,23,23,32,37
271.74,23,23,33,37
272.23,23,23,33,37
272.72,23,23,33,37
273.22,23,23,33,37
273.71,23,23,33,37
274.2,23,23,33,37
274.69,23,23,33,37
275.19,23,23,33,38
275.68,23,23,33,38
276.18,23,23,33,38
276.67,23,23,33,38
277.16,23,23,33,38
277.67,23,23,33,38
278.15,23,23,33,38
278.65,23,23,33,38
279.14,23,23,33,38
279.64,23,23,33,38
280.13,23,23,33,38
280.63,23,23,33,38
281.11,23,23,33,38
281.61,23,23,33,38
282.11,23,23,33,38
282.59,23,23,33,38
283.09,23,24,33,38
283.59,23,23,33,38
284.08,23,23,33,38
284.58,23,23,33,38
285.07,23,23,33,38
285.56,23,23,33,38
286.05,23,23,33,38
286.55,23,23,33,38
287.04,23,23,33,38
287.54,23,23,33,38
288.03,23,23,33,38
288.53,23,23,33,38
289.02,23,23,33,38
289.51,20,23,33,38
290.01,23,23,33,38
290.51,23,23,33,38
290.99,23,23,33,39
291.5,23,23,33,39
291.98,23,23,33,39
292.48,23,23,34,39
292.97,23,23,34,39
293.46,23,23,34,39
293.95,23,23,34,39
294.45,23,23,34,39
294.94,23,23,34,39
295.45,23,23,34,39
295.93,23,23,34,39
296.42,23,23,34,39
296.92,23,23,34,39
297.41,23,23,34,39
297.91,23,23,34,39
298.42,23,24,35,39
298.9,23,24,35,39
299.39,23,24,35,39
299.9,23,24,35,39
300.39,23,24,35,39
300.88,23,24,35,39
301.37,23,24,35,39
301.86,23,24,35,39
302.35,23,24,35,39
302.84,23,24,35,39
303.33,23,24,35,39
303.83,23,24,35,39
304.32,23,24,35,39
304.82,23,24,35,39
305.31,23,24,35,39
305.81,23,24,35,39
306.32,23,24,35,39
306.79,23,23,35,39
307.28,23,23,34,39
307.78,23,23,34,40
308.28,23,24,34,40
308.77,23,23,35,40
309.26,23,23,35,40
309.76,23,23,35,40
310.25,23,23,35,40
310.74,23,23,35,40
311.24,23,23,35,40
311.73,23,23,35,40
312.22,23,23,35,40
312.72,23,23,35,40
313.21,23,23,35,40
313.7,23,23,36,40
314.21,23,23,35,40
314.69,23,24,35,40
315.19,23,24,35,40
315.69,23,24,35,40
316.18,23,24,35,40
316.66,23,23,35,40
317.17,23,24,35,40
317.66,23,23,36,40
318.15,23,24,36,40
318.64,23,24,36,40
319.14,23,23,36,41
319.63,23,24,36,41
320.12,23,24,36,41
320.89,23,24,36,41
321.39,23,24,36,41
321.61,23,24,36,41
322.1,23,24,36,41
322.59,23,24,36,41
323.08,23,23,36,41
323.58,23,24,36,41
324.07,23,23,36,41
324.57,23,23,36,41
325.07,23,24,36,41
325.55,23,23,36,41
326.05,23,23,36,41
326.54,23,23,36,41
327.04,23,23,36,41
327.53,23,23,36,41
328.03,23,23,36,41
328.52,23,23,36,41
329.01,23,23,36,41
329.5,23,23,36,41
330.0,23,24,36,41
330.5,23,24,36,41
330.99,23,24,36,41
331.49,23,24,36,41
331.97,23,24,36,41
332.47,23,24,36,41
332.96,23,24,36,41
333.46,23,24,36,41
333.95,23,24,36,41
334.45,23,24,36,42
334.94,23,24,36,41
335.44,23,24,36,41
335.93,23,23,36,42
336.42,23,24,37,42
336.92,23,24,37,42
337.41,23,24,38,42
337.9,23,24,37,42
338.4,23,24,37,42
338.89,23,24,37,42
339.39,23,24,37,42
339.88,23,24,37,42
340.37,24,24,37,42
340.86,23,24,37,42
341.35,24,24,37,42
341.85,24,24,37,42
342.34,24,24,37,42
342.84,24,24,37,42
343.33,24,24,37,42
343.83,23,24,37,42
344.32,23,24,37,42
344.81,24,24,36,42
345.31,23,24,36,42
345.8,24,24,36,42
346.3,23,24,36,42
346.79,23,24,36,42
347.29,23,24,36,42
347.78,23,24,36,42
348.28,24,24,37,42
348.77,23,24,36,43
349.26,24,24,37,43
349.76,23,24,37,43
350.25,23,24,37,43
350.74,23,24,37,43
351.24,23,24,37,43
351.73,24,24,37,43
352.23,23,24,37,43
352.72,23,24,37,43
353.22,23,24,37,43
353.71,23,24,37,43
354.2,23,24,38,43
354.69,23,24,37,43
355.19,23,24,37,43
355.68,24,24,37,43
356.17,24,24,38,43
356.67,23,24,37,43
357.16,24,24,37,43
357.66,24,24,37,43
358.15,24,24,37,43
358.65,24,24,38,43
359.14,23,24,38,43
359.63,24,24,38,43
360.13,24,24,38,43
360.62,23,24,38,43
361.12,24,24,38,43
361.61,24,24,38,43
362.1,24,24,38,43
362.59,24,24,38,43
363.09,24,24,38,43
363.58,24,24,38,43
364.09,24,24,38,43
364.57,24,24,37,43
365.07,24,24,37,43
365.56,24,24,37,43
366.06,24,24,37,43
366.55,24,24,37,43
367.04,23,24,37,43
367.53,23,24,37,43
368.03,24,24,37,43
368.53,23,24,37,44
369.03,24,24,37,44
369.51,24,24,37,44
370.0,24,24,38,44
370.51,24,24,38,44
370.99,24,24,38,44
371.49,24,24,38,44
371.98,24,24,38,44
372.48,24,24,38,44
372.97,24,24,38,44
373.46,24,24,38,44
373.95,25,24,38,44
374.45,24,24,39,44
374.94,23,24,39,44
375.43,24,24,39,44
375.93,24,24,39,44
376.42,24,24,39,44
376.92,24,24,40,44
377.41,24,24,39,44
377.9,24,24,39,44
378.4,23,24,39,44
378.89,24,24,39,44
379.39,24,24,39,44
379.88,24,24,39,44
380.38,24,24,39,44
380.87,24,24,39,44
381.36,24,24,39,45
381.85,24,24,39,45
382.35,24,24,39,45
382.85,24,24,39,45
383.34,24,24,39,45
383.83,24,24,39,45
384.33,24,24,39,45
384.82,24,24,39,45
385.31,24,24,38,45
385.81,24,24,39,45
386.3,24,24,39,45
386.8,24,24,39,45
387.29,24,24,39,45
387.78,24,24,39,45
388.28,24,24,39,45
388.77,24,24,39,45
389.26,24,24,39,45
389.78,24,24,39,45
390.26,24,24,39,45
390.76,24,24,39,45
391.25,24,24,39,45
391.73,24,24,39,45
392.23,24,24,39,45
392.72,24,24,40,45
393.22,24,24,40,45
393.71,24,24,40,45
394.2,24,24,40,45
394.69,24,24,40,45
395.19,24,24,40,45
395.68,24,24,40,45
396.18,24,24,40,45
396.67,23,24,40,45
397.17,24,24,40,45
397.66,24,24,40,46
398.15,26,24,40,46
398.65,24,24,40,46
399.14,24,24,40,46
399.63,24,24,40,46
400.13,24,24,40,46
400.62,24,24,40,46
401.12,24,24,40,46
401.61,24,24,40,46
402.11,24,24,40,46
402.6,24,24,40,46
403.09,24,24,40,46
403.58,24,24,40,46
404.08,24,24,40,46
404.58,24,24,40,46
405.07,24,24,40,46
405.56,24,24,40,46
406.05,24,24,39,46
406.55,24,24,40,46
407.05,24,24,40,46
407.54,24,24,40,46
408.03,24,24,40,46
408.53,24,24,40,46
409.02,24,24,40,46
409.51,24,24,40,46
410.01,24,23,40,46
410.52,24,24,40,46
411.01,24,24,40,46
411.49,24,24,40,46
411.99,24,24,40,46
412.48,24,24,40,46
412.98,24,24,40,46
413.48,24,24,40,46
413.96,24,24,41,47
414.46,24,24,41,47
414.95,24,24,41,47
415.46,24,24,41,47
415.94,24,24,41,47
416.43,24,24,41,47
416.92,24,24,41,47
417.42,23,24,41,47
417.91,24,24,41,47
418.41,24,24,41,47
418.91,24,24,41,47
419.39,24,24,41,47
419.89,24,24,41,47
420.38,24,24,41,47
420.87,24,24,41,47
421.37,24,24,41,47
421.86,24,24,41,47
422.36,24,24,41,47
422.85,24,24,41,47
423.34,24,24,41,47
423.84,24,24,41,47
424.34,24,24,41,47
424.83,24,24,41,47
425.32,24,24,41,47
425.82,24,24,41,47
426.31,24,24,41,47
426.8,24,24,41,47
427.3,24,24,41,47
427.79,24,24,41,47
428.29,24,24,41,47
428.78,24,24,41,47
429.27,24,24,41,47
429.77,24,24,41,47
430.26,24,24,41,47
430.76,24,24,42,47
431.25,24,24,42,47
431.74,24,24,42,47
432.24,24,24,42,47
432.73,23,24,42,47
433.22,24,24,42,47
433.72,24,24,42,47
434.22,24,24,42,47
434.7,23,24,43,48
435.2,24,24,42,48
435.7,24,24,42,48
436.19,24,24,42,48
436.68,24,24,42,48
437.17,24,24,42,48
437.67,24,24,42,48
438.18,24,24,42,48
438.66,24,24,42,48
439.15,24,24,42,48
439.66,24,24,42,48
440.14,24,24,42,48
440.63,24,24,42,48
441.13,24,24,42,48
441.62,24,24,43,48
442.12,24,24,43,48
443.1,24,24,43,48
443.14,24,24,43,48
443.61,24,24,43,48
444.1,24,24,43,48
444.59,24,24,42,48
445.1,24,21,42,48
445.57,23,24,42,48
446.07,24,24,42,48
446.57,24,24,42,48
447.06,24,24,42,48
447.55,24,24,42,48
448.04,24,24,42,48
448.54,24,24,42,48
449.03,24,24,42,48
449.53,24,24,42,48
450.02,23,24,42,48
450.51,24,24,42,49
451.01,24,24,42,49
451.51,24,24,43,49
452.01,24,24,42,49
452.49,24,24,43,49
452.98,23,24,43,49
453.48,24,24,43,49
453.97,24,24,43,49
454.47,24,24,43,49
454.96,24,24,43,49
455.46,24,24,43,49
455.95,24,24,43,49
456.44,24,24,43,49
456.94,24,24,43,49
457.44,24,24,43,49
457.93,23,24,43,49
458.43,23,24,43,49
458.92,24,24,43,49
459.41,24,24,43,49
459.9,24,24,43,49
460.4,24,24,43,49
460.89,24,24,43,49
461.38,24,24,43,49
461.88,24,24,43,49
462.37,24,24,43,49
462.86,24,24,43,49
463.35,24,24,43,49
463.85,24,24,43,49
464.35,24,24,44,49
464.84,24,24,43,49
465.34,24,24,43,49
465.83,24,24,43,49
466.32,24,24,43,49
466.81,24,24,43,49
467.31,24,24,42,49
467.8,24,24,42,49
468.3,24,24,42,49
468.8,24,24,42,49
469.28,24,24,42,49
469.77,24,24,42,49
470.27,24,24,42,49
470.76,24,24,42,49
471.26,24,24,42,49
471.75,24,24,42,49
472.25,24,24,42,49
472.74,24,24,42,50
473.23,24,24,42,50
473.73,24,24,43,50
474.22,24,24,43,50
474.72,24,24,42,50
475.21,24,24,43,50
475.7,24,24,43,50
476.2,24,24,43,50
476.69,24,24,43,50
477.19,24,24,43,50
477.68,24,24,43,50
478.18,24,24,43,50
478.67,24,24,43,50
479.17,24,24,43,50
479.65,24,24,43,50
480.15,24,24,43,50
480.64,24,24,43,50
481.13,24,24,44,50
481.63,24,24,44,50
482.13,24,24,44,50
482.62,24,24,44,50
483.11,24,24,44,50
483.61,24,24,44,50
484.11,24,24,44,50
484.6,24,24,44,50
485.09,24,24,44,50
485.58,24,24,44,50
486.07,24,24,44,50
486.57,24,24,44,50
487.06,24,24,44,50
487.56,24,24,44,50
488.05,24,24,44,50
488.55,24,24,44,50
489.05,24,24,44,50
489.55,24,24,44,50
490.04,24,24,44,50
490.52,24,24,44,50
491.02,24,24,44,50
491.51,24,24,44,50
492.01,24,24,44,50
492.49,24,24,44,50
492.99,24,24,44,50
493.48,24,24,44,50
493.98,24,24,44,50
494.47,24,24,44,50
494.97,24,24,44,50
495.46,24,24,44,50
495.97,23,24,44,50
496.45,24,24,44,50
496.94,24,24,44,50
497.44,24,24,45,50
497.93,24,24,45,50
498.42,24,24,45,50
498.92,24,24,45,50
499.41,24,24,45,50
499.91,24,24,45,50
500.41,24,24,45,50
500.89,24,24,45,50
501.39,24,24,45,50
501.88,24,24,45,50
502.38,24,24,45,50
502.88,24,24,45,50
503.36,24,23,45,50
503.86,24,24,45,50
504.36,24,24,45,50
504.85,24,24,45,50
505.34,24,24,45,50
505.84,24,24,45,50
506.33,24,24,45,50
506.82,24,24,47,50
507.31,24,24,45,50
507.81,24,24,45,51
508.31,24,24,44,51
508.8,24,24,44,51
509.3,24,24,44,51
509.79,24,24,44,50
510.3,24,24,44,51
510.78,24,24,44,51
511.27,24,24,44,51
511.76,24,24,44,51
512.26,24,24,44,51
512.75,24,24,44,51
513.25,24,24,45,51
513.74,24,24,45,51
514.23,24,24,45,51
514.73,24,24,45,51
515.22,24,24,45,51
515.72,24,24,45,51
516.21,24,24,45,51
516.71,23,24,45,51
517.2,24,24,45,51
517.69,24,24,45,51
518.2,24,24,45,51
518.68,24,24,45,51
519.18,24,24,45,51
519.67,24,24,45,51
520.16,24,23,45,51
520.65,24,24,45,51
521.15,24,24,45,51
521.65,24,24,45,51
522.14,24,24,46,51
522.63,24,24,46,51
523.13,24,24,46,51
523.62,24,24,46,51
524.11,24,24,46,51
524.61,24,24,46,51
525.1,24,24,46,51
525.6,24,24,46,51
526.09,24,24,46,51
526.58,24,24,46,51
527.08,24,24,46,51
527.57,24,24,46,51
528.07,24,24,46,52
528.56,24,24,45,52
529.06,24,24,45,52
529.55,24,24,45,52
530.05,24,24,45,52
530.53,24,24,45,52
531.05,24,24,45,52
531.53,24,24,45,52
532.02,24,24,46,52
532.51,24,24,46,52
533.01,24,24,46,52
533.51,24,24,44,52
534.0,24,24,46,52
534.49,24,24,46,52
534.99,24,24,46,52
535.48,24,24,46,52
535.97,24,24,47,52
536.47,24,24,47,52
536.98,24,24,46,52
537.46,24,24,47,52
537.95,24,24,47,52
538.45,24,24,47,52
538.94,24,24,47,52
539.44,24,24,47,52
539.93,24,24,47,52
540.42,24,24,47,52
540.91,24,24,47,52
541.41,24,24,47,52
541.9,24,24,47,52
542.4,24,24,47,52
542.89,24,24,47,52
543.39,24,24,47,52
543.89,24,24,47,52
544.37,24,24,47,52
544.87,24,24,47,52
545.36,24,24,47,52
545.86,24,24,47,52
546.35,24,24,47,52
546.85,24,24,47,52
547.34,24,24,47,52
547.84,24,24,47,52
548.33,24,24,47,52
548.82,24,24,47,52
549.32,24,24,46,52
549.81,24,24,46,52
550.31,24,24,46,52
550.8,24,24,47,52
551.3,24,24,47,52
551.79,24,24,47,53
552.28,24,24,47,53
552.77,24,24,47,53
553.28,24,24,47,53
553.76,24,24,47,53
554.25,24,24,47,53
554.75,24,24,47,53
555.25,24,24,48,53
555.74,24,24,48,53
556.24,24,24,48,53
556.73,24,24,48,53
557.22,24,24,48,53
557.72,24,24,48,53
558.21,24,24,48,53
558.71,24,24,48,53
559.2,24,24,48,53
559.69,24,24,48,53
560.19,24,24,48,53
560.68,25,24,48,53
561.17,24,24,48,53
561.67,24,24,48,53
562.17,24,24,48,53
562.65,24,24,48,53
563.15,24,24,48,53
563.64,24,24,48,53
564.21,24,24,48,53
565.16,24,25,48,53
565.2,24,24,48,53
565.62,24,24,48,53
566.11,24,24,48,53
566.61,24,24,48,53
567.1,24,24,48,53
567.6,24,24,48,53
568.09,24,24,46,53
568.59,24,24,47,53
569.08,24,24,47,53
569.57,24,24,47,53
570.07,24,24,47,53
570.56,24,24,47,53
571.05,24,24,47,53
571.56,24,24,47,53
572.05,24,24,48,53
572.54,24,24,47,53
573.03,24,24,48,53
573.52,24,24,48,53
574.02,24,24,48,53
574.51,24,24,48,53
575.0,24,24,48,53
575.5,24,24,48,53
575.99,24,24,48,53
576.49,24,24,48,53
576.99,24,24,48,54
577.47,24,24,48,54
577.97,24,24,48,54
578.47,24,24,48,54
578.97,24,24,48,54
579.45,24,24,48,54
579.94,24,24,48,54
580.44,24,24,49,54
580.93,24,24,49,54
581.43,24,24,48,54
581.94,24,23,49,54
582.41,24,24,48,54
582.91,24,24,49,54
583.4,24,24,49,54
583.9,24,24,49,54
584.39,24,24,49,54
584.88,24,24,49,54
585.38,24,24,49,54
585.87,24,24,49,54
586.37,24,24,49,54
586.86,24,24,48,54
587.36,24,24,48,53
587.85,24,24,48,54
588.35,24,24,48,54
588.84,24,24,48,54
589.35,24,24,48,54
589.83,24,24,48,54
590.32,24,24,48,54
590.82,24,24,48,54
591.31,24,24,48,54
591.81,24,24,48,54
592.31,24,24,48,54
592.8,24,24,48,54
593.29,24,24,48,54
593.79,24,24,48,54
594.29,24,24,49,54
594.77,24,24,49,54
595.26,24,24,49,55
595.76,24,24,49,55
596.25,24,24,49,55
596.76,24,24,49,55
597.24,24,24,49,55
597.74,24,24,47,55
598.23,25,24,49,55
598.72,23,24,49,55
599.22,24,24,49,55
599.72,24,24,49,55
600.2,24,24,49,55
600.7,24,24,49,55
601.2,24,24,49,55
601.69,24,24,49,55
602.18,24,24,49,55
602.67,24,24,49,55
603.17,24,24,49,55
603.66,24,24,49,55
604.17,24,24,49,55
604.65,24,24,50,55
605.14,24,24,49,55
605.65,24,24,50,55
606.14,24,24,50,55
606.63,24,24,50,55
607.12,24,24,50,55
607.62,24,24,50,55
608.11,24,24,50,55
608.6,24,24,50,55
609.1,24,24,49,55
609.59,24,24,49,55
610.09,24,24,49,55
610.58,24,24,50,55
611.07,24,24,49,55
611.57,24,24,49,55
612.06,24,24,49,55
612.08,24,24,49,55
612.56,26,24,49,55
613.05,24,24,49,55
613.54,24,24,49,55
614.04,24,24,49,55
614.54,24,24,49,55
615.03,24,24,49,55
615.52,24,24,49,55
616.03,24,24,49,55
616.51,24,24,49,55
617.01,24,24,49,55
617.5,24,24,49,55
617.99,24,24,49,55
618.49,24,24,49,55
618.98,24,24,49,55
619.48,24,24,49,55
619.97,24,24,49,55
620.46,22,24,49,55
620.96,24,24,49,56
621.45,24,24,49,56
621.96,24,24,49,56
622.44,24,24,49,56
622.94,24,24,49,56
623.43,24,24,49,56
623.92,24,24,49,55
624.42,24,24,49,56
624.91,24,24,49,56
625.41,24,24,49,56
625.9,24,24,50,56
626.4,24,24,50,56
626.89,24,24,50,56
627.38,24,24,50,56
627.87,24,24,50,56
628.39,24,24,50,56
628.87,24,24,50,56
629.36,24,24,50,56
629.86,24,24,50,56
630.35,24,24,50,56
630.84,24,24,50,56
631.33,24,24,49,56
631.83,24,24,50,56
632.32,23,24,50,56
632.82,24,24,50,56
633.31,24,24,50,56
633.81,24,24,50,56
634.3,24,24,50,56
634.79,24,24,50,56
635.29,24,24,50,56
635.78,24,24,50,56
636.27,23,24,50,56
636.77,23,24,50,56
637.26,24,24,50,56
637.76,24,24,50,56
638.25,24,24,50,56
638.75,24,24,50,56
639.24,24,24,50,56
639.74,24,24,50,56
640.23,24,24,50,56
640.72,24,24,50,56
641.21,24,24,50,56
641.71,23,24,50,56
642.2,23,24,50,56
642.7,24,24,50,56
643.2,24,24,50,56
643.69,24,24,51,56
644.19,24,24,50,56
644.68,24,24,50,56
645.17,24,24,50,56
645.67,24,24,50,56
646.16,24,24,50,56
646.65,24,24,50,56
647.15,24,24,50,56
647.64,24,24,50,56
648.13,24,24,50,56
648.63,24,24,50,56
649.12,24,24,50,56
649.62,24,24,50,56
650.11,24,24,50,56
650.61,24,24,50,56
651.1,24,24,50,56
651.6,24,24,50,56
652.09,24,24,50,56
652.58,24,24,50,56
653.07,24,24,50,56
653.57,24,24,50,56
654.06,24,24,50,56
654.55,24,25,50,56
655.05,24,24,50,56
655.55,24,24,49,56
656.03,24,24,49,56
656.53,24,24,49,56
657.02,24,24,50,56
657.52,24,24,50,56
658.02,24,24,50,56
658.52,24,24,50,56
659.0,24,24,50,56
659.5,24,24,50,56
659.99,24,24,50,56
660.48,24,24,50,56
660.98,24,24,50,56
661.47,24,24,50,56
661.96,24,24,50,56
662.46,24,24,50,56
662.96,24,24,50,57
663.44,24,24,50,57
663.94,24,23,51,57
664.44,24,24,51,57
664.93,24,24,51,57
665.42,24,24,51,57
665.92,24,24,51,57
666.41,24,24,51,57
666.9,24,24,51,57
667.4,24,24,51,57
667.89,24,24,51,57
668.38,24,24,51,57
668.88,24,24,51,57
669.37,24,24,51,56
669.87,24,24,51,57
670.36,24,24,51,57
670.86,24,24,51,57
671.35,24,24,50,57
671.84,24,24,50,57
672.34,24,24,50,57
672.83,24,24,50,57
673.33,24,24,50,57
673.82,24,24,50,57
674.32,24,24,50,57
674.81,24,24,50,57
675.32,24,24,50,57
675.8,24,24,50,57
676.29,23,24,50,57
676.79,24,24,50,57
677.28,24,24,50,57
677.77,24,24,50,57
678.26,24,24,50,57
678.76,24,24,50,57
679.25,24,24,50,57
679.75,24,24,51,57
680.25,24,24,50,57
680.73,24,24,51,57
681.23,24,24,53,57
681.72,24,24,51,57
682.22,24,24,51,57
682.71,24,24,51,57
683.22,24,24,51,57
683.71,24,24,51,57
684.19,24,24,51,57
684.69,24,24,51,57
685.18,24,24,51,57
685.67,24,24,51,57
686.83,24,24,51,57
687.01,24,24,51,57
687.15,24,24,51,57
687.65,24,24,51,57
688.14,24,24,51,58
688.64,24,24,52,58
689.13,24,24,52,57
689.62,24,24,52,58
690.12,24,24,52,58
690.61,24,24,52,58
691.1,24,24,52,57
691.6,24,24,52,58
692.11,24,24,52,57
692.58,24,24,52,57
693.08,24,24,52,57
693.57,24,24,52,58
694.07,24,24,51,57
694.57,24,24,52,57
695.06,24,24,52,57
695.56,24,24,52,58
696.05,24,24,52,58
696.54,24,24,52,58
697.05,24,24,52,58
697.54,24,24,52,58
698.03,24,24,53,58
698.52,24,24,53,58
699.01,24,24,53,58
699.5,24,24,53,58
699.99,24,24,53,58
700.49,24,24,53,58
700.98,24,24,53,58
701.47,24,24,54,58
701.97,24,24,54,58
702.46,24,24,54,58
702.96,24,24,54,58
703.45,24,24,54,58
703.94,24,24,54,58
704.43,24,24,54,58
704.93,24,24,54,58
705.43,24,24,54,58
705.92,24,24,54,58
706.41,24,24,54,58
706.92,24,24,54,58
707.4,24,24,54,58
707.9,24,24,54,58
708.4,24,24,54,58
708.89,24,24,54,58
709.39,24,24,54,58
709.88,24,24,54,58
710.37,24,24,54,58
710.86,24,24,54,58
711.36,24,24,54,58
711.85,24,24,54,58
712.34,24,24,54,58
712.84,24,24,54,58
713.33,24,24,54,58
713.83,24,24,54,58
714.32,24,24,54,58
714.82,24,24,55,58
715.31,24,24,55,58
715.82,24,24,55,58
716.3,24,24,55,58
716.79,24,24,55,58
717.29,24,24,55,58
717.78,24,24,55,58
718.27,24,24,55,58
718.77,24,24,55,58
719.26,24,24,55,59
719.76,24,24,55,59
720.25,24,24,55,59
720.74,24,24,55,59
721.24,24,24,55,59
721.73,24,24,55,59
722.22,24,24,55,59
722.72,24,24,55,59
723.21,24,24,55,59
723.71,24,24,55,59
724.2,24,24,55,59
724.7,24,24,55,59
725.19,24,24,55,59
725.69,24,24,55,59
726.18,24,24,55,59
726.67,24,24,55,59
727.16,24,24,55,59
727.66,24,24,55,59
728.17,24,24,54,59
728.65,24,24,54,59
729.14,24,22,54,59
729.64,24,24,54,59
730.13,24,24,54,59
730.63,24,23,54,59
731.12,24,24,54,59
731.61,24,24,54,59
732.1,24,24,54,59
732.6,24,24,54,59
733.1,24,24,54,59
733.59,24,24,54,59
734.08,24,24,54,59
734.58,24,24,54,59
735.07,24,24,54,59
735.56,24,24,54,59
736.05,24,24,54,59
736.55,24,24,54,59
737.05,24,24,54,59
737.54,24,24,55,59
738.03,24,24,54,59
738.53,24,24,54,59
739.02,24,24,54,59
739.51,24,24,55,59
740.02,25,24,54,59
740.5,24,24,55,59
741.0,24,24,55,60
741.49,24,24,55,60
741.99,24,24,55,60
742.48,24,24,55,60
742.97,24,24,55,60
743.47,24,24,55,60
743.96,24,24,55,60
744.46,24,24,55,60
744.95,24,24,55,60
745.44,25,24,55,60
745.94,24,24,55,60
746.43,22,24,55,60
746.44,22,24,55,60
746.92,24,24,55,60
747.42,24,24,55,60
747.91,24,24,55,60
748.4,24,24,55,60
748.91,24,24,55,60
749.39,24,24,55,60
749.89,24,24,56,60
750.38,24,24,56,60
750.88,24,24,55,60
751.37,24,24,56,60
751.87,24,24,56,60
752.36,24,24,56,60
752.85,24,24,56,60
753.35,24,24,56,60
753.84,24,24,56,60
754.34,24,24,56,60
754.83,24,24,56,60
755.32,24,24,56,60
755.81,24,24,56,60
756.31,24,24,56,60
756.8,24,24,56,58
757.29,24,24,56,59
757.79,24,24,56,59
758.29,24,24,56,59
758.78,24,24,56,59
759.27,24,24,56,59
759.77,24,24,56,59
760.26,24,24,56,59
760.75,24,24,56,60
761.25,24,24,56,60
761.75,24,24,56,60
762.23,24,24,56,60
762.73,24,24,56,60
763.24,24,24,56,60
763.72,24,24,56,60
764.21,24,24,56,60
764.71,24,24,56,60
765.2,24,24,56,60
765.69,24,24,56,60
766.19,24,24,56,60
766.68,24,24,56,60
767.18,24,24,56,60
767.67,24,24,56,60
768.17,24,24,56,60
768.66,24,24,56,60
769.15,24,24,56,60
769.64,24,24,56,60
770.14,24,24,56,60
770.63,24,24,56,60
771.13,24,24,56,60
771.62,24,24,56,60
772.11,24,24,56,60
772.61,24,24,56,60
773.1,24,24,56,60
773.6,24,24,56,60
774.09,24,24,56,60
774.58,24,24,56,60
775.08,24,24,56,60
775.57,24,24,56,60
776.06,24,24,56,60
776.55,24,24,56,60
777.05,24,24,56,60
777.54,24,24,56,60
778.03,24,24,56,60
778.53,24,24,55,60
779.04,24,24,55,60
779.52,24,24,55,60
780.01,24,24,55,60
780.5,24,24,55,60
781.03,24,24,55,60
781.49,24,24,55,60
781.99,24,24,55,60
782.48,24,24,55,60
782.97,24,24,55,60
783.47,24,24,55,60
783.97,24,24,55,60
784.46,24,24,55,60
784.95,24,24,55,60
785.45,24,24,55,60
785.94,24,24,55,60
786.43,24,24,55,60
786.93,24,24,55,60
787.42,24,24,55,60
787.91,24,24,56,60
788.4,24,24,55,61
788.9,24,24,55,60
789.41,24,24,55,60
789.88,24,24,55,60
790.38,24,24,55,60
790.87,24,24,55,60
791.37,24,24,55,60
791.87,24,24,55,60
792.35,24,24,55,60
792.85,24,24,55,60
793.34,24,24,55,60
793.84,24,24,55,60
794.33,24,24,55,60
794.82,24,24,55,60
795.32,24,24,55,60
795.81,24,24,55,60
796.32,24,24,55,60
796.8,24,24,55,60
797.31,24,24,55,60
797.8,24,24,55,60
798.29,24,24,55,60
798.78,24,24,55,60
799.28,24,24,55,60
799.77,24,24,55,60
800.27,24,24,55,60
800.75,24,24,55,60
801.24,24,24,55,60
801.74,24,24,55,60
802.23,24,24,55,60
802.72,24,24,55,60
803.22,24,24,55,60
803.71,24,24,55,60
804.21,24,24,55,60
804.7,24,24,55,60
805.2,24,24,55,61
805.69,24,24,55,61
806.18,24,24,55,61
806.67,24,24,55,61
807.17,24,24,55,61
807.66,24,24,55,61
808.16,24,24,55,61
808.65,24,24,55,61
809.15,24,24,55,61
809.64,24,24,55,61
810.15,24,24,55,61
810.74,24,24,55,61
811.23,24,24,55,61
811.61,24,24,55,61
812.11,24,24,55,61
812.6,24,24,55,61
813.09,24,24,55,61
813.6,24,24,55,61
814.08,24,24,55,61
814.58,24,24,55,61
815.07,24,24,55,61
815.57,24,24,55,61
816.05,24,24,55,61
816.55,24,24,55,61
817.05,24,24,55,61
817.54,24,24,55,61
818.03,24,24,55,61
818.53,24,24,55,61
819.02,24,24,55,61
819.51,24,24,55,61
820.0,24,24,55,61
820.5,24,24,55,61
820.99,24,24,55,61
821.49,24,24,55,61
821.98,24,24,55,61
822.47,24,24,55,61
822.97,24,24,55,61
823.47,24,24,55,61
823.96,24,24,55,61
824.45,24,24,55,61
824.95,24,24,55,61
825.44,24,24,55,61
825.94,24,24,55,61
826.43,24,24,55,61
826.93,24,24,55,61
827.41,24,24,55,61
827.91,24,24,55,61
828.4,24,24,55,61
828.89,24,24,55,61
829.39,24,24,55,61
829.89,24,24,55,61
830.38,24,24,55,61
830.87,24,24,55,61
831.37,24,24,55,61
831.86,24,24,55,61
832.36,24,24,55,61
832.84,24,24,55,61
833.34,24,24,55,61
833.83,24,24,55,61
834.33,24,24,55,61
834.82,24,24,55,61
835.31,24,24,55,61
835.81,24,24,55,61
836.3,24,24,55,61
836.79,24,24,55,61
837.29,24,24,55,61
837.78,24,24,55,61
838.28,24,24,55,61
838.78,24,24,55,61
839.26,24,24,55,61
839.76,24,24,55,61
840.25,24,24,55,61
840.74,24,24,55,61
841.24,24,24,55,61
841.73,24,24,55,61
842.23,24,24,55,61
842.72,24,24,55,61
843.22,24,24,55,61
843.71,24,24,55,61
844.2,24,24,55,61
844.69,24,24,55,61
845.19,24,24,55,61
845.68,24,24,55,61
846.18,24,24,55,61
846.67,24,24,55,61
847.17,24,24,55,61
847.66,24,24,55,61
848.15,24,24,55,61
848.65,24,24,55,61
849.14,24,24,55,61
849.64,24,24,55,61
850.13,24,24,55,61
850.62,24,24,55,61
851.11,24,24,55,61
851.61,24,24,55,61
852.1,24,24,55,61
852.6,24,24,55,62
853.09,24,24,55,62
853.58,24,24,54,62
854.07,24,24,54,62
854.57,24,24,54,62
855.08,24,24,54,62
855.55,24,24,54,62
856.06,24,24,54,62
856.54,24,24,54,62
857.04,24,24,54,62
857.53,24,24,54,62
858.03,24,24,54,62
858.51,24,24,54,62
859.01,24,24,54,62
859.51,24,24,54,62
860.0,24,24,54,62
860.49,24,24,54,62
860.98,24,24,54,62
861.48,24,24,53,62
861.98,24,24,53,62
862.47,24,24,53,62
862.96,24,24,53,62
863.46,24,24,53,62
863.95,24,24,53,62
864.44,24,24,53,62
864.94,24,24,53,62
865.43,24,24,53,62
865.92,24,24,53,62
866.42,24,24,53,62
866.91,24,24,53,62
867.41,24,24,53,62
867.9,24,24,53,62
868.39,24,24,53,62
868.89,24,24,53,62
869.39,24,24,53,62
869.87,24,24,53,62
870.36,24,24,53,62
870.86,24,24,53,62
871.35,24,24,53,62
871.85,24,24,53,62
872.34,24,24,53,62
872.83,24,24,53,62
873.33,24,24,53,62
873.82,24,24,53,62
874.31,24,24,53,62
874.8,24,24,53,62
875.3,24,24,53,62
875.79,24,24,53,62
876.29,24,24,53,62
876.78,24,24,53,62
877.28,24,24,53,62
877.77,24,24,53,62
878.27,24,24,53,62
878.76,24,24,53,62
879.25,24,24,53,61
879.74,24,24,53,61
880.24,24,24,53,61
880.74,24,24,53,61
881.22,24,24,53,61
881.72,24,24,53,61
882.22,24,24,53,61
882.71,24,24,53,61
883.2,24,24,53,61
883.69,24,24,53,61
884.19,24,24,53,61
884.68,24,24,53,61
885.18,24,24,53,61
885.67,24,24,53,61
886.16,24,24,53,61
886.66,24,24,53,61
887.16,24,24,53,61
887.64,24,24,53,61
888.14,24,24,53,61
888.63,24,24,53,61
889.13,24,24,53,61
889.63,24,24,53,61
890.13,24,24,53,61
890.62,24,24,53,61
891.1,24,24,53,61
891.59,24,24,53,61
892.09,24,24,53,61
892.58,24,24,53,61
893.07,24,24,53,61
893.57,24,24,53,61
894.06,24,24,53,61
894.55,24,24,53,61
895.04,24,24,53,61
895.54,24,24,53,61
896.03,24,24,53,61
896.52,24,24,53,61
897.02,24,24,53,61
897.51,24,24,53,61
898.01,24,24,53,61
898.5,24,24,53,61
898.99,24,24,53,61
899.49,24,24,53,61
899.99,24,24,53,61
900.47,24,24,53,61
900.97,24,24,53,61
901.46,24,24,53,61
901.95,24,24,53,61
902.47,24,24,53,61
902.94,24,24,53,61
903.43,24,24,53,61
903.93,24,24,53,61
904.42,24,24,53,61
904.91,24,24,52,61
905.41,24,24,52,61
905.9,24,24,52,61
906.4,24,24,52,61
906.89,24,24,52,61
907.39,24,24,52,61
907.88,24,24,52,61
908.37,24,24,52,61
908.86,24,24,52,61
909.36,24,24,52,61
909.86,24,24,52,61
910.35,24,24,52,61
910.84,24,24,52,61
911.33,24,24,52,61
911.83,24,24,52,61
912.32,24,24,52,61
912.81,24,24,52,61
913.31,24,24,52,61
913.8,24,24,52,61
914.29,24,24,52,61
914.79,24,24,52,61
915.28,24,24,52,61
915.77,24,24,52,61
916.27,24,24,52,61
916.76,24,24,52,61
917.26,24,24,52,61
917.75,24,24,52,61
918.24,24,24,52,61
918.73,24,24,52,61
919.23,24,24,52,61
919.73,24,24,52,61
