Time (s),Current
3.37,0.1
3.55,0.1
3.62,0.4
3.66,0.1
3.84,0.0
4.01,-0.2
4.11,0.1
4.35,0.0
4.48,0.1
4.63,0.1
4.72,0.1
4.82,0.4
5.0,0.4
5.11,0.0
5.23,0.1
5.34,0.0
5.59,0.1
5.72,0.1
5.86,0.0
6.01,0.0
6.13,0.1
6.33,0.1
6.48,0.0
6.62,0.6
6.74,0.0
6.83,0.1
6.97,0.1
7.11,0.1
7.28,0.4
7.41,0.4
7.49,0.1
7.61,0.1
7.7,0.4
7.87,0.1
8.03,0.0
8.15,0.1
8.2,0.1
8.32,0.1
8.5,0.1
8.61,0.0
8.72,0.1
8.82,0.0
8.99,0.4
9.12,0.1
9.24,0.1
9.46,0.1
9.6,0.1
9.7,0.1
9.84,0.0
9.98,-0.2
10.13,0.1
10.24,0.0
10.38,0.0
10.55,0.4
10.65,0.1
10.75,0.0
10.9,0.1
11.05,0.0
11.15,0.0
11.26,0.0
11.39,0.1
11.53,0.1
11.65,0.1
11.8,0.0
11.94,0.0
12.03,0.1
12.13,0.1
12.29,0.1
12.5,-0.2
12.61,0.1
12.66,0.1
12.74,0.1
12.9,-0.2
13.03,0.0
13.13,0.1
13.24,0.0
13.36,0.1
13.46,0.4
13.64,0.1
13.75,0.1
13.98,0.1
14.12,0.1
14.23,0.0
14.44,0.1
14.55,0.4
14.61,0.0
14.74,-0.2
14.86,0.1
15.05,0.1
15.15,0.1
15.4,0.1
15.52,0.1
15.62,0.0
15.82,0.0
16.05,0.4
16.12,0.1
16.28,0.1
16.45,0.1
16.55,0.0
16.73,0.1
16.87,0.1
17.02,-0.2
17.15,0.1
17.3,0.1
17.42,0.1
17.51,0.0
17.66,0.1
17.77,0.0
17.92,0.0
18.02,0.1
18.11,0.0
18.29,-0.2
18.41,0.1
18.5,0.1
18.64,0.1
18.76,0.0
18.93,0.0
19.02,0.0
19.1,0.0
19.26,0.1
19.43,-0.2
19.52,0.1
19.63,0.4
19.76,0.0
19.87,0.0
20.12,0.0
20.41,0.0
20.52,0.1
20.65,0.0
20.79,0.1
20.92,0.0
21.05,0.1
21.13,0.0
21.23,0.1
21.37,0.0
21.5,0.0
21.66,0.0
21.77,0.0
21.88,0.0
21.97,0.1
22.1,0.1
22.29,0.1
22.39,0.0
22.46,0.1
22.56,0.0
22.7,0.4
22.81,0.1
23.01,0.1
23.11,0.4
23.22,0.4
23.34,0.1
23.47,0.1
23.6,0.0
23.72,0.0
23.87,0.0
23.96,-0.2
24.09,0.4
24.21,0.1
24.51,0.1
24.61,-0.2
24.75,0.0
24.85,0.0
24.96,0.1
25.11,0.0
25.22,0.0
25.33,0.1
25.46,0.0
25.56,0.0
25.72,0.0
25.83,0.4
25.93,0.0
26.06,0.4
26.24,0.1
26.37,0.0
26.43,0.0
26.57,0.1
26.7,0.1
26.82,0.1
26.92,0.0
27.03,0.1
27.14,0.0
27.31,0.1
27.53,0.0
27.66,0.1
27.77,0.6
27.91,0.1
28.04,0.1
28.17,0.4
28.29,0.1
28.37,0.1
28.48,0.1
28.67,0.4
28.75,0.1
28.94,0.4
29.15,0.4
29.28,0.1
29.41,0.0
29.55,0.1
29.65,0.1
29.79,0.1
29.88,0.1
30.03,0.1
30.19,0.1
30.3,0.0
30.39,0.0
30.48,0.1
30.64,0.1
30.79,0.4
30.92,0.6
31.01,0.0
31.11,0.4
31.28,0.1
31.47,0.1
31.56,0.4
31.65,0.1
31.74,0.1
31.9,0.0
32.06,0.1
32.15,0.4
32.22,0.0
32.36,0.1
32.47,0.1
32.56,0.0
32.73,0.1
32.87,0.1
33.0,0.1
33.13,0.1
33.2,0.4
33.32,0.0
33.41,0.4
33.53,0.1
33.64,0.1
33.78,0.4
33.87,0.4
33.97,0.0
34.09,0.0
34.23,0.1
34.36,0.0
34.48,0.1
34.61,0.1
34.7,0.1
34.84,0.1
34.95,0.1
35.1,0.1
35.21,0.1
35.37,0.1
35.47,0.1
35.56,0.1
35.66,0.1
35.82,0.4
35.95,0.4
36.19,0.4
36.31,0.1
36.41,0.1
36.57,0.1
36.72,0.0
36.79,0.1
36.96,0.1
37.09,0.4
37.19,0.1
37.29,0.1
37.51,-0.2
37.61,0.0
37.75,0.0
37.89,0.1
38.04,0.1
38.16,0.1
38.28,0.1
38.39,0.4
38.52,0.1
38.64,0.1
38.74,0.4
38.86,0.0
38.99,0.1
39.08,0.4
39.21,0.1
39.35,0.4
39.49,0.1
39.6,0.1
39.75,0.0
39.85,0.0
40.02,0.1
40.12,0.4
40.19,0.6
40.35,0.1
40.65,0.4
40.76,0.6
40.89,0.4
40.97,0.4
41.16,0.6
41.31,0.6
41.41,0.4
41.51,0.1
41.62,0.0
41.75,0.1
41.91,0.0
42.02,0.1
42.1,0.4
42.24,0.1
42.34,0.4
42.51,0.4
42.64,0.0
42.75,-0.2
42.86,0.4
43.0,0.1
43.1,0.4
43.27,0.1
43.4,0.4
43.5,0.1
43.61,0.4
43.72,0.1
43.86,0.4
44.0,0.1
44.13,0.4
44.23,0.4
44.34,0.4
44.52,0.1
44.69,0.1
44.9,0.1
44.99,0.4
45.12,0.4
45.23,0.4
45.39,0.1
45.48,0.4
45.62,0.4
45.74,0.4
45.9,0.0
45.98,0.0
46.22,0.1
46.32,0.0
46.49,0.4
46.59,0.4
46.68,0.6
46.84,0.4
46.99,0.0
47.09,0.4
47.18,0.1
47.32,0.4
47.44,0.4
47.61,0.4
47.71,0.1
47.82,0.4
47.96,0.1
48.09,0.4
48.2,0.0
48.38,0.4
48.51,0.6
48.68,1.4
48.77,0.9
48.88,0.9
49.03,0.6
49.17,1.4
49.32,1.4
49.41,1.9
49.52,1.6
49.63,4.1
49.78,7.4
49.89,15.1
50.09,11.4
50.23,12.9
50.37,16.1
50.52,19.1
50.74,23.1
50.84,25.4
50.96,26.1
51.15,27.4
51.28,30.4
51.38,29.9
51.5,30.9
51.66,32.6
51.78,32.4
51.96,35.4
52.06,35.9
52.12,33.6
52.29,32.4
52.45,35.6
52.58,35.9
52.71,38.9
52.95,34.4
53.05,35.4
53.21,32.6
53.36,31.9
53.45,33.9
53.57,36.6
53.7,35.4
53.84,35.9
53.98,38.4
54.07,30.9
54.25,36.9
54.35,34.4
54.5,19.1
54.6,-6.2
54.75,1.6
54.91,-1.5
55.0,0.9
55.16,-1.0
55.27,-1.2
55.35,0.6
55.54,-1.5
55.66,0.6
55.75,0.6
55.86,-0.5
55.96,-0.5
56.08,0.9
56.23,-1.0
56.32,-1.2
56.47,0.6
56.63,-1.2
56.74,0.9
56.91,-1.2
57.0,0.6
57.14,0.0
57.28,0.1
57.4,0.0
57.5,0.6
57.66,0.0
57.84,0.1
57.94,-0.2
58.03,0.4
58.15,0.6
58.28,-0.2
58.44,1.1
58.56,2.6
58.64,0.4
58.8,2.9
58.92,4.6
59.12,8.9
59.23,10.1
59.33,10.1
59.42,2.9
59.57,3.6
59.69,8.4
59.83,17.1
59.93,16.4
60.06,16.1
60.18,8.4
60.29,9.9
60.41,11.6
60.55,11.4
60.71,15.1
60.84,14.9
60.94,14.1
61.06,13.1
61.2,13.1
61.35,11.9
61.45,11.9
61.57,8.1
61.73,10.9
61.84,14.4
61.95,11.1
62.08,13.1
62.2,18.1
62.4,15.1
62.52,14.9
62.63,-7.5
62.74,-2.2
62.85,0.6
62.99,1.4
63.1,9.9
63.21,7.6
63.34,7.6
63.46,12.1
63.62,10.9
63.73,9.6
63.85,11.9
63.93,1.1
64.05,0.6
64.17,1.9
64.32,0.0
64.57,10.9
64.74,3.4
64.86,1.4
64.99,5.1
65.11,19.1
65.27,19.1
65.37,11.9
65.47,15.1
65.63,14.1
65.78,14.1
65.9,16.6
66.13,12.1
66.24,-0.2
66.49,13.6
66.59,12.9
66.72,15.4
66.83,22.1
66.96,21.9
67.1,21.1
67.2,18.9
67.3,11.9
67.43,12.9
67.6,16.9
67.75,23.1
67.84,24.4
67.95,21.1
68.1,27.9
68.24,25.4
68.34,25.4
68.49,24.4
68.66,33.6
68.79,53.4
68.93,70.1
69.02,59.9
69.17,50.9
69.26,58.6
69.39,57.4
69.49,56.6
69.62,54.6
69.71,64.4
69.95,59.1
70.13,46.1
70.24,-4.7
70.31,-6.0
70.43,1.6
70.71,-2.0
70.77,-0.7
70.9,-0.7
71.03,-1.2
71.13,-0.7
71.25,-0.2
71.37,-1.5
71.54,1.1
71.64,-0.2
71.85,5.1
72.01,23.4
72.2,13.1
72.32,2.9
72.42,11.6
72.57,22.4
72.69,31.1
72.84,25.1
72.95,21.4
73.08,27.9
73.21,3.1
73.31,8.4
73.4,13.9
73.59,30.6
73.7,29.9
73.91,35.9
74.08,33.6
74.17,34.1
74.29,37.1
74.46,36.4
74.55,38.4
75.6,34.9
76.05,42.9
76.84,13.6
77.05,-4.7
77.09,-3.0
77.19,5.9
77.28,20.4
77.37,23.4
77.55,19.6
77.65,8.9
77.76,4.6
77.88,10.4
78.0,5.1
78.14,-8.2
78.29,-3.7
78.42,-2.5
78.67,13.1
78.78,7.1
78.93,10.1
79.05,11.4
79.2,2.4
79.31,-3.5
79.59,-1.2
79.85,0.6
79.96,-2.0
80.07,-2.0
80.21,-1.7
80.34,-0.5
80.5,0.6
80.68,1.6
80.78,-1.5
80.92,-1.2
81.03,0.0
81.17,1.1
81.24,-0.7
81.39,-0.2
81.51,0.4
81.66,0.4
81.75,0.4
81.87,-0.2
82.02,0.0
82.12,2.4
82.24,14.4
82.38,32.6
82.52,2.9
82.65,-4.5
82.72,1.6
82.86,0.9
82.99,22.4
83.16,30.6
83.26,23.6
83.36,18.1
83.52,21.1
83.62,23.4
83.72,22.9
83.9,31.4
84.01,30.9
84.1,31.6
84.22,0.0
84.34,-3.5
84.51,6.1
84.58,2.4
84.7,8.9
84.83,18.1
84.94,31.4
85.08,2.9
85.22,25.4
85.33,26.4
85.46,38.9
85.69,37.9
85.83,40.6
85.94,48.4
86.09,64.9
86.18,74.4
86.31,54.9
86.42,50.4
86.58,56.6
86.68,56.6
86.8,66.6
86.93,65.9
87.07,66.6
87.19,69.1
87.34,73.6
87.47,77.4
87.58,82.4
87.68,75.1
87.8,75.6
87.95,70.9
88.07,79.4
88.16,74.4
88.34,64.4
88.44,64.1
88.55,79.1
88.62,80.1
88.79,69.9
88.91,6.6
89.05,-14.5
89.15,-0.7
89.23,-2.2
89.4,-2.2
89.59,-2.5
89.68,-2.5
89.78,-3.0
89.91,-2.0
90.06,2.4
90.2,-1.5
90.29,-1.5
90.42,0.6
90.54,-0.2
90.69,-0.2
90.87,-0.2
90.97,0.6
91.07,-0.2
91.2,-0.5
91.32,0.6
91.46,1.4
91.58,-1.7
91.74,-1.5
91.84,1.9
91.97,0.4
92.1,21.1
92.24,23.1
92.37,5.1
92.49,28.6
92.57,44.4
92.71,20.9
92.87,19.6
93.02,34.9
93.11,33.9
93.24,27.9
93.38,31.9
93.55,23.6
93.65,38.1
93.81,29.9
93.91,35.4
94.03,39.4
94.19,28.9
94.29,28.4
94.46,38.9
94.58,28.1
94.73,31.4
94.87,36.9
94.97,46.1
95.15,53.1
95.25,56.6
95.36,76.1
95.48,84.1
95.74,88.6
95.86,104.9
95.99,90.6
96.09,94.4
96.27,131.4
96.36,115.9
96.52,107.6
96.6,167.4
96.72,153.1
96.83,149.9
96.95,115.1
97.07,77.1
97.2,11.1
97.34,14.4
97.45,79.1
97.53,94.9
97.66,66.1
97.75,49.1
97.85,63.9
98.0,30.9
98.15,8.9
98.22,1.4
98.37,-1.0
98.55,-4.5
98.69,-5.5
98.85,-2.5
98.9,-0.7
99.06,3.9
99.19,2.1
99.29,0.6
99.42,1.6
99.51,-1.7
99.62,-3.5
99.78,-0.2
99.91,0.6
100.03,1.6
100.15,-0.5
100.24,-1.2
100.39,-0.7
100.65,2.6
100.77,-2.0
100.88,1.6
101.03,1.4
101.16,-0.2
101.3,0.1
101.4,0.9
101.55,9.4
101.65,1.6
101.75,0.4
101.92,12.6
102.02,-1.2
102.16,18.6
102.27,6.6
102.39,4.6
102.52,16.9
102.68,18.1
102.8,15.1
102.92,0.4
103.07,-1.2
103.2,1.9
103.32,-1.2
103.45,0.9
103.56,4.9
103.69,25.9
103.82,32.4
103.96,23.1
104.11,21.9
104.23,20.6
104.33,15.9
104.41,13.6
104.56,8.4
104.68,8.9
104.84,5.9
104.92,13.1
105.03,19.4
105.27,35.9
105.43,28.6
105.55,3.6
105.64,-2.5
105.78,2.6
105.88,2.6
105.99,1.4
106.15,0.4
106.25,0.9
106.33,1.6
106.74,4.6
106.87,16.4
106.96,3.9
107.14,15.4
107.27,17.9
107.37,19.6
107.54,20.9
107.65,17.6
107.82,19.1
107.91,3.1
108.04,7.1
108.13,2.6
108.3,4.1
108.39,8.1
108.54,8.9
108.68,18.6
108.8,15.6
108.96,14.1
109.06,14.6
109.16,26.4
109.29,20.6
109.4,12.4
109.56,21.4
109.67,24.1
109.8,25.4
109.89,22.4
110.02,23.4
110.17,32.1
110.33,41.4
110.46,38.9
110.61,39.6
110.7,36.9
110.83,45.1
110.98,72.4
111.13,68.9
111.27,70.9
111.35,68.9
111.49,66.6
111.58,78.4
111.7,68.9
111.83,72.9
111.95,59.9
112.08,69.4
112.17,51.1
112.25,-33.7
112.39,-4.5
112.53,3.1
112.63,-0.5
112.76,-1.5
112.87,-3.5
113.02,-2.0
113.3,-2.5
113.45,1.6
113.56,-0.2
113.67,0.6
113.8,4.6
113.97,-3.7
114.06,-0.7
114.19,0.0
114.3,-1.5
114.58,17.9
114.73,9.1
114.84,7.9
114.94,9.9
115.08,23.1
115.22,31.1
115.32,24.4
115.48,27.9
115.62,32.4
115.84,29.6
115.95,28.4
116.08,34.9
116.19,37.1
116.33,39.4
116.46,47.6
116.56,54.9
116.66,53.4
116.81,61.9
116.95,61.1
117.08,52.4
117.18,47.9
117.31,31.9
117.48,-19.0
117.6,0.6
117.8,24.4
117.93,14.1
118.08,13.1
118.24,18.9
118.37,24.9
118.69,3.1
118.85,0.6
118.97,-0.2
119.13,1.1
119.24,1.1
119.36,-2.0
119.47,0.1
119.57,-0.2
119.74,-1.2
119.88,0.4
119.95,15.1
120.08,20.6
120.15,11.9
120.3,11.9
120.43,19.1
120.54,21.9
120.6,15.1
120.75,2.9
120.87,-4.0
120.97,-2.2
121.09,1.6
121.23,-1.5
121.36,-2.0
121.46,2.6
121.6,-1.5
121.74,-2.5
121.88,0.0
121.99,-0.5
122.08,0.0
122.34,0.6
122.45,1.1
122.59,1.4
122.84,0.4
122.94,0.4
123.08,-0.2
123.2,4.1
123.36,1.6
123.5,-1.5
123.58,1.9
123.69,-0.2
123.84,11.9
123.99,17.1
124.12,19.1
124.28,16.6
124.37,-4.0
124.46,3.6
124.56,16.1
124.69,19.9
124.86,29.1
124.95,14.6
125.05,-0.5
125.19,0.0
125.37,2.6
125.5,1.6
125.69,15.1
125.82,14.4
125.94,17.9
126.05,19.1
126.22,20.1
126.35,24.4
126.44,26.4
126.6,34.9
126.74,33.9
126.87,33.6
126.97,38.6
127.09,47.6
127.23,59.1
127.36,69.1
127.5,82.6
127.59,62.9
127.87,76.1
127.96,75.1
128.06,67.4
128.24,74.1
128.38,74.1
128.52,69.1
128.61,71.1
128.74,81.6
128.86,83.1
128.97,95.4
129.07,84.9
129.22,94.6
129.31,101.1
129.47,114.6
129.58,91.9
129.74,100.4
129.86,103.1
130.01,108.4
130.11,21.9
130.37,-3.2
130.48,0.0
130.62,0.9
130.76,-2.5
130.89,-0.2
130.97,1.6
131.17,0.9
131.27,-3.2
131.48,2.6
131.58,-3.5
131.74,0.1
131.85,-0.5
131.96,0.6
132.06,1.9
132.21,-2.5
132.3,-0.7
132.43,-1.2
132.55,-2.0
132.68,0.9
132.78,-1.2
132.9,0.0
132.99,0.6
133.17,10.9
133.31,37.1
133.43,13.1
133.52,36.6
133.68,36.9
133.78,45.4
133.97,33.1
134.06,36.9
134.21,26.4
134.29,25.6
134.44,50.4
134.62,38.9
134.73,35.4
134.84,37.9
134.94,45.1
135.05,52.4
135.24,55.1
135.34,40.9
135.42,41.6
135.52,27.9
135.67,31.6
135.78,43.1
135.88,51.4
135.98,66.6
136.12,78.9
136.26,80.6
136.37,102.4
136.55,125.6
136.66,99.6
136.88,106.9
137.02,123.9
137.17,117.6
137.26,126.4
137.39,157.9
137.49,126.4
137.65,122.9
137.8,58.6
137.93,33.6
138.02,64.6
138.19,26.1
138.31,30.6
138.43,38.9
138.56,29.6
138.69,28.1
138.79,41.6
138.89,2.9
139.07,0.9
139.19,-2.0
139.27,4.4
139.39,1.9
139.49,-3.5
139.67,-2.5
139.81,-2.5
139.9,-2.5
140.05,-1.2
140.15,-2.7
140.31,0.6
140.46,-0.2
140.58,-2.2
140.69,2.1
140.76,3.4
140.89,-1.2
141.01,1.6
141.18,1.1
141.3,0.6
141.42,-0.2
141.6,5.6
141.73,0.1
141.85,2.6
141.96,-0.2
142.11,-0.7
142.22,1.1
142.29,1.4
142.6,12.1
142.71,21.4
142.78,23.4
142.9,4.4
143.09,-2.7
143.2,29.9
143.41,13.1
143.58,6.6
143.71,-2.5
143.82,13.9
143.91,20.4
144.07,28.6
144.17,29.6
144.32,23.9
144.47,15.9
144.64,-6.5
144.85,30.9
145.01,28.4
145.11,27.1
145.24,25.9
145.35,27.6
145.5,4.6
145.73,-1.0
145.85,1.6
145.98,37.6
146.1,30.9
146.21,12.6
146.3,18.6
146.43,25.1
146.6,10.6
146.71,13.4
146.86,15.9
147.0,24.4
147.12,20.6
147.21,-0.2
147.33,3.6
147.47,4.6
147.62,22.1
147.72,26.4
147.83,15.1
147.94,17.1
148.1,13.4
148.24,11.4
148.41,12.4
148.5,4.4
148.62,-1.0
148.71,0.1
148.82,-1.0
148.97,1.1
149.1,3.6
149.19,20.4
149.32,31.6
149.44,28.6
149.62,26.6
149.73,27.9
149.81,26.6
149.9,33.1
150.08,34.1
150.19,29.4
150.3,25.4
150.48,23.6
150.61,39.6
150.73,45.9
150.83,47.1
150.98,51.4
151.12,56.6
151.22,61.1
151.32,67.9
151.43,67.6
151.58,81.6
151.79,82.4
151.92,85.4
152.08,87.4
152.21,79.4
152.34,79.9
152.47,78.6
152.62,45.9
152.7,34.6
152.87,1.9
152.98,-11.7
153.07,-3.2
153.2,-0.7
153.37,-2.2
153.5,-2.2
153.61,2.6
153.68,-2.0
153.8,0.9
153.99,-1.2
154.11,-1.5
154.19,0.1
154.33,-1.0
154.5,-1.5
154.64,-0.7
154.88,0.4
154.97,2.4
155.1,2.4
155.18,24.1
155.34,22.6
155.47,34.1
155.57,42.9
155.66,37.9
155.82,51.6
155.95,47.4
156.1,54.9
156.18,43.9
156.35,43.1
156.48,42.4
156.58,43.1
156.73,40.4
156.85,44.1
156.95,56.6
157.07,40.6
157.19,46.1
157.38,44.1
157.5,41.9
157.62,49.1
157.71,8.9
157.88,-4.0
158.0,-1.5
158.13,-2.5
158.22,-4.7
158.38,10.1
158.5,-5.0
158.65,18.6
158.88,-4.5
159.0,-5.0
159.09,3.6
159.22,0.6
159.35,2.4
159.51,1.6
159.6,-0.2
159.75,18.1
159.82,2.6
159.97,2.6
160.06,11.1
160.14,19.9
160.28,7.6
160.4,-2.2
160.57,-2.5
160.65,0.9
160.75,0.4
160.91,-3.5
161.03,0.1
161.16,-0.5
161.3,-1.7
161.46,0.0
161.52,0.0
161.62,0.4
161.81,-2.2
161.93,-1.0
162.03,-1.0
162.24,0.6
162.4,1.6
162.53,0.6
162.67,0.6
162.77,1.9
162.89,1.6
162.98,0.6
163.11,-0.7
163.31,1.4
163.42,0.4
163.49,0.6
163.59,0.6
163.77,0.0
163.88,1.1
164.03,0.0
164.12,1.1
164.26,2.4
164.38,19.1
164.49,9.6
164.64,18.4
164.74,7.6
164.89,13.9
165.0,19.1
165.11,8.9
165.25,24.1
165.39,14.1
165.52,12.9
165.62,12.1
165.77,11.4
165.91,7.6
166.03,15.1
166.15,27.1
166.28,32.1
166.4,29.6
166.53,35.9
166.66,46.4
166.83,44.6
166.92,44.4
167.16,57.4
167.28,58.4
167.39,57.1
167.47,64.9
167.59,60.9
167.76,70.6
167.86,72.6
167.95,76.1
168.07,71.1
168.19,79.4
168.37,88.9
168.49,96.9
168.59,90.6
168.75,102.1
168.9,98.9
169.04,106.9
169.16,97.1
169.28,110.1
169.43,106.6
169.52,104.1
169.67,115.6
169.82,99.9
169.9,-32.5
170.02,-9.7
170.13,-1.7
170.3,0.9
170.43,-6.5
170.63,-4.5
170.75,1.1
170.85,0.4
171.0,2.6
171.14,2.1
171.28,-3.0
171.45,2.1
171.64,-3.5
171.81,-1.5
171.88,-0.5
172.01,-1.0
172.12,-0.2
172.3,-2.5
172.44,-1.7
172.53,-2.2
172.65,-2.5
172.82,-1.5
172.93,-1.7
173.18,0.9
173.29,1.6
173.41,43.1
173.53,25.4
173.65,4.6
173.77,64.9
173.89,55.6
174.05,56.6
174.16,65.9
174.3,52.9
174.4,19.1
174.47,42.4
174.66,47.9
174.82,25.1
174.91,16.6
175.01,30.9
175.14,23.9
175.23,30.6
175.38,46.6
175.5,57.6
175.63,54.4
175.77,68.9
175.84,71.4
175.98,92.6
176.1,98.9
176.24,108.6
176.35,90.6
176.44,99.1
176.61,111.9
176.72,106.9
176.89,130.1
177.01,138.6
177.13,141.4
177.28,142.4
177.42,169.6
177.55,89.6
177.65,51.6
177.85,18.4
178.01,15.6
178.14,13.4
178.29,12.9
178.37,-9.2
178.51,-4.5
178.6,-3.0
178.87,-4.2
179.02,-4.5
179.14,-8.5
179.28,-2.7
179.41,-0.2
179.53,-1.5
179.66,0.0
179.79,-4.2
179.92,-2.0
180.06,1.4
180.18,0.6
180.29,-3.2
180.4,2.6
180.58,-2.0
180.76,-2.0
180.86,0.1
180.96,0.9
181.17,0.4
181.32,-1.5
181.47,1.4
181.68,-1.5
181.78,-0.2
181.91,-1.2
182.08,3.4
182.17,-2.2
182.29,-0.2
182.37,3.6
182.48,2.1
182.67,-0.5
182.77,2.6
182.85,1.9
182.99,7.1
183.07,13.9
183.19,7.9
183.36,9.1
183.47,12.6
183.71,-9.7
183.81,-0.7
184.01,10.6
184.11,19.9
184.21,16.4
184.26,5.6
184.41,1.9
184.52,6.4
184.67,18.1
184.81,15.9
184.92,3.4
185.02,17.1
185.14,15.1
185.28,17.9
185.44,25.4
185.56,37.9
185.76,21.9
185.9,-12.7
186.04,3.6
186.16,11.6
186.27,11.9
186.37,7.9
186.49,14.9
186.63,15.4
186.74,10.9
186.89,6.1
186.98,10.1
187.1,13.6
187.31,10.6
187.44,9.1
187.52,7.1
187.64,6.9
187.73,5.4
187.9,5.1
188.01,6.6
188.12,18.9
188.22,15.9
188.39,15.4
188.56,4.1
188.68,-2.5
188.78,5.4
188.92,8.6
189.07,11.9
189.2,14.9
189.36,25.1
189.45,28.6
189.54,31.6
189.73,31.9
189.88,30.6
190.0,42.6
190.1,52.4
190.19,50.1
190.33,52.9
190.53,54.4
190.65,50.9
190.77,59.4
190.86,59.1
190.98,58.4
191.08,55.6
191.27,71.4
191.38,80.4
191.46,60.1
191.56,68.1
191.68,47.1
191.87,51.1
191.98,56.6
192.1,57.6
192.21,46.6
192.39,13.1
192.55,-10.7
192.67,1.1
192.8,0.1
192.91,-0.7
193.18,-2.2
193.34,-1.2
193.47,0.0
193.56,-0.5
193.74,1.4
193.88,-0.7
194.18,-0.2
194.33,1.6
194.41,0.4
194.56,0.0
194.71,0.9
194.82,15.4
194.94,40.1
195.02,2.1
195.16,16.4
195.29,15.9
195.38,35.6
195.49,30.9
195.64,36.1
195.78,35.6
195.91,35.9
196.0,45.1
196.08,45.1
196.25,38.9
196.43,49.4
196.52,48.1
196.76,51.9
196.9,39.1
197.08,17.1
197.18,33.6
197.32,24.4
197.39,16.1
197.48,-3.0
197.64,-1.5
197.82,2.6
197.94,-1.2
198.04,9.9
199.05,-0.5
199.21,-2.5
199.45,13.1
199.52,15.4
199.67,13.4
199.78,21.4
199.94,14.1
200.03,4.6
200.13,4.4
200.29,18.4
200.41,14.4
200.52,18.6
200.7,15.1
200.81,17.6
200.93,15.9
201.03,16.9
201.17,-2.5
201.34,-4.7
201.45,-1.2
201.53,0.6
201.65,-0.5
201.77,0.6
201.9,-1.5
202.03,1.1
202.09,-0.7
202.21,0.9
202.34,0.4
202.43,-0.2
202.62,1.9
202.75,0.0
202.84,1.4
202.97,0.6
203.03,1.6
203.22,0.1
203.35,1.6
203.43,0.0
203.58,0.9
203.74,0.1
203.9,0.6
203.97,0.9
204.06,1.6
204.19,0.6
204.31,0.9
204.4,1.9
204.55,3.6
204.7,4.1
204.83,8.1
205.03,18.6
205.21,15.6
205.32,1.9
205.43,-1.0
205.61,4.6
205.72,27.1
205.87,35.1
205.96,26.1
206.07,27.4
206.2,27.6
206.32,39.1
206.44,38.6
206.6,42.1
206.69,42.1
206.91,44.9
206.98,46.1
207.19,58.1
207.32,76.1
207.41,71.9
207.54,73.9
207.69,80.4
207.83,84.6
207.93,95.6
208.02,92.4
208.17,101.4
208.27,130.1
208.38,131.9
208.52,142.9
208.65,143.1
208.75,148.6
208.89,128.9
209.03,129.6
209.19,148.9
209.29,142.4
209.41,127.1
209.51,26.4
209.73,-33.0
209.83,5.1
209.94,-1.7
210.04,-2.5
210.19,2.9
210.32,1.9
210.43,-3.0
210.57,-0.7
210.69,-0.2
210.8,-3.5
210.88,0.1
210.99,-1.2
211.16,-2.5
211.25,-2.5
211.38,0.0
211.47,-0.2
211.68,0.0
211.78,0.6
211.85,1.4
212.0,-1.5
212.11,1.9
212.29,0.0
212.37,0.6
212.5,-0.2
212.63,-1.5
212.79,0.6
212.92,19.1
213.04,14.9
213.15,14.4
213.25,31.9
213.37,32.6
213.56,35.6
213.68,35.9
213.77,50.4
213.84,43.1
214.0,46.6
214.12,40.4
214.39,45.9
214.48,50.4
214.63,47.1
214.73,53.4
214.85,40.9
214.98,41.4
215.13,35.9
215.27,39.4
215.35,53.1
215.46,70.9
215.65,74.6
215.75,107.6
215.83,104.1
215.95,104.9
216.09,111.6
216.24,137.9
216.34,148.9
216.43,150.6
216.58,145.6
216.71,158.6
216.87,158.6
217.01,109.1
217.09,83.1
217.22,58.6
217.3,35.4
217.5,14.1
217.6,31.9
217.82,32.9
218.12,23.6
218.26,15.4
218.34,13.6
218.5,1.6
218.62,0.0
218.74,-4.0
218.85,-2.2
218.97,-2.7
219.12,-0.5
219.23,-2.2
219.36,-5.0
219.52,-4.5
219.63,-2.7
219.74,-5.5
219.86,0.6
220.0,-3.5
220.14,-1.2
220.24,0.9
220.32,0.6
220.47,2.1
220.61,-0.7
220.77,0.1
220.87,0.6
221.0,-0.2
221.11,-0.5
221.24,0.9
221.37,0.0
221.55,-0.5
221.64,0.4
221.74,-0.5
221.87,-0.2
222.05,0.6
222.15,8.4
222.35,7.1
222.5,14.9
222.65,13.9
222.79,13.1
222.95,13.6
223.03,-3.5
223.19,-2.5
223.31,0.9
223.47,27.6
223.55,34.4
223.79,-7.2
223.98,-1.0
224.07,12.1
224.2,23.4
224.3,21.1
224.42,25.1
224.58,5.1
224.73,2.1
224.83,18.6
224.96,44.6
225.1,34.6
225.23,40.9
225.35,42.1
225.47,-12.5
225.62,-5.0
225.68,1.9
225.79,1.1
226.0,0.9
226.08,0.4
226.2,0.1
226.28,0.9
226.41,0.0
226.57,0.0
226.71,0.6
226.8,29.9
226.96,20.1
227.05,18.4
227.17,18.4
227.28,19.1
227.43,-1.5
227.53,-1.7
227.66,2.9
227.79,0.9
227.95,3.6
228.07,15.6
228.16,10.9
228.29,21.4
228.48,19.1
228.63,-4.7
228.7,3.4
228.85,5.6
228.96,19.9
229.11,24.1
229.23,18.9
229.4,17.9
229.49,14.9
229.61,28.9
229.7,38.1
229.9,40.4
230.01,56.1
230.1,61.6
230.22,55.6
230.31,64.4
230.45,77.4
230.58,82.4
230.71,76.6
230.84,89.4
230.93,91.4
231.06,93.9
231.19,105.1
231.34,110.6
231.47,109.4
231.57,118.4
231.69,105.6
231.84,113.1
232.01,68.4
232.1,-25.5
232.26,-1.7
232.39,-0.2
232.63,-3.5
232.73,-1.5
232.93,0.6
233.06,0.9
233.25,-1.0
233.36,1.4
233.49,-2.0
233.58,0.4
233.83,0.4
233.95,0.6
234.06,-1.2
234.15,0.1
234.42,0.6
234.52,0.6
234.75,26.6
234.85,61.6
234.99,42.1
235.1,32.6
235.33,40.6
235.42,48.6
235.55,45.6
235.68,53.9
235.81,63.4
235.91,63.4
236.01,60.6
236.1,60.4
236.24,61.4
236.41,47.1
236.51,45.6
236.63,10.6
236.75,-4.7
236.93,35.6
237.04,22.4
237.18,21.4
237.29,9.9
237.44,-6.5
237.56,2.4
237.64,-0.2
237.79,-4.7
237.92,-1.5
237.99,-0.7
238.12,-0.2
238.25,0.1
238.39,-1.5
238.49,1.6
238.64,0.1
238.76,-1.7
238.87,0.6
239.0,1.6
239.08,-0.5
239.24,-2.2
239.36,2.4
239.44,21.9
239.55,44.4
239.72,10.9
239.86,22.6
239.97,37.6
240.12,27.6
240.3,26.4
240.41,8.1
240.52,-3.2
240.62,0.9
240.76,-0.2
240.87,0.0
241.02,0.6
241.24,-2.2
241.34,-2.7
241.52,-0.7
241.8,-0.2
241.92,-1.2
242.0,0.0
242.17,-2.0
242.32,1.6
242.42,0.9
242.51,-0.2
242.66,0.6
242.78,0.4
242.94,0.6
243.03,0.1
243.1,1.1
243.26,0.6
243.38,0.6
243.54,1.1
243.65,0.0
243.76,2.1
243.87,10.9
243.97,19.1
244.13,23.1
244.26,11.9
244.39,17.1
244.52,16.9
244.61,18.9
244.78,20.1
244.91,14.6
245.0,17.4
245.15,31.6
245.22,26.4
245.38,-4.0
245.48,-3.0
245.64,0.6
245.76,18.4
245.89,38.1
246.06,27.4
246.17,32.4
246.39,68.4
246.52,68.6
246.67,75.9
246.8,79.9
246.9,93.9
247.0,93.9
247.15,90.6
247.31,110.4
247.4,113.6
247.5,119.1
247.65,134.1
247.77,137.6
247.93,147.1
248.03,149.6
248.15,140.4
248.3,158.1
248.44,166.4
248.58,158.1
248.71,113.1
248.84,63.9
248.96,17.1
249.1,-4.2
249.2,1.6
249.37,-2.5
249.5,-1.5
249.63,-0.5
249.72,2.1
249.85,-2.2
249.95,-0.2
250.13,0.1
250.28,0.1
250.38,-3.5
250.45,0.4
250.6,1.6
250.75,2.4
250.86,-1.0
250.98,-0.7
251.07,0.4
251.2,0.0
251.34,1.1
251.44,1.6
251.59,-0.7
251.75,0.6
251.87,-1.0
252.05,-1.7
252.18,-1.0
252.38,26.4
252.5,22.1
252.64,34.9
252.87,31.4
253.04,35.9
253.14,29.9
253.26,34.1
253.39,34.9
253.52,33.4
253.63,35.9
253.88,21.6
254.01,24.4
254.14,24.9
254.28,17.6
254.41,21.1
254.58,37.9
254.73,36.1
254.8,37.9
254.94,62.9
255.05,70.6
255.17,82.6
255.32,114.4
255.44,143.9
255.55,135.1
255.67,144.4
255.78,201.4
255.93,143.6
256.1,149.9
256.21,115.9
256.28,91.4
256.44,85.6
256.6,80.1
256.73,63.4
256.87,48.1
256.96,59.9
257.11,53.4
257.22,50.1
257.37,55.6
257.48,49.4
257.58,39.9
257.73,12.9
257.82,1.6
257.97,2.6
258.13,-4.5
258.22,-5.0
258.31,1.6
258.49,-4.0
258.63,0.6
258.8,-2.2
258.89,-2.0
259.02,2.9
259.11,-2.0
259.25,2.6
259.42,-2.5
259.51,-5.2
259.64,-3.2
259.75,1.6
260.04,4.1
260.15,-2.2
260.27,-0.5
260.44,-1.2
260.57,0.6
260.64,1.9
260.76,0.6
260.9,1.6
261.05,3.6
261.16,2.6
261.24,-0.2
261.34,2.1
261.49,1.1
261.63,1.9
261.77,24.9
261.92,20.1
262.01,26.9
262.09,20.1
262.23,23.6
262.38,40.9
262.55,19.6
262.69,34.4
262.78,22.9
262.93,-5.2
263.07,1.1
263.18,0.4
263.29,1.1
263.38,1.9
263.52,13.9
263.64,21.1
263.76,11.6
263.92,13.1
264.01,9.1
264.13,0.1
264.29,4.6
264.43,3.6
264.58,9.4
264.8,21.1
264.96,46.1
265.06,24.1
265.25,51.6
265.36,9.1
265.46,5.4
265.58,0.1
265.66,22.9
265.84,35.9
265.98,27.4
266.07,25.4
266.19,28.6
266.31,22.4
266.42,-6.2
266.56,-3.5
266.67,3.1
266.83,1.6
266.95,-2.7
267.04,-0.5
267.19,0.0
267.32,3.1
267.47,26.4
267.66,8.9
267.84,8.4
267.95,10.9
268.08,12.1
268.2,21.6
268.34,20.1
268.46,23.9
268.59,23.4
268.68,15.1
268.86,12.4
268.99,16.4
269.1,21.1
269.21,33.6
269.31,36.9
269.45,32.6
269.55,31.1
269.67,44.6
269.81,48.9
269.91,63.9
270.03,71.9
270.21,70.1
270.37,76.9
270.48,85.6
270.58,87.4
270.69,90.6
270.83,95.4
270.97,108.4
271.07,128.1
271.17,134.1
271.32,122.6
271.44,110.1
271.55,125.9
271.68,128.1
271.82,60.1
271.92,-32.5
272.07,-5.0
272.18,-0.7
272.33,-3.0
272.43,-3.0
272.55,-3.0
272.65,-2.0
272.82,-4.0
272.93,-3.2
273.01,-2.7
273.14,-2.2
273.3,0.9
273.38,-1.5
273.51,-0.7
273.62,-0.5
273.8,-1.5
273.98,-0.2
274.12,0.4
274.27,2.9
274.37,8.9
274.59,44.6
274.69,35.4
274.81,26.6
274.95,31.4
275.04,43.6
275.21,46.4
275.33,52.4
275.42,55.6
275.58,59.6
275.67,67.4
275.94,66.9
276.09,67.9
276.25,72.1
276.35,19.6
276.5,1.6
276.65,14.6
276.79,27.9
276.86,13.6
276.99,10.6
277.11,-0.5
277.27,-4.7
277.36,-2.5
277.46,-0.2
277.6,-1.5
277.76,0.0
277.84,0.1
277.98,-2.2
278.09,0.6
278.24,-3.7
278.34,-4.0
278.42,-2.7
278.55,-2.5
278.65,-3.0
278.85,-2.5
278.98,-1.5
279.08,-0.2
279.24,6.9
279.37,6.6
279.53,21.9
279.68,13.1
279.87,10.1
280.01,-1.5
280.12,-1.5
280.25,0.4
280.35,-0.2
280.43,-0.5
280.58,0.4
280.69,-2.0
280.82,-1.0
280.92,0.1
281.08,-2.0
281.35,-1.5
281.46,-1.2
281.61,0.6
281.8,0.0
282.0,1.4
282.08,0.9
282.23,0.6
282.34,0.6
282.46,0.9
282.6,0.4
282.7,0.6
282.82,0.6
282.94,0.6
283.05,1.4
283.22,17.4
283.32,21.1
283.45,5.6
283.58,2.9
283.68,-2.5
283.82,0.9
283.93,1.9
284.05,0.0
284.18,10.4
284.3,4.4
284.41,21.6
284.54,13.9
284.67,9.9
284.9,14.4
284.99,27.6
285.16,22.6
285.27,27.9
285.36,27.6
285.53,40.4
285.63,45.1
285.73,47.9
285.86,57.1
286.12,74.9
286.22,102.1
286.35,102.1
286.51,113.6
286.62,110.9
286.78,116.4
286.89,125.4
287.03,131.1
287.14,136.1
287.25,137.1
287.41,140.4
287.52,154.4
287.63,164.4
287.77,156.6
287.85,159.1
288.0,148.9
288.14,108.6
288.27,65.6
288.37,39.9
288.51,38.9
288.67,11.4
288.92,12.4
289.05,-1.2
289.22,-2.5
289.31,-1.7
289.41,2.6
289.53,0.0
289.7,-1.5
289.84,-3.0
289.93,2.4
290.05,1.1
290.15,1.9
290.28,0.0
290.4,-1.5
290.65,1.4
290.76,1.9
290.86,-0.7
291.06,-0.2
291.2,0.0
291.26,-1.5
291.37,-0.5
291.55,15.4
291.66,21.9
291.8,28.6
291.9,28.9
292.06,39.9
292.18,18.1
292.29,21.1
292.39,18.4
292.53,15.6
292.71,21.9
292.8,38.4
292.91,45.9
293.02,45.1
293.15,59.4
293.27,55.1
293.37,60.4
293.48,29.6
293.57,14.1
293.7,43.9
293.85,39.1
294.0,58.4
294.1,73.9
294.2,80.9
294.35,81.4
294.47,104.1
294.59,135.4
294.71,159.9
294.82,167.4
295.0,200.6
295.1,144.6
295.25,105.9
295.36,89.6
295.55,85.9
295.65,70.9
295.74,71.1
295.84,62.1
295.98,63.9
296.12,39.1
296.26,36.6
296.36,35.9
296.6,42.1
296.74,44.6
296.83,45.1
296.94,40.6
297.08,43.6
297.19,17.1
297.3,12.6
297.42,7.4
297.54,3.1
297.65,-3.5
297.93,-2.5
298.05,-1.5
298.16,-2.7
298.28,-0.5
298.4,-3.5
298.53,-5.2
298.63,0.0
298.74,0.4
298.86,0.1
299.03,0.4
299.14,0.6
299.28,-0.5
299.37,0.0
299.56,0.6
299.69,1.6
299.74,-1.0
299.91,0.6
300.02,-0.2
300.15,0.6
300.25,0.9
300.36,0.6
300.47,-0.2
300.61,0.6
300.76,1.6
300.91,0.9
300.97,0.6
301.08,-0.2
301.2,0.6
301.3,1.6
301.48,8.1
301.58,5.6
301.7,9.9
301.98,19.9
302.09,8.9
302.22,5.6
302.31,3.4
302.46,-3.0
302.59,2.4
302.69,44.4
302.88,27.9
303.06,24.9
303.17,18.4
303.29,17.9
303.37,14.6
303.5,15.4
303.64,22.4
303.9,21.9
304.02,19.1
304.12,15.6
304.29,12.9
304.41,3.4
304.55,4.4
304.67,-1.0
304.79,0.0
304.92,0.6
305.04,-1.2
305.15,0.4
305.24,1.6
305.41,-0.7
305.52,-0.2
305.6,0.9
305.73,0.4
305.92,-0.2
306.03,1.4
306.1,-0.5
306.2,-0.2
306.29,0.4
306.52,10.6
306.62,22.4
306.71,20.9
306.86,4.4
307.0,7.6
307.12,12.9
307.21,15.9
307.34,16.1
307.44,18.9
307.55,18.1
307.68,15.6
307.84,16.1
307.97,12.9
308.09,18.1
308.22,18.4
308.36,23.4
308.48,20.6
308.59,28.4
308.71,31.1
308.85,25.9
308.96,26.1
309.07,28.4
309.16,31.6
309.34,53.4
309.47,55.9
309.56,71.9
309.73,71.4
309.88,85.6
310.02,84.4
310.1,97.4
310.19,91.9
310.32,95.9
310.5,108.4
310.62,107.4
310.75,109.9
310.89,110.1
310.97,112.6
311.12,129.9
311.22,123.6
311.36,26.9
311.5,-34.7
311.6,4.9
311.72,15.6
311.88,-1.0
312.01,3.1
312.14,-2.5
312.27,1.9
312.42,-0.2
312.5,-1.2
312.6,-1.2
312.71,0.4
312.87,-0.5
313.05,1.4
313.12,-0.7
313.25,1.4
313.32,0.0
313.43,0.9
313.55,0.9
313.64,7.9
313.81,6.1
313.92,32.6
314.06,68.9
314.15,44.1
314.26,39.9
314.4,56.1
314.54,54.4
314.66,57.4
314.81,67.9
314.97,62.9
315.06,65.9
315.16,53.4
315.3,39.9
315.41,29.4
315.49,45.9
315.63,33.6
315.78,17.1
316.02,-6.7
316.15,-4.7
316.36,-2.0
316.48,2.6
316.66,4.6
316.78,5.4
316.91,-2.5
317.02,-1.5
317.14,0.4
317.26,-1.7
317.39,1.9
317.52,4.4
317.64,1.9
317.79,-2.5
317.92,-1.7
318.01,-1.7
318.12,3.9
318.26,16.1
318.35,12.6
318.52,11.4
318.63,-0.7
318.78,6.1
318.88,8.1
319.01,5.4
319.14,11.4
319.31,10.6
319.41,8.6
319.56,13.1
319.68,12.6
319.79,8.1
319.92,7.4
320.0,8.4
320.08,9.9
320.25,8.6
320.39,-4.0
321.47,-3.0
321.56,-0.2
321.72,0.4
321.86,-0.5
321.98,1.4
322.08,-0.2
322.19,1.4
322.33,1.1
322.46,0.9
322.58,0.6
322.7,0.4
322.85,0.9
322.92,0.9
323.04,13.1
323.19,23.4
323.31,13.6
323.43,13.9
323.53,14.1
323.68,21.4
323.93,25.4
324.01,25.1
324.17,26.4
324.29,15.4
324.44,-5.7
324.54,1.6
324.79,18.9
324.89,37.9
325.02,45.1
325.18,39.9
325.34,47.4
325.4,59.6
325.5,63.9
325.61,92.9
325.72,96.9
325.85,103.1
326.0,109.4
326.24,105.6
326.34,108.4
326.48,134.4
326.64,133.9
326.75,133.6
326.87,139.4
327.0,142.9
327.11,148.4
327.28,162.1
327.37,160.1
327.51,152.9
327.65,87.6
327.75,45.4
327.9,37.9
328.06,7.1
328.17,10.9
328.32,12.6
328.44,1.6
328.56,-2.7
328.65,-6.0
328.79,2.6
328.87,6.1
329.01,1.4
329.14,1.6
329.26,0.6
329.4,0.0
329.55,-1.2
329.63,0.1
329.78,-0.2
329.88,1.9
330.02,0.1
330.14,-1.0
330.25,-2.5
330.34,-1.5
330.48,1.6
330.59,-2.0
330.74,-1.0
330.86,0.0
331.03,5.1
331.26,37.6
331.34,31.6
331.45,32.6
331.64,44.6
331.75,43.1
331.87,42.1
331.96,42.4
332.12,46.4
332.28,41.9
332.41,40.1
332.62,37.9
332.74,44.6
332.9,53.4
333.07,36.9
333.2,48.1
333.28,45.9
333.42,45.9
333.55,52.1
333.7,51.9
333.82,56.6
333.94,58.6
334.04,85.1
334.16,74.4
334.29,129.1
334.39,151.6
334.55,115.6
334.66,120.6
334.8,133.4
334.96,152.4
335.09,144.6
335.23,173.4
335.32,118.9
335.46,88.1
335.58,54.9
335.71,25.1
335.81,23.9
335.9,26.4
336.06,16.1
336.23,21.4
336.33,15.1
336.4,12.9
336.55,1.4
336.68,9.9
336.78,10.6
336.9,-1.5
337.02,1.6
337.13,3.1
337.28,-2.2
337.38,-2.5
337.54,-1.5
337.64,2.1
337.77,1.4
337.87,3.9
338.03,-2.7
338.15,0.6
338.24,0.0
338.38,-1.7
338.49,0.6
338.65,1.6
338.77,0.6
338.91,-1.5
339.05,-2.0
339.27,-0.7
339.39,-1.2
339.56,0.6
339.66,0.4
339.73,1.6
339.86,-0.2
339.98,0.0
340.17,0.4
340.25,-0.2
340.36,2.6
340.59,1.1
340.75,0.1
341.08,26.1
341.17,24.9
341.34,19.1
341.49,18.4
341.62,13.6
341.7,18.9
341.86,17.9
342.03,17.6
342.14,-5.5
342.21,-1.5
342.3,3.4
342.45,32.4
342.56,30.9
342.73,24.4
342.85,25.6
342.99,19.6
343.11,16.1
343.25,-4.0
343.39,-0.2
343.47,3.4
343.58,22.4
343.66,29.9
343.8,4.6
343.91,-0.2
344.06,2.6
344.23,1.6
344.33,2.4
344.45,22.9
344.56,25.1
344.71,19.6
344.88,15.4
344.98,0.6
345.08,2.9
345.21,3.6
345.37,1.9
345.47,1.6
345.6,0.6
345.72,15.1
345.85,18.1
345.99,19.1
346.11,9.9
346.26,8.4
346.41,9.9
346.51,8.1
346.63,19.1
346.75,16.6
346.92,17.4
347.03,11.9
347.19,14.6
347.28,10.9
347.42,12.4
347.53,11.1
347.67,6.9
347.86,8.1
347.96,20.4
348.05,20.1
348.15,14.1
348.23,33.1
348.4,34.6
348.55,27.4
348.64,31.6
348.77,27.6
348.91,37.1
348.98,33.9
349.16,35.1
349.28,34.1
349.38,45.1
349.46,40.9
349.58,48.6
349.68,47.1
349.88,65.9
349.98,62.9
350.1,63.9
350.18,78.9
350.3,71.1
350.48,67.9
350.65,74.9
350.77,7.9
350.96,3.9
351.12,0.6
351.23,1.4
351.37,-1.5
351.47,-2.5
351.62,1.4
351.74,-0.5
351.84,-1.7
351.99,-0.2
352.08,-1.5
352.22,0.1
352.48,-0.2
352.57,-0.2
352.73,-1.0
352.84,0.6
352.93,0.4
353.08,1.1
353.18,8.6
353.29,25.1
353.43,9.6
353.55,20.6
353.68,12.6
353.81,38.4
353.9,35.6
354.04,40.4
354.15,57.6
354.28,50.1
354.41,49.6
354.53,53.4
354.61,52.4
354.77,53.4
354.9,59.9
355.05,69.1
355.21,73.1
355.29,76.1
355.42,83.6
355.56,81.4
355.71,84.6
355.79,-19.0
355.89,-14.2
356.03,6.4
356.17,-3.2
356.35,-2.7
356.44,-3.5
356.5,-1.0
356.62,2.1
356.75,-3.5
356.93,-2.2
357.02,2.6
357.35,-3.0
357.5,-1.2
357.63,3.4
357.74,3.6
357.88,15.9
358.01,7.9
358.11,5.9
358.27,15.1
358.42,19.4
358.53,10.9
358.65,20.1
358.93,8.6
359.02,13.4
359.18,18.1
359.27,18.6
359.35,26.6
359.54,7.9
359.67,-10.7
359.76,0.6
359.95,2.6
360.15,-2.0
360.25,-1.2
360.34,0.6
360.44,-1.2
360.55,-1.0
360.66,-0.2
360.84,-2.0
360.94,-1.0
361.07,-0.7
361.2,-1.5
361.35,1.9
361.46,-0.2
361.58,0.9
361.69,0.4
361.84,0.6
361.97,1.1
362.14,0.9
362.23,0.9
362.37,0.1
362.47,6.9
362.66,8.9
362.77,11.6
362.86,16.1
362.98,8.1
363.1,2.6
363.2,7.1
363.34,16.1
363.46,27.4
363.57,32.4
363.7,26.9
363.8,4.6
363.9,-3.7
364.1,8.9
364.2,24.1
364.29,26.9
364.38,20.6
364.48,20.4
364.64,22.9
364.8,24.4
364.91,27.1
365.04,63.9
365.14,66.9
365.25,83.6
365.36,89.9
365.5,83.4
365.6,85.4
365.7,90.6
365.85,96.6
366.02,107.4
366.12,113.6
366.24,140.4
366.35,126.1
366.49,124.9
366.63,139.1
366.72,145.1
366.85,144.1
367.02,158.1
367.14,166.6
367.28,163.9
367.38,125.4
367.52,87.9
367.65,58.4
367.78,26.9
367.87,7.1
368.01,7.9
368.18,-9.5
368.27,-1.2
368.39,-0.2
368.47,1.6
368.6,-4.5
368.72,-1.7
368.83,-3.5
368.94,2.9
369.1,-3.2
369.26,2.1
369.36,-2.2
369.57,1.9
369.66,-1.2
369.8,2.6
369.93,-1.2
370.08,-2.2
370.17,0.4
370.3,-1.2
370.43,-1.0
370.59,-0.5
370.71,-2.0
370.94,4.6
371.05,18.6
371.24,20.4
371.34,24.1
371.54,23.1
371.68,30.6
371.8,15.4
371.97,19.6
372.09,20.4
372.18,36.9
372.31,37.4
372.43,31.6
372.56,28.9
372.69,24.1
372.8,29.6
372.9,21.6
373.02,29.1
373.17,44.1
373.27,39.9
373.38,49.6
373.52,45.4
373.62,41.1
373.79,43.1
373.91,65.1
374.06,99.9
374.16,87.4
374.29,93.6
374.49,119.6
374.58,122.1
374.66,143.6
374.81,139.9
374.93,153.9
375.11,163.4
375.21,168.9
375.31,154.1
375.42,81.1
375.6,66.1
375.82,50.9
375.94,24.6
376.08,34.9
376.18,34.6
376.28,40.1
376.44,39.9
376.56,29.6
376.76,44.1
376.87,16.6
377.03,8.4
377.15,3.4
377.35,-3.2
377.5,-1.2
377.65,8.9
377.8,1.9
377.91,-5.0
378.13,2.6
378.27,-2.5
378.44,-3.2
378.53,2.1
378.61,-3.0
378.69,-1.5
378.81,0.1
378.98,0.0
379.09,0.0
379.29,-0.5
379.39,-0.2
379.54,0.6
379.7,1.1
379.83,0.6
379.94,1.6
380.05,1.6
380.15,0.6
380.27,1.4
380.43,0.6
380.56,0.6
380.7,-0.7
380.77,1.4
381.04,1.6
381.13,36.4
381.26,21.4
381.38,8.1
381.54,15.1
381.63,10.4
381.79,13.1
381.94,5.1
382.14,13.9
382.31,21.6
382.44,20.9
382.52,18.1
382.66,13.6
382.79,17.6
382.96,18.9
383.06,21.6
383.16,18.1
383.26,14.9
383.41,8.4
383.57,-3.2
383.66,2.4
383.76,39.6
383.88,32.1
384.04,2.9
384.16,0.1
384.29,4.6
384.4,1.1
384.55,2.1
384.66,1.9
384.75,3.4
384.94,0.9
385.03,7.6
385.08,16.6
385.22,16.9
385.35,14.1
385.52,10.6
385.62,10.4
385.75,8.9
385.9,10.4
386.14,-1.5
386.26,-0.5
386.51,-0.2
386.6,3.1
386.73,12.1
386.86,24.6
387.06,10.4
387.12,8.1
387.22,8.9
387.35,5.9
387.5,8.9
387.61,23.4
387.71,27.6
387.83,22.1
387.91,19.6
388.05,14.1
388.2,14.9
388.34,18.1
388.5,26.4
388.6,41.1
388.72,62.4
388.84,77.4
388.99,91.9
389.08,92.9
389.19,104.4
389.34,107.9
389.44,112.6
389.58,119.9
389.71,120.9
389.86,127.4
390.01,138.6
390.13,145.6
390.26,140.4
390.39,157.6
390.48,160.9
390.62,24.9
390.78,-27.7
390.9,7.4
391.11,-0.2
391.22,2.1
391.41,-3.0
391.5,2.9
391.62,-0.2
391.72,0.4
391.89,0.0
392.06,2.1
392.17,-1.2
392.3,0.0
392.42,-0.7
392.51,-0.2
392.65,1.1
392.79,1.6
392.99,15.1
393.09,-5.2
393.26,0.6
393.4,-0.2
393.53,12.9
393.61,81.1
393.78,70.6
393.96,17.1
394.06,80.4
394.16,12.4
394.29,21.1
394.41,54.4
394.49,5.1
394.62,16.6
394.78,50.6
394.87,39.9
394.98,37.6
395.09,37.6
395.26,41.4
395.37,38.6
395.45,34.4
395.56,10.9
395.72,-12.7
395.83,-5.0
395.98,1.6
396.14,-0.2
396.29,0.9
396.4,3.9
396.47,4.9
396.61,17.1
396.75,13.4
396.87,16.4
397.01,16.9
397.15,5.1
397.29,-5.5
397.43,-2.5
397.49,0.6
397.59,-3.0
397.73,-3.0
397.84,37.6
397.98,45.9
398.07,7.4
398.21,19.1
398.38,14.1
398.49,19.1
398.63,32.6
398.87,27.6
398.98,8.9
399.13,4.4
399.27,-3.0
399.4,0.1
399.51,-1.5
399.6,-1.5
399.76,-2.2
399.96,1.1
400.12,1.4
400.24,-0.5
400.39,0.4
400.51,0.6
400.69,0.1
400.81,1.1
400.9,0.1
401.01,1.4
401.19,1.4
401.31,0.6
401.53,0.6
401.69,0.4
401.82,0.6
401.95,1.6
402.17,1.6
402.26,1.6
402.43,5.4
402.52,8.1
402.68,26.4
402.78,20.1
403.03,9.4
403.19,5.9
403.28,-1.2
403.41,26.9
403.54,16.1
403.67,17.1
403.81,17.4
403.91,31.9
404.0,37.9
404.14,40.1
404.28,39.9
404.38,49.6
404.47,57.4
404.57,58.4
404.72,57.6
404.86,61.6
404.99,59.6
405.15,59.1
405.26,72.1
405.4,89.6
405.51,87.4
405.69,84.4
405.78,96.6
405.93,107.9
406.02,108.4
406.15,94.1
406.28,101.4
406.44,94.4
406.52,101.9
406.68,102.9
406.77,9.4
407.13,3.9
407.25,1.6
407.41,-3.5
407.5,-4.7
407.69,-4.0
407.81,-3.7
408.01,-0.2
408.15,-1.5
408.31,-1.5
408.43,-3.2
408.51,-0.2
408.67,1.6
408.77,0.9
409.06,1.1
409.31,-1.5
409.43,1.1
409.55,-2.5
409.68,-1.5
409.81,-1.5
409.91,0.4
410.06,-1.0
410.17,-0.5
410.32,24.1
410.41,0.9
410.57,20.9
410.69,15.4
410.85,14.1
410.95,20.4
411.05,15.1
411.14,28.9
411.23,28.6
411.36,32.4
411.46,30.6
411.58,32.1
411.69,31.9
411.77,23.1
412.03,32.4
412.15,33.9
412.3,33.6
412.38,35.6
412.52,35.9
412.66,35.1
412.8,33.6
412.93,32.6
413.04,33.9
413.16,34.4
413.27,37.1
413.44,47.9
413.6,72.1
413.73,71.4
413.83,66.6
414.0,78.9
414.11,78.4
414.25,124.9
414.34,139.4
414.53,142.6
414.63,162.4
414.86,155.6
415.02,115.6
415.14,73.1
415.24,67.9
415.38,28.4
415.51,-0.7
415.67,17.1
415.76,5.4
415.87,0.6
416.01,2.6
416.17,-4.5
416.3,-3.5
416.38,-1.7
416.5,-1.7
416.63,-7.5
416.8,-4.2
416.89,6.4
417.15,0.1
417.3,-4.7
417.44,-2.5
417.58,-2.7
417.7,-2.2
417.8,-3.7
417.94,-3.5
418.1,-1.5
418.3,-4.0
418.36,-0.5
418.53,1.4
418.66,1.6
418.73,-0.7
418.86,0.4
418.98,-1.2
419.13,-1.5
419.25,0.1
419.37,2.1
419.48,-1.0
419.59,-1.5
419.72,1.6
419.87,-1.2
420.03,-0.5
420.25,0.6
420.51,0.0
420.67,-0.2
420.78,0.6
420.93,8.9
421.03,3.6
421.16,13.6
421.29,11.4
421.42,10.9
421.55,14.4
421.75,15.4
421.84,5.9
422.05,10.9
422.13,14.1
422.24,18.1
422.32,17.4
422.5,16.9
422.62,6.4
422.76,8.6
422.85,14.1
422.99,14.4
423.1,8.1
423.24,10.9
423.37,4.1
423.52,15.4
423.62,11.6
423.72,19.1
423.83,0.0
424.02,1.1
424.14,13.6
424.23,19.4
424.37,26.1
424.47,30.6
424.63,27.4
424.79,28.6
424.94,28.6
425.06,27.6
425.24,5.4
425.38,-7.0
425.51,3.1
425.64,1.4
425.71,-1.5
425.89,-0.7
426.03,-0.5
426.21,1.1
426.36,0.1
426.48,1.1
426.59,5.1
426.68,7.9
426.81,27.6
426.97,19.4
427.1,15.9
427.19,16.1
427.3,15.1
427.39,15.4
427.52,15.6
427.62,19.9
427.75,20.9
427.9,25.1
428.0,37.9
428.09,42.6
428.27,42.9
428.42,43.9
428.48,41.4
428.63,45.4
428.71,43.9
428.87,43.4
429.01,47.9
429.14,52.4
429.28,60.1
429.41,52.1
429.54,50.4
429.62,58.6
429.73,61.6
429.9,51.6
430.03,54.6
430.12,52.4
430.23,50.4
430.38,53.4
430.53,53.9
430.65,6.4
430.75,-10.2
430.86,-2.5
431.02,-1.5
431.17,-2.5
431.3,-1.5
431.47,-1.2
431.58,1.1
431.68,-1.7
431.83,0.6
431.93,-0.7
432.07,-0.5
432.16,-0.2
432.35,-0.5
432.47,0.1
432.56,-1.5
432.71,-0.2
432.83,2.6
432.98,11.1
433.06,12.1
433.17,18.4
433.32,17.9
433.44,21.9
433.53,20.4
433.68,24.4
433.82,31.9
433.98,34.6
434.07,39.9
434.19,45.6
434.34,45.1
434.44,51.4
434.55,55.1
434.67,54.4
434.81,63.9
435.04,53.6
435.16,70.9
435.3,67.1
435.39,68.4
435.53,29.1
435.65,32.6
435.8,60.6
435.93,55.4
436.01,26.4
436.11,13.1
436.25,10.1
436.42,0.9
436.51,5.9
436.61,5.4
436.75,1.9
436.89,-0.2
437.07,-2.7
437.14,0.6
437.3,-0.5
437.42,-4.5
437.51,-4.5
437.64,0.6
437.81,2.1
437.92,3.9
438.14,17.6
438.26,18.1
438.35,14.6
438.48,23.1
438.61,30.6
438.75,29.4
438.86,29.6
438.98,24.1
439.12,1.9
439.28,-7.2
439.37,0.0
439.5,-1.7
439.61,-4.2
439.77,-1.7
440.04,-0.7
440.16,-2.0
440.27,0.6
440.42,-0.7
440.52,0.0
440.66,-0.5
440.78,-1.0
441.06,-1.0
441.27,1.9
441.37,-0.2
441.53,-0.7
441.64,0.6
441.77,0.9
441.87,1.4
442.02,0.9
442.16,0.4
443.25,2.1
443.32,12.6
443.38,15.1
443.46,13.9
443.59,9.9
443.73,13.6
443.84,21.6
443.97,17.9
444.12,15.1
444.2,11.4
444.33,11.1
444.47,10.9
444.56,10.6
444.68,11.4
444.79,22.4
444.92,27.6
445.12,30.6
445.24,28.6
445.46,35.1
445.6,42.1
445.69,69.9
445.86,82.4
445.97,84.9
446.21,95.4
446.37,99.6
446.48,105.1
446.64,114.6
446.76,108.4
446.92,117.9
447.07,126.6
447.15,129.9
447.28,135.4
447.37,142.1
447.5,139.6
447.64,154.4
447.78,151.4
447.87,109.4
447.98,-31.5
448.12,-21.0
448.24,10.4
448.4,0.1
448.51,-0.2
448.66,0.6
448.81,-0.5
448.92,0.0
449.07,1.4
449.19,-2.0
449.29,1.1
449.41,0.4
449.53,1.1
449.7,1.1
449.82,0.4
449.96,0.6
450.06,1.4
450.15,0.6
450.29,0.9
450.44,0.6
450.57,0.6
450.67,0.6
450.77,0.1
450.86,-0.2
450.96,-1.5
451.11,11.9
451.22,14.1
451.34,13.1
451.44,9.6
451.57,10.6
451.71,14.1
451.8,22.1
451.95,16.4
452.1,18.1
452.22,20.9
452.33,18.6
452.45,18.6
452.57,21.6
452.73,19.1
452.84,33.4
453.01,33.1
453.11,35.9
453.21,33.4
453.38,30.4
453.46,31.4
453.63,27.9
453.73,37.6
453.85,46.1
454.04,48.1
454.13,62.9
454.26,56.6
454.36,62.4
454.5,69.1
454.65,66.6
454.76,61.6
454.89,71.4
455.01,65.9
455.13,73.9
455.26,72.1
455.35,72.9
455.46,73.1
455.63,74.4
455.71,84.4
455.85,91.9
455.99,85.9
456.09,99.6
456.24,90.6
456.38,100.1
456.48,114.6
456.64,119.9
456.73,110.6
456.9,121.9
457.02,113.6
457.12,113.6
457.24,119.1
457.37,94.9
457.5,107.6
457.64,54.9
457.73,26.4
457.89,13.4
458.02,1.1
458.11,10.1
458.25,3.4
458.38,5.4
458.54,-0.5
458.63,5.9
458.73,-6.0
458.85,-5.7
459.03,2.9
459.17,-4.0
459.25,-5.0
459.35,-3.7
459.48,-3.0
459.62,-1.2
459.78,-4.5
459.88,0.0
460.04,-3.0
460.14,-2.0
460.24,3.6
460.32,0.6
460.48,0.6
460.6,-0.7
460.71,-0.5
460.96,0.6
461.09,0.6
461.25,1.6
461.37,-1.5
461.49,-1.0
461.6,1.1
461.74,2.1
461.87,-1.2
462.01,0.9
462.1,2.6
462.21,0.0
462.32,0.4
462.44,0.6
462.6,0.9
462.68,-0.5
462.8,-0.5
462.93,3.1
463.08,12.9
463.2,20.4
463.35,10.1
463.45,6.9
463.58,9.6
463.69,9.9
463.81,8.6
463.96,9.9
464.11,13.1
464.24,15.1
464.38,11.9
464.51,19.4
464.65,20.6
464.75,8.1
464.89,5.1
464.99,13.1
465.09,9.9
465.19,18.9
465.34,20.4
465.45,18.1
465.56,21.9
465.68,22.6
465.8,25.9
465.97,22.9
466.22,22.4
466.45,-5.2
466.56,2.4
466.64,0.6
466.75,-0.7
466.93,1.6
467.06,-1.5
467.14,-0.2
467.26,2.6
467.37,0.6
467.55,0.6
467.63,0.6
467.78,15.4
467.94,40.1
468.04,24.1
468.11,21.4
468.28,13.1
468.39,14.6
468.54,16.6
468.65,16.9
468.81,21.4
468.94,18.9
469.04,23.6
469.18,29.1
469.28,29.9
469.42,34.9
469.56,33.4
469.67,43.9
469.86,48.1
470.0,54.4
470.06,62.9
470.21,61.9
470.35,66.6
470.49,70.1
470.62,70.1
470.72,75.6
470.88,73.1
470.98,77.9
471.1,53.1
471.23,31.6
471.34,-28.2
471.49,-1.7
471.59,0.0
471.7,-4.5
471.82,-1.5
471.96,1.1
472.07,-2.5
472.24,-2.5
472.34,0.6
472.49,-2.2
472.6,0.6
472.77,-1.0
472.88,-1.2
472.99,0.1
473.08,-1.0
473.23,0.4
473.38,-0.5
473.46,0.6
473.58,2.6
473.69,9.9
473.82,7.4
473.97,11.4
474.13,22.4
474.25,12.4
474.38,19.1
474.47,30.4
474.57,35.4
474.71,34.9
474.81,37.9
474.95,35.9
475.07,36.9
475.19,36.9
475.33,39.4
475.42,48.1
475.53,51.4
475.68,46.4
475.78,53.4
475.92,55.6
476.05,54.9
476.16,57.9
476.33,58.1
476.42,58.6
476.54,64.4
476.74,69.4
476.85,64.4
476.94,51.6
477.06,23.6
477.21,-18.0
477.35,0.6
477.63,-1.5
477.8,-1.2
477.9,-2.5
478.0,-3.5
478.11,-2.7
478.25,1.6
478.37,-1.5
478.49,-2.0
478.63,0.9
478.72,12.1
478.82,11.9
479.0,4.6
479.1,2.1
479.21,6.4
479.33,4.1
479.47,5.9
479.61,6.9
479.71,8.4
479.86,8.9
479.94,5.9
480.11,12.4
480.29,12.6
480.39,13.6
480.49,16.1
480.63,-2.5
480.74,-2.7
480.88,1.4
480.98,-3.5
481.18,-2.2
481.32,-2.0
481.42,1.4
481.52,-0.2
481.67,-0.5
481.8,-0.2
482.16,0.1
482.26,0.4
482.37,0.0
482.52,0.0
482.63,-0.2
482.77,0.1
482.89,0.6
482.99,-0.2
483.16,0.0
483.26,0.1
483.37,17.1
483.53,8.9
483.64,3.6
483.76,5.1
483.87,4.6
483.97,4.1
484.13,5.9
484.24,6.6
484.34,6.1
484.45,9.9
484.58,10.4
484.74,14.1
484.87,14.1
485.0,22.4
485.14,19.6
485.3,20.6
485.41,10.9
485.54,-3.5
485.67,11.9
485.79,29.6
485.91,29.6
486.0,28.1
486.16,32.6
486.29,40.9
486.39,42.1
486.48,56.6
486.59,52.9
486.7,68.6
486.85,64.6
486.96,70.1
487.11,70.1
487.22,79.9
487.35,80.6
487.46,86.4
487.63,102.1
487.71,95.1
487.81,98.9
487.96,106.1
488.11,105.9
488.26,100.1
488.36,104.4
488.44,115.6
488.6,125.1
488.71,119.6
488.8,127.4
488.94,109.1
489.12,-33.5
489.34,4.6
489.41,-3.0
489.6,-1.5
489.75,-2.0
489.83,1.4
489.89,-1.5
490.09,-5.0
490.34,-3.2
490.44,-2.2
490.58,1.4
490.68,1.6
490.83,-2.5
490.97,-1.7
491.11,1.6
491.25,-0.2
491.33,4.6
491.48,2.6
491.61,-1.7
491.71,-0.2
491.81,2.6
491.95,2.4
492.11,4.6
492.24,5.6
492.32,3.6
492.45,3.6
492.61,2.9
492.73,5.9
492.83,28.6
492.92,22.6
493.05,21.1
493.21,22.1
493.31,19.6
493.44,20.4
493.56,31.6
493.65,35.1
493.75,34.9
493.89,30.6
494.01,33.4
494.19,24.4
494.31,34.6
494.38,34.1
494.55,37.9
494.66,42.1
494.81,40.9
494.91,39.9
495.07,39.1
495.18,50.4
495.28,56.4
495.43,61.6
495.54,46.4
495.64,47.1
495.78,56.9
495.87,42.9
496.07,47.9
496.19,47.1
496.37,77.4
496.5,102.1
496.64,115.4
496.77,163.6
496.9,143.9
497.01,165.9
497.18,154.4
497.27,159.9
497.41,128.4
497.54,83.4
497.66,51.4
497.78,46.1
497.9,35.1
498.03,16.9
498.19,11.9
498.3,2.4
498.47,-2.7
498.55,-1.2
498.65,-3.2
498.76,-4.2
498.89,-3.0
499.06,0.4
499.17,-3.2
499.37,-3.5
499.51,-1.5
499.68,4.1
499.77,-1.5
499.93,-3.5
500.05,-2.2
500.18,-1.5
500.29,-0.7
500.43,-2.7
500.56,-1.2
500.79,-1.2
500.92,1.6
501.05,-1.2
501.18,-1.2
501.29,-1.5
501.53,-1.2
501.67,-0.2
501.8,0.0
501.92,0.1
502.05,0.0
502.14,1.1
502.26,1.4
502.44,1.6
502.57,7.9
502.65,9.6
502.73,8.9
502.84,13.4
502.96,11.9
503.13,10.4
503.25,16.6
503.37,25.9
503.5,29.6
503.63,26.4
503.72,24.1
503.87,9.4
504.03,-3.0
504.25,2.4
504.36,22.1
504.53,8.9
504.76,11.1
504.84,14.1
505.02,15.4
505.26,13.9
505.43,15.6
505.52,23.1
505.65,24.6
505.76,16.6
505.92,12.4
506.03,12.9
506.17,11.4
506.34,12.4
506.46,10.6
506.56,9.9
506.78,15.6
506.95,21.6
507.06,19.6
507.15,39.1
507.27,43.6
507.4,43.1
507.58,35.1
507.7,-12.2
507.93,2.4
508.21,-0.2
508.3,-1.0
508.46,0.9
508.55,1.4
508.68,-0.7
508.84,0.4
508.97,1.6
509.07,8.4
509.2,16.6
509.33,20.6
509.44,14.1
509.54,4.6
509.7,14.6
509.86,11.4
509.96,13.1
510.1,13.1
510.22,14.1
510.36,14.9
510.46,23.4
510.57,23.9
510.65,22.9
510.8,19.4
510.96,24.4
511.08,27.6
511.18,34.9
511.33,33.4
511.49,38.9
511.6,47.4
511.75,59.6
511.87,62.6
511.96,73.1
512.09,79.9
512.2,80.4
512.38,81.1
512.53,83.6
512.62,85.1
512.79,90.4
512.91,103.1
513.03,100.9
513.28,100.6
513.38,41.4
513.63,0.1
513.78,2.6
513.88,-2.2
514.02,-3.0
514.17,1.1
514.28,0.9
514.41,0.1
514.51,-2.0
514.63,-0.7
514.76,-0.7
514.92,-1.5
515.01,-0.2
515.11,0.9
515.25,-1.5
515.4,-1.0
515.56,-0.2
515.64,1.1
515.77,2.4
515.89,1.4
516.06,40.9
516.16,42.1
516.27,36.9
516.36,39.9
516.46,34.6
516.57,40.9
516.69,44.1
516.84,44.1
516.97,53.4
517.04,54.9
517.13,61.9
517.24,68.9
517.38,66.6
517.51,75.1
517.64,78.4
517.76,77.9
517.92,70.1
518.03,75.9
518.16,15.1
518.28,-19.5
518.43,2.6
518.51,2.4
518.62,1.1
518.77,2.6
518.9,-3.5
519.0,1.6
519.11,-3.0
519.2,0.0
519.35,-0.2
519.48,2.4
519.62,2.9
519.72,2.6
519.86,1.6
519.96,4.6
520.13,11.4
520.24,5.6
520.38,11.6
520.48,20.4
520.63,15.1
520.81,24.9
520.9,16.6
521.01,-3.0
521.13,-8.7
521.26,-2.5
521.38,-1.0
521.59,-2.5
521.71,-2.7
521.86,-2.5
522.02,-2.0
522.23,-2.5
522.35,-1.2
522.51,0.9
522.62,1.6
522.74,-1.5
522.82,-2.0
522.93,1.1
523.04,0.6
523.2,-0.2
523.32,-0.7
523.44,0.4
523.54,-0.2
523.67,-0.2
523.79,-0.5
523.96,0.6
524.06,1.4
524.18,0.6
524.3,-0.2
524.39,0.4
524.54,0.6
524.69,1.1
524.83,0.6
524.9,0.6
525.02,1.1
525.16,0.6
525.34,1.1
525.46,0.4
525.53,21.1
525.64,26.9
525.74,32.4
525.91,35.9
526.0,36.1
526.18,22.1
526.27,0.0
526.37,-1.2
526.52,18.1
526.64,21.9
526.8,25.9
526.94,42.9
527.04,10.9
527.21,21.1
527.32,27.9
527.44,35.1
527.57,37.6
527.68,40.6
527.82,50.4
527.92,58.4
528.01,82.1
528.17,93.9
528.29,97.6
528.42,88.4
528.53,98.1
528.66,104.4
528.79,117.4
528.87,108.4
529.04,118.4
529.25,126.9
529.32,125.9
529.39,139.4
529.51,137.9
529.67,142.1
529.81,140.6
529.9,134.1
530.02,144.6
530.14,131.9
530.27,116.1
530.41,13.1
530.57,1.4
530.66,3.4
530.77,4.1
530.9,-1.5
531.01,0.1
531.21,-3.0
531.31,1.1
531.42,0.1
531.53,-5.2
531.69,0.9
531.83,1.4
531.91,-1.5
532.03,0.4
532.16,-3.5
532.26,-2.7
532.42,-2.5
532.59,-0.7
532.7,-1.5
532.79,0.1
532.85,-2.5
532.94,-1.2
533.06,0.6
533.24,-2.7
533.34,-0.5
533.47,19.4
533.55,26.4
533.68,23.1
533.85,24.1
533.95,28.4
534.07,31.6
534.21,33.1
534.33,34.9
534.44,33.6
534.54,39.1
534.69,36.6
534.81,45.1
534.96,45.1
535.09,49.4
535.22,48.4
535.3,49.4
535.45,50.4
535.59,60.4
535.74,72.1
535.84,53.6
535.96,56.6
536.09,60.6
536.29,52.1
536.42,63.6
536.5,90.9
536.63,153.1
536.77,170.6
536.87,176.6
537.0,157.1
537.15,136.1
537.24,91.9
537.36,74.1
537.48,69.9
537.64,54.9
537.74,46.4
537.88,46.9
538.02,45.6
538.13,44.9
538.26,42.1
538.36,51.4
538.51,29.4
538.61,46.1
538.76,46.6
538.92,42.1
539.04,43.1
539.16,36.9
539.23,35.4
539.35,6.9
539.55,15.6
539.67,0.9
539.82,-3.2
539.89,-2.2
540.0,2.9
540.15,1.6
540.28,-0.5
540.37,2.6
540.48,-3.2
540.58,-1.5
540.7,-1.2
540.84,-1.5
540.98,1.9
541.21,3.1
541.32,0.9
541.48,-4.7
541.59,-0.5
541.83,0.1
541.96,-0.2
542.09,1.6
542.21,-0.5
542.31,0.0
542.45,0.6
542.56,0.0
542.81,-0.5
542.93,1.9
543.04,0.0
543.31,4.6
543.44,3.6
543.54,6.4
543.69,17.6
543.79,14.6
543.87,17.4
544.02,28.4
544.21,25.6
544.31,26.6
544.47,25.6
544.6,30.6
544.74,35.9
544.9,37.9
545.02,22.9
545.14,16.1
545.27,-1.7
545.43,4.6
545.52,6.4
545.64,3.4
545.74,0.4
545.88,2.9
545.98,3.4
546.14,16.9
546.26,38.1
546.39,34.1
546.52,-6.5
546.71,-6.5
546.83,2.4
546.96,7.9
547.05,15.1
547.19,10.9
547.27,19.1
547.42,15.4
547.57,16.4
547.68,16.4
547.8,17.9
547.9,9.9
547.99,10.9
548.13,10.4
548.26,9.1
548.42,7.9
548.5,3.4
548.63,0.1
548.78,-1.5
548.89,-0.7
549.03,0.0
549.17,0.4
549.26,5.9
549.45,15.6
549.67,17.9
549.79,15.1
549.95,11.9
550.13,12.4
550.23,14.1
550.33,22.9
550.47,31.9
550.64,37.6
550.75,34.9
550.88,49.4
550.95,48.1
551.11,45.9
551.23,45.4
551.36,45.9
551.49,29.6
551.57,11.1
551.73,23.6
552.02,63.9
552.24,66.9
552.34,73.9
552.44,75.1
552.6,77.9
552.69,60.6
552.82,69.9
552.9,75.1
553.04,80.1
553.18,81.4
553.38,-12.7
553.48,-11.2
553.64,1.9
553.79,1.1
553.93,-1.2
554.07,-0.7
554.16,-0.2
554.42,0.0
554.54,4.1
554.66,0.6
554.83,6.4
554.91,10.4
555.15,11.6
555.33,13.1
555.42,14.4
555.56,14.6
555.67,17.1
555.82,15.6
555.95,18.4
556.09,19.4
556.15,28.1
556.31,31.4
556.41,34.4
556.61,39.9
556.7,38.9
556.82,50.4
556.93,52.1
557.03,60.6
557.18,54.6
557.29,57.9
557.44,64.9
557.52,70.9
557.63,75.1
557.77,69.6
557.89,77.4
558.04,67.4
558.19,81.1
558.31,70.1
558.47,52.4
558.63,-21.7
558.81,-7.7
558.91,-2.5
559.04,-2.7
559.19,-1.0
559.5,-2.5
559.72,0.0
559.88,-4.0
559.97,0.1
560.06,-0.5
560.14,2.4
560.25,-2.5
560.36,1.9
560.48,0.1
560.6,24.4
560.71,11.6
560.85,10.9
560.94,12.4
561.05,8.6
561.23,18.6
561.33,6.4
561.44,14.4
561.55,1.4
561.72,-4.5
561.85,-2.5
561.99,-0.2
562.13,-2.7
562.25,-2.2
562.4,-1.7
562.56,-1.2
562.69,0.6
562.83,3.6
562.94,0.9
563.04,0.0
563.18,0.1
563.3,0.4
563.41,1.4
563.5,0.4
563.6,1.1
563.75,-0.2
563.89,0.1
563.98,0.0
565.21,0.9
565.31,0.9
565.44,13.4
565.53,15.6
565.63,17.9
565.77,10.9
565.86,13.6
566.0,7.1
566.13,6.1
566.23,13.4
566.33,9.9
566.43,18.9
566.59,16.9
566.72,15.1
566.81,20.6
566.94,11.6
567.09,11.6
567.24,16.1
567.4,22.6
567.5,24.6
567.66,31.6
567.8,35.9
567.91,61.1
568.07,84.6
568.19,85.1
568.3,86.1
568.43,91.4
568.54,113.4
568.73,117.1
568.85,117.6
569.04,124.6
569.18,132.6
569.29,134.9
569.43,141.6
569.54,151.1
569.64,155.1
569.76,160.1
569.88,163.6
570.04,148.4
570.21,98.6
570.3,58.9
570.37,28.4
570.5,-1.2
570.64,-0.7
570.8,9.4
570.9,-6.0
571.05,19.1
571.17,24.1
571.3,-8.0
571.39,2.1
571.52,0.6
571.67,0.1
571.8,-0.5
571.93,-1.5
572.05,0.9
572.21,-2.2
572.32,1.6
572.44,-0.2
572.58,-2.0
572.71,-1.0
572.8,0.0
572.93,-0.2
573.07,-2.5
573.16,1.1
573.28,-1.5
573.4,-1.2
573.51,1.1
573.65,10.4
573.75,18.1
573.89,19.4
574.01,24.1
574.12,24.6
574.33,35.1
574.49,40.4
574.63,36.1
574.76,40.9
574.85,35.6
574.99,21.6
575.15,14.6
575.27,-5.5
575.38,-1.7
575.47,8.4
575.59,31.9
575.71,29.4
575.88,25.4
576.04,27.6
576.11,26.1
576.24,30.4
576.35,32.1
576.55,33.4
576.64,33.1
576.85,41.1
576.94,63.6
577.07,98.9
577.21,139.4
577.32,131.1
577.48,141.4
577.56,156.6
577.67,146.1
577.82,155.1
577.92,163.4
578.06,156.6
578.19,147.4
578.26,103.1
578.43,25.4
578.56,2.1
578.72,-3.5
578.84,-0.2
578.94,-8.0
579.1,-0.2
579.19,0.0
579.28,-6.2
579.42,0.4
579.53,2.9
579.7,-3.7
579.83,-3.5
579.93,1.9
580.07,-6.0
580.43,0.4
580.56,0.6
580.67,-2.5
580.79,-2.5
580.9,-1.5
581.08,-3.2
581.18,-1.2
581.29,3.6
581.41,-6.5
581.56,-3.0
581.72,-0.2
581.82,-2.2
581.94,1.6
582.04,0.6
582.18,0.6
582.32,1.4
582.44,-0.7
582.54,-0.7
582.68,-1.5
582.78,-0.5
582.93,-0.7
583.1,0.9
583.18,-0.2
583.26,1.6
583.39,-0.2
583.5,1.4
583.64,0.0
583.78,0.0
583.89,0.9
583.99,2.6
584.1,-0.7
584.21,1.1
584.41,16.1
584.51,10.6
584.68,8.9
584.78,9.6
584.96,8.9
585.08,11.9
585.19,11.9
585.29,14.6
585.44,15.9
585.59,20.1
585.69,21.6
585.79,23.4
585.95,24.1
586.05,24.9
586.21,24.9
586.29,14.1
586.46,15.1
586.57,13.4
586.71,1.4
586.8,2.6
586.98,3.1
587.1,2.6
587.23,14.1
587.38,12.6
587.5,29.6
587.74,9.9
587.84,9.9
588.0,9.4
588.11,14.6
588.24,18.1
588.31,25.9
588.46,22.9
588.55,13.4
588.68,9.1
588.83,-4.5
588.93,-1.2
589.14,-0.7
589.24,0.1
589.45,13.1
589.55,14.4
589.73,15.1
589.82,11.9
590.03,6.4
590.13,5.9
590.26,10.9
590.41,15.6
590.52,16.4
590.65,20.6
590.83,17.4
590.96,15.4
591.05,9.4
591.14,7.9
591.25,7.4
591.43,6.6
591.54,3.6
591.66,2.6
591.76,7.4
591.91,30.1
592.08,36.1
592.19,33.6
592.46,37.9
592.58,38.4
592.66,44.1
592.83,48.6
592.94,61.6
593.06,75.4
593.15,73.1
593.26,68.4
593.43,72.9
593.53,82.1
593.68,79.9
593.77,78.4
593.93,47.4
594.04,-25.2
594.14,-4.5
594.32,1.4
594.51,-2.5
594.6,-0.2
594.83,0.4
594.93,0.6
595.09,-1.5
595.2,-1.0
595.36,-1.2
595.47,0.0
595.57,-2.0
595.68,-1.5
595.88,-1.2
595.99,0.4
596.08,0.0
596.2,-0.7
596.32,0.6
596.47,0.9
596.55,-0.5
596.72,-0.5
596.83,0.6
596.96,0.6
597.05,6.4
597.22,29.1
597.36,24.1
597.44,21.6
597.63,32.6
597.76,28.4
597.89,31.6
598.02,29.4
598.11,30.9
598.28,31.6
598.39,33.6
598.54,37.4
598.67,35.9
598.76,37.9
598.91,41.6
599.05,40.4
599.18,10.4
599.33,-9.0
599.42,-0.7
599.6,2.4
599.79,-2.0
599.89,1.1
600.03,1.1
600.12,3.6
600.29,11.4
600.4,21.1
600.53,17.9
600.64,5.1
600.79,11.9
600.88,14.6
601.0,16.6
601.13,13.6
601.26,15.1
601.4,16.1
601.5,18.4
601.64,18.9
601.76,16.9
601.86,13.1
601.99,12.6
602.11,10.9
602.28,16.1
602.39,-10.7
602.53,-2.7
602.64,0.9
602.79,1.9
602.95,0.4
603.06,1.1
603.2,4.1
603.34,5.1
603.45,1.9
603.55,0.9
603.72,3.6
603.84,2.6
603.93,8.6
604.03,7.4
604.12,9.6
604.33,8.6
604.43,9.9
604.54,11.9
604.75,8.1
604.85,7.1
605.0,-1.5
605.11,-2.7
605.24,0.1
605.37,-0.7
605.48,0.4
605.62,-0.2
605.77,0.9
605.89,-0.2
606.01,-1.0
606.12,0.1
606.3,-1.0
606.39,-0.7
606.52,-0.5
606.6,1.4
606.71,0.0
606.86,1.6
607.04,-0.2
607.12,0.4
607.25,1.6
607.33,0.0
607.46,1.6
607.56,0.0
607.73,0.9
607.83,0.1
607.95,5.6
608.02,3.4
608.14,4.6
608.32,1.6
608.4,4.1
608.49,13.1
608.64,10.6
608.77,12.4
608.88,8.6
608.99,5.4
609.16,4.6
609.3,6.6
609.41,6.9
609.53,8.9
609.66,10.1
609.79,13.1
609.93,10.1
610.06,15.4
610.23,17.1
610.34,25.4
610.57,23.1
610.71,24.4
610.85,25.9
610.95,30.9
611.03,35.6
611.19,32.6
611.34,32.6
611.41,30.9
611.55,36.1
611.68,37.4
611.81,37.4
611.92,28.9
612.04,31.6
612.24,29.6
612.35,34.1
612.52,25.4
612.7,24.9
612.82,22.4
612.93,15.1
613.04,9.9
613.15,13.4
613.33,23.4
613.46,25.1
613.6,23.6
613.7,23.4
613.82,24.1
613.97,24.1
614.09,24.9
614.22,26.4
614.43,23.4
614.56,12.6
614.67,17.4
614.84,16.4
614.94,12.6
615.04,13.1
615.19,-16.0
615.3,-3.2
615.39,-0.2
615.55,0.6
615.71,-1.2
615.8,-2.0
615.91,-0.2
616.04,-1.0
616.19,0.6
616.32,0.9
616.45,-1.2
616.64,0.4
616.73,-0.2
616.82,-0.2
616.9,-1.0
617.05,11.9
617.17,4.6
617.41,4.9
617.54,6.9
617.67,12.4
617.79,8.9
617.94,7.1
618.1,10.1
618.2,9.4
618.28,14.4
618.46,16.1
618.62,19.1
618.8,15.4
618.94,15.6
619.06,16.9
619.18,18.1
619.41,13.9
619.54,16.6
619.67,15.9
619.77,17.4
619.9,17.9
620.06,16.1
620.17,16.1
620.26,18.4
620.4,22.1
620.57,20.9
620.69,18.4
620.83,18.9
620.92,18.9
621.06,20.9
621.16,23.4
621.31,23.1
621.43,20.9
621.53,23.6
621.66,23.4
621.78,16.1
621.91,24.4
622.07,23.4
622.19,18.1
622.29,19.1
622.4,26.4
622.58,17.6
622.74,24.1
622.83,21.1
622.92,19.1
623.09,17.9
623.24,31.1
623.34,28.1
623.49,32.6
623.62,29.4
623.74,26.4
623.87,23.4
623.99,22.1
624.13,24.1
624.27,25.9
624.39,33.1
624.5,149.9
624.64,142.1
624.77,125.6
624.88,142.9
625.01,144.4
625.11,140.4
625.27,146.9
625.36,165.6
625.47,162.4
625.64,156.6
625.77,164.4
625.88,69.4
626.03,48.1
626.13,1.6
626.3,5.4
626.4,15.1
626.53,8.9
626.68,1.6
626.78,-1.7
626.88,-3.7
627.03,3.9
627.14,3.6
627.34,1.9
627.44,1.9
627.61,-3.5
627.74,-0.2
627.85,3.1
628.0,-0.5
628.13,1.9
628.24,-0.5
628.43,-0.2
628.52,0.1
628.74,0.4
628.86,0.0
628.98,0.9
629.11,1.6
629.19,0.6
629.34,1.6
629.5,2.6
629.63,2.6
629.76,2.6
629.9,1.1
630.04,0.6
630.15,1.4
630.22,0.9
630.38,0.1
630.52,2.6
630.65,0.6
630.78,1.6
630.88,1.6
631.05,0.9
631.15,1.6
631.4,1.6
631.5,4.6
631.64,21.4
631.74,12.6
631.88,13.6
631.99,15.9
632.1,24.9
632.24,18.9
632.37,15.1
632.49,21.6
632.58,5.4
632.75,9.6
632.88,13.4
632.99,22.1
633.1,22.6
633.2,26.9
633.38,28.1
633.53,24.6
633.65,29.6
633.91,-1.2
634.06,-2.0
634.17,3.4
634.33,2.6
634.45,6.9
634.58,6.4
634.7,3.6
634.82,6.1
634.98,12.4
635.09,23.4
635.17,7.6
635.27,5.9
635.4,9.1
635.55,7.9
635.67,5.6
635.77,7.9
636.01,5.4
636.11,7.4
636.24,9.6
636.34,15.4
636.48,18.9
636.58,30.6
636.7,30.1
636.87,30.4
636.95,27.4
637.1,31.4
637.19,28.6
637.33,30.6
637.47,36.1
637.58,32.6
637.66,39.4
637.84,54.4
637.97,66.1
638.05,76.1
638.15,94.4
638.3,91.4
638.38,106.4
638.54,105.4
638.64,119.6
638.73,114.6
638.9,107.4
639.02,92.4
639.14,80.6
639.27,10.1
639.36,-24.7
639.5,0.4
639.61,2.6
639.69,-0.5
639.85,-2.5
639.97,0.6
640.06,1.1
640.2,0.6
640.33,-0.2
640.48,-0.7
640.73,0.0
640.87,0.6
640.98,8.4
641.07,3.6
641.22,8.4
641.37,8.9
641.52,8.4
641.63,25.4
641.74,29.6
641.87,28.6
642.03,25.4
642.13,23.6
642.24,19.6
642.35,28.1
642.61,51.9
642.75,51.4
642.86,56.6
642.98,54.1
643.06,60.6
643.2,55.6
643.32,72.4
643.43,66.6
643.57,73.9
643.67,76.1
643.78,76.9
643.88,84.6
643.97,66.1
644.12,-9.7
644.28,-13.7
644.4,1.6
644.49,0.6
644.59,5.1
644.74,14.4
644.85,15.4
644.99,14.4
645.14,7.4
645.26,15.6
645.39,14.1
645.52,17.1
645.68,10.4
645.79,11.9
645.94,-3.2
646.06,3.6
646.15,-1.5
646.29,-3.5
646.41,1.1
646.53,-3.7
646.66,-3.5
646.75,0.4
646.84,17.9
647.0,7.9
647.11,10.6
647.21,8.9
647.31,13.6
647.43,1.4
647.52,-3.5
647.67,-0.2
647.83,-3.7
647.94,0.6
648.04,-0.7
648.18,0.4
648.3,-2.0
648.43,-0.7
648.52,-1.5
648.68,-1.5
648.79,-0.5
648.94,1.9
649.03,-0.7
649.16,0.4
649.32,1.4
649.41,0.1
649.54,1.6
649.65,0.4
649.77,-0.2
649.93,0.4
650.06,0.6
650.17,0.4
650.29,-0.2
650.41,0.4
650.58,0.6
650.7,0.4
650.81,1.6
650.92,8.9
651.05,7.1
651.16,10.9
651.29,12.9
651.43,-0.7
651.56,7.6
651.72,8.9
651.86,18.1
651.96,21.4
652.08,24.1
652.22,28.9
652.37,-0.2
652.42,26.1
652.58,35.6
652.7,30.4
652.86,25.6
652.97,29.1
653.13,28.6
653.26,52.9
653.39,65.4
653.53,79.9
653.65,81.4
653.78,86.1
653.94,105.6
654.03,105.4
654.17,102.9
654.31,116.4
654.42,122.9
654.56,127.6
654.67,139.4
654.8,141.6
654.94,155.1
655.04,155.1
655.2,159.9
655.35,141.9
655.43,159.1
655.56,97.4
655.67,74.1
655.78,29.4
655.88,-5.0
655.99,5.1
656.11,0.6
656.27,-0.5
656.43,-2.0
656.54,0.1
656.63,0.0
656.78,0.4
656.89,2.4
657.0,3.1
657.17,1.4
657.43,0.6
657.55,1.1
657.65,-1.0
657.78,2.1
657.89,3.6
658.03,0.6
658.13,1.1
658.36,1.1
658.48,0.4
658.66,1.6
658.79,1.4
658.86,17.4
658.99,4.6
659.13,9.9
659.22,32.6
659.35,27.4
659.46,22.6
659.58,29.6
659.73,27.6
659.87,28.9
660.01,25.6
660.13,30.4
660.25,30.4
660.4,29.6
660.55,31.6
660.67,35.1
660.78,37.1
661.03,37.9
661.13,26.4
661.27,27.1
661.39,29.6
661.51,39.1
661.64,49.4
661.73,37.1
661.87,42.4
662.01,40.9
662.19,41.9
662.34,55.9
662.43,68.1
662.56,64.9
662.66,87.4
662.74,90.1
662.85,80.9
663.0,88.6
663.1,99.1
663.25,127.4
663.37,140.4
663.52,136.4
663.62,143.9
663.75,149.9
663.87,142.4
663.97,101.4
664.09,89.9
664.22,32.9
664.37,24.6
664.49,23.4
664.63,32.6
664.73,12.1
664.89,23.4
665.02,21.9
665.17,32.9
665.42,30.1
665.6,27.9
665.72,17.9
665.95,19.9
666.05,-3.2
666.27,0.6
666.44,0.9
666.56,2.9
666.76,1.6
666.89,2.9
667.03,-0.5
667.16,2.6
667.29,-0.2
667.37,3.4
667.53,0.4
667.64,0.4
667.81,0.9
667.96,1.1
668.04,2.6
668.15,1.9
668.27,2.6
668.43,2.6
668.55,5.9
668.67,1.6
668.83,36.6
668.95,39.4
669.13,24.4
669.21,10.9
669.33,13.9
669.47,21.4
669.57,21.9
669.69,22.4
669.94,13.9
670.07,16.1
670.18,15.1
670.28,11.4
670.42,8.1
670.52,9.9
670.63,9.1
670.7,10.9
670.85,21.6
670.99,18.6
671.1,9.4
671.2,1.4
671.48,14.6
671.57,12.4
671.73,10.9
671.83,19.1
671.94,19.6
672.08,18.1
672.22,22.1
672.36,26.4
672.53,15.1
672.62,7.9
672.7,9.6
672.86,-1.2
672.98,4.4
673.08,12.6
673.2,24.9
673.29,23.1
673.44,23.1
673.59,18.6
673.68,21.9
673.93,10.9
674.02,3.9
674.17,-4.0
674.3,-1.0
674.43,2.4
674.53,5.9
674.62,-1.5
674.76,0.6
674.89,8.4
675.02,4.4
675.13,3.1
675.24,7.9
675.4,13.6
675.5,8.1
675.64,19.1
675.79,12.9
675.89,10.1
675.99,9.9
676.09,15.1
676.25,20.9
676.42,22.4
676.52,34.1
676.6,31.1
676.73,30.6
676.86,35.4
677.0,36.9
677.13,43.1
677.23,43.1
677.38,46.1
677.47,50.4
677.6,53.4
677.7,61.1
677.86,71.1
677.98,76.1
678.08,92.9
678.23,103.9
678.31,104.9
678.44,101.4
678.57,107.4
678.71,93.1
678.83,17.4
678.95,-19.7
679.05,-1.0
679.16,3.4
679.31,1.1
679.44,-0.5
679.61,0.1
679.77,1.1
679.88,-1.2
680.04,-1.2
680.19,1.6
680.32,0.6
680.46,2.1
680.55,2.4
680.71,1.6
680.86,-1.0
680.98,0.1
681.06,-0.2
681.15,38.4
681.31,30.4
681.47,19.1
681.59,12.9
681.71,20.6
681.84,25.1
681.98,35.1
682.19,47.4
682.31,50.4
682.48,53.4
682.61,52.1
682.72,51.6
682.89,58.9
682.99,67.4
683.13,110.6
683.28,92.9
683.4,72.9
683.49,85.6
683.64,77.1
683.76,79.6
683.86,93.9
683.99,-27.0
684.09,-4.7
684.23,8.9
684.4,2.4
684.5,16.6
684.62,5.9
684.75,8.4
684.9,20.9
684.99,18.1
685.09,11.9
685.3,3.6
685.43,0.0
685.61,-4.7
685.74,-1.2
685.87,2.4
685.97,-2.2
687.03,-3.0
687.14,9.1
687.25,8.9
687.4,15.1
687.48,15.1
687.66,15.6
687.77,-5.7
687.85,-3.5
687.98,1.9
688.09,2.4
688.26,1.1
688.47,1.6
688.62,-1.7
688.75,0.1
688.88,1.6
688.97,1.6
689.11,1.6
689.24,0.6
689.39,0.9
689.49,1.4
689.59,0.9
689.73,1.1
689.99,1.1
690.1,0.9
690.25,1.6
690.36,4.4
690.46,1.6
690.57,21.9
690.74,-3.2
690.85,2.4
690.95,1.6
691.07,1.6
691.23,1.1
691.46,0.6
691.61,25.4
691.75,18.6
691.87,3.9
691.96,16.4
692.14,27.9
692.22,22.4
692.37,19.9
692.48,16.6
692.66,18.9
692.8,20.1
692.91,24.4
693.02,33.9
693.21,32.4
693.33,40.9
693.42,73.1
693.56,78.4
693.66,90.1
693.77,90.1
693.93,83.1
694.04,98.4
694.27,109.4
694.36,135.1
694.52,136.9
694.71,133.1
694.81,148.1
694.91,154.4
695.01,159.9
695.19,161.6
695.3,173.1
695.42,164.9
695.52,109.4
695.69,63.9
695.79,42.6
695.92,28.4
696.05,1.1
696.2,-1.5
696.29,1.4
696.44,11.9
696.57,-3.0
696.7,-2.5
696.83,4.6
696.92,1.9
697.08,2.1
697.21,1.1
697.34,0.9
697.46,3.1
697.61,-2.5
697.71,1.6
697.81,0.4
697.94,7.1
698.06,-3.2
698.21,0.6
698.31,2.4
698.45,-1.2
698.59,1.6
698.71,-0.7
698.83,0.1
698.93,50.4
699.06,45.1
699.2,33.9
699.3,20.6
699.45,4.6
699.64,37.9
699.73,53.9
699.87,26.6
699.96,5.9
700.13,18.4
700.24,32.6
700.39,27.9
700.49,32.1
700.65,49.4
700.79,51.6
700.92,48.4
701.03,47.4
701.18,42.4
701.28,1.6
701.41,64.9
701.52,82.1
701.64,44.1
701.79,62.6
701.88,83.4
702.03,79.9
702.13,90.4
702.23,90.9
702.42,92.4
702.55,99.6
702.65,111.9
702.84,107.9
703.01,142.6
703.14,180.6
703.25,171.4
703.36,127.6
703.5,88.9
703.63,37.1
703.75,33.6
703.87,20.9
703.99,25.9
704.12,12.1
704.27,0.4
704.4,7.9
704.53,7.9
704.64,4.6
704.77,1.6
704.9,2.1
705.07,1.6
705.18,-1.5
705.3,-2.2
705.4,0.0
705.55,1.1
705.7,26.6
705.8,53.4
705.91,70.4
706.07,49.1
706.18,56.6
706.31,58.1
706.44,-14.5
706.58,-4.7
706.67,2.4
706.78,-0.2
706.89,-2.0
707.08,-2.5
707.18,-1.5
707.3,3.6
707.46,0.1
707.57,1.1
707.7,-0.7
707.81,-1.2
707.91,1.1
708.05,-0.2
708.2,1.4
708.31,2.6
708.46,-0.5
708.59,2.4
708.73,1.9
708.84,2.6
708.95,0.6
709.07,0.9
709.16,1.1
709.25,0.1
709.46,1.1
709.56,1.6
709.67,1.6
709.81,10.4
709.93,29.6
710.08,39.9
710.22,19.4
710.35,38.9
710.44,21.1
710.57,27.6
710.68,23.9
710.83,-2.2
710.96,16.1
711.09,41.4
711.18,43.9
711.32,6.9
711.48,-8.0
711.6,22.4
711.71,17.1
711.79,16.6
711.95,-5.5
712.08,-3.5
712.17,1.9
712.45,-0.5
712.53,1.6
712.68,-0.2
712.81,0.4
712.97,0.4
713.06,0.6
713.18,0.9
713.33,0.6
713.48,0.6
713.56,0.6
713.7,-0.5
713.81,1.4
713.94,0.6
714.08,10.4
714.16,2.9
714.24,-1.7
714.43,0.1
714.52,2.1
714.69,-0.2
714.79,0.6
714.92,0.6
715.03,0.6
715.17,0.9
715.27,0.6
715.46,1.1
715.56,0.0
715.65,0.9
715.76,0.9
715.9,0.6
716.05,0.9
716.15,0.6
716.31,1.6
716.69,1.1
716.82,0.9
716.92,1.6
717.05,0.9
717.2,1.4
717.36,0.6
717.47,0.9
717.55,1.6
717.62,0.9
717.76,0.9
717.94,1.6
718.03,0.9
718.12,1.1
718.21,1.1
718.34,0.9
718.51,1.1
718.74,0.6
718.85,1.6
719.01,0.9
719.12,0.9
719.23,0.6
719.34,0.9
719.52,1.6
719.62,0.6
719.7,1.4
719.88,0.9
719.97,0.4
720.21,0.9
720.34,0.9
720.52,0.6
720.61,1.4
720.7,0.6
720.82,1.1
720.97,1.1
721.11,0.4
721.26,1.4
721.37,0.4
721.47,0.4
721.54,1.4
721.67,0.6
721.89,0.6
721.99,0.9
722.09,0.6
722.18,1.1
722.29,0.6
722.5,0.6
722.7,0.6
722.86,0.1
722.96,0.6
723.12,0.6
723.25,0.6
723.35,0.1
723.46,0.4
723.57,0.4
723.74,0.9
723.87,0.1
723.96,0.6
724.09,0.6
724.21,0.6
724.4,0.9
724.63,0.6
724.74,0.6
724.87,0.9
724.98,0.6
725.13,0.1
725.42,0.4
725.53,0.6
725.58,0.6
725.74,0.6
725.86,0.6
725.96,0.4
726.08,0.6
726.2,0.4
726.36,0.1
726.5,0.6
726.57,0.1
726.73,0.4
726.84,0.6
727.0,0.4
727.11,0.1
727.25,0.4
727.35,0.4
727.54,0.1
727.64,0.6
727.74,0.6
727.87,0.4
727.96,0.4
728.12,0.6
728.27,0.6
728.41,0.4
728.48,0.1
728.6,0.1
728.74,0.4
728.93,0.4
729.03,0.4
729.11,0.1
729.25,0.6
729.36,0.4
729.48,0.4
729.62,0.4
729.76,0.6
729.86,0.4
729.97,1.4
730.04,7.9
730.17,6.1
730.3,6.1
730.41,6.4
730.52,6.4
730.61,9.9
730.75,7.6
730.89,6.6
731.0,2.6
731.22,5.6
731.35,17.9
731.51,9.9
731.67,13.6
731.8,15.4
731.89,15.1
732.02,16.1
732.18,17.4
732.29,17.6
732.44,17.9
732.54,20.4
732.67,19.1
732.85,20.4
732.95,22.4
733.02,22.1
733.15,23.1
733.3,24.4
733.46,24.4
733.59,24.4
733.69,23.4
733.83,26.9
733.95,24.9
734.27,28.9
734.37,27.1
734.46,19.4
734.58,17.9
734.68,32.6
734.86,27.1
734.97,25.6
735.06,29.6
735.2,15.1
735.31,-4.5
735.5,0.6
735.61,2.9
735.69,1.9
735.82,9.6
735.91,16.4
736.1,15.1
736.22,2.4
736.33,2.9
736.44,31.6
736.53,8.1
736.71,3.6
736.83,3.9
736.93,5.1
737.03,4.1
737.16,4.1
737.29,6.4
737.43,8.4
737.67,7.9
737.8,10.4
737.92,10.1
738.08,9.9
738.19,9.9
738.36,11.4
738.47,6.1
738.55,12.6
738.7,8.4
738.81,10.9
738.93,11.6
739.08,8.6
739.18,11.4
739.3,8.6
739.43,3.6
739.55,4.1
739.68,8.1
739.8,7.6
739.92,8.1
740.08,9.4
740.18,9.1
740.28,10.9
740.37,6.9
740.47,4.6
740.66,4.6
740.77,2.6
740.85,-2.2
740.93,-1.5
741.03,1.1
741.23,-1.0
741.34,4.6
741.54,7.6
741.63,6.9
741.79,-0.2
741.93,0.0
742.07,0.1
742.16,1.6
742.24,1.6
742.38,0.1
742.55,1.4
742.7,0.1
742.86,0.6
743.02,0.4
743.14,0.0
743.27,0.6
743.38,0.9
743.51,1.1
743.64,0.1
743.72,0.9
743.85,1.4
743.99,0.4
744.13,1.4
744.27,2.4
744.34,3.6
744.53,3.6
744.63,3.4
744.74,1.6
744.87,1.6
744.98,1.9
745.12,2.1
745.24,4.9
745.34,8.9
745.49,5.1
745.58,6.9
745.7,6.9
745.84,5.1
745.99,5.6
746.08,3.9
746.22,5.6
746.36,5.9
746.55,8.4
746.86,12.6
747.02,12.1
747.14,16.6
747.25,16.1
747.34,20.9
747.5,17.1
747.61,19.1
747.78,19.4
747.92,19.1
748.03,20.9
748.17,21.4
748.27,22.4
748.49,28.6
748.61,30.4
748.71,27.6
748.84,28.6
748.94,25.9
749.15,30.1
749.28,36.6
749.35,35.9
749.46,33.6
749.59,32.1
749.78,31.4
749.88,32.6
750.01,37.9
750.1,37.9
750.18,38.9
750.35,42.9
750.56,44.6
750.65,55.4
750.75,54.4
750.9,55.4
751.03,57.9
751.19,59.1
751.31,20.9
751.46,-9.0
751.56,-0.2
751.72,-1.0
751.82,-1.7
751.96,-3.5
752.07,0.6
752.32,-1.2
752.45,-1.7
752.68,-1.5
752.82,-0.2
752.95,-1.2
753.08,-0.2
753.24,-2.0
753.33,1.6
753.47,-0.5
753.55,0.6
753.68,1.1
753.79,0.1
753.93,-1.5
754.04,2.4
754.13,0.9
754.28,1.6
754.4,0.0
754.5,1.4
754.63,0.4
754.76,3.4
754.89,4.4
755.03,-1.5
755.13,2.6
755.23,6.6
755.34,11.4
755.54,10.9
755.65,10.1
755.77,12.9
755.91,8.9
756.01,12.1
756.21,12.9
756.32,13.1
756.45,17.1
756.53,17.1
756.67,17.1
756.79,14.6
756.96,19.1
757.2,17.6
757.32,19.1
757.46,21.4
757.58,19.1
757.68,18.1
757.82,18.9
757.91,19.4
758.06,-1.5
758.19,-4.0
758.27,2.4
758.42,-1.7
758.56,0.0
758.6,1.6
758.72,0.4
758.88,0.6
758.98,-1.2
759.1,-0.2
759.19,-0.7
759.34,-1.5
759.47,-0.2
759.58,0.1
759.7,-0.5
759.82,0.4
759.91,-0.2
760.19,0.0
760.33,0.0
760.42,0.1
760.57,-0.2
760.69,-1.0
760.86,0.6
760.95,0.6
761.07,0.4
761.23,0.1
761.37,0.0
761.5,0.0
761.59,0.1
761.73,0.6
761.85,0.6
761.99,0.1
762.13,-0.2
762.29,0.6
762.39,0.4
762.5,0.6
762.62,0.0
762.8,1.1
762.89,0.6
763.01,0.1
763.26,0.0
763.43,0.1
763.56,0.9
763.64,0.6
763.79,-0.2
763.88,0.4
764.09,0.9
764.22,0.6
764.41,0.1
764.54,0.6
764.66,0.4
764.81,0.6
764.93,0.6
765.0,0.4
765.13,0.1
765.32,0.6
765.43,0.0
765.53,0.4
765.65,0.4
765.77,0.4
765.89,0.1
766.07,0.1
766.16,0.1
766.29,0.1
766.4,0.4
766.53,0.1
766.63,0.4
766.75,0.6
766.86,0.4
766.99,0.4
767.26,0.1
767.39,0.1
767.48,0.1
767.65,0.1
767.81,0.1
767.93,0.1
768.03,0.4
768.14,0.1
768.28,0.1
768.39,0.6
768.54,0.1
768.68,0.1
768.8,0.4
768.89,0.0
769.04,0.4
769.15,0.1
769.32,0.1
769.42,0.1
769.51,0.4
769.62,0.4
769.76,0.4
769.94,0.4
770.04,0.0
770.11,0.1
770.24,0.1
770.34,0.1
770.49,0.1
770.64,0.1
770.73,0.1
770.84,0.1
770.96,0.1
771.09,0.0
771.26,0.1
771.36,0.1
771.43,0.4
771.58,0.1
771.71,0.1
771.86,0.1
771.96,0.4
772.07,0.4
772.18,0.1
772.3,0.4
772.54,0.4
772.71,0.1
772.78,0.1
772.9,0.4
773.03,0.1
773.18,0.4
773.29,0.1
773.42,0.0
773.52,0.1
773.65,0.4
773.81,0.4
773.89,0.4
774.02,0.1
774.15,0.6
774.28,0.1
774.38,0.4
774.55,0.4
774.65,0.4
774.75,0.4
774.84,0.0
775.01,0.1
775.17,0.4
775.27,0.1
775.38,0.1
775.51,0.1
775.69,0.1
775.81,0.1
775.92,0.4
776.02,0.4
776.2,0.4
776.31,0.4
776.41,0.1
776.53,0.4
776.65,0.1
776.74,0.1
776.84,0.4
777.01,0.1
777.29,0.1
777.42,0.4
777.51,0.1
777.66,0.4
777.8,0.4
777.9,0.4
778.01,0.0
778.12,0.1
778.25,0.4
778.37,0.4
778.64,0.1
778.75,0.4
778.86,0.4
778.99,0.1
779.17,0.0
779.26,0.1
779.36,0.1
779.5,0.4
779.62,0.1
779.78,0.0
779.86,0.1
779.95,0.4
780.11,0.4
780.23,0.4
780.37,0.4
780.48,0.4
780.59,0.1
780.68,0.4
780.77,0.4
780.92,0.1
781.08,0.1
781.17,0.1
781.4,0.4
781.55,0.4
781.66,0.1
781.77,0.4
782.07,0.4
782.19,0.4
782.29,0.1
782.38,0.4
782.55,0.4
782.66,0.4
782.8,0.0
782.92,0.4
783.16,0.4
783.25,0.4
783.42,0.1
783.56,0.1
783.66,0.1
783.78,0.1
783.86,0.1
783.96,0.0
784.16,0.1
784.34,0.0
784.6,0.1
784.75,0.6
784.92,0.1
785.12,0.6
785.21,0.1
785.28,0.1
785.47,0.1
785.6,0.4
785.78,0.1
785.89,0.1
786.08,0.4
786.2,0.0
786.32,0.4
786.57,0.1
786.68,0.4
786.76,0.1
786.95,0.1
787.09,0.1
787.18,0.4
787.28,0.4
787.45,0.4
787.57,0.0
787.69,0.4
787.8,0.1
787.91,0.1
788.07,0.1
788.2,0.1
788.37,0.1
788.49,0.1
788.61,0.1
788.67,0.0
788.76,0.6
788.94,0.1
789.07,0.1
789.18,0.1
789.29,0.4
789.43,0.1
789.57,0.4
789.65,0.4
789.78,0.0
789.96,0.1
790.07,0.1
790.2,0.1
790.29,0.1
790.46,-0.2
790.59,-0.2
790.69,-0.2
790.77,0.0
790.91,0.1
791.0,0.1
791.11,0.1
791.26,0.1
791.39,0.1
791.53,0.0
791.61,0.1
791.72,-0.2
791.92,0.0
792.08,0.0
792.25,-0.2
792.36,0.0
792.48,0.1
792.62,0.0
792.73,0.0
792.84,0.0
792.94,0.4
793.06,0.1
793.3,0.0
793.47,0.0
793.6,0.1
793.67,0.1
793.79,0.0
793.91,0.0
794.09,0.1
794.18,0.0
794.32,0.4
794.44,0.1
794.69,0.0
794.81,0.0
794.94,0.0
795.05,0.0
795.17,0.0
795.26,-0.2
795.39,-0.2
795.59,0.1
795.8,0.0
795.92,0.0
796.06,0.0
796.18,0.1
796.26,0.4
796.46,-0.2
796.68,0.1
796.77,0.1
796.95,0.1
797.07,0.0
797.18,-0.2
797.32,0.0
797.65,-0.2
797.77,0.1
798.01,0.0
798.13,0.0
798.24,0.0
798.42,0.0
798.68,0.0
798.83,0.0
798.94,0.0
799.11,0.0
799.32,-0.2
799.44,0.0
799.52,0.0
799.66,-0.2
799.81,0.0
799.91,0.1
800.02,0.0
800.13,0.0
800.24,-0.2
800.42,0.0
800.55,0.0
800.66,0.0
800.79,0.1
800.93,0.1
801.04,0.0
801.15,0.1
801.3,0.0
801.42,0.0
801.64,0.0
801.78,0.1
801.92,0.1
802.01,0.0
802.13,-0.2
802.21,0.0
802.42,0.1
802.51,0.1
802.69,0.1
802.86,-0.2
802.96,0.0
803.08,0.1
803.2,0.0
803.37,0.0
803.49,0.1
803.58,0.0
803.7,0.0
803.87,0.1
803.97,0.1
804.12,0.0
804.26,0.0
804.42,0.1
804.63,0.0
804.77,0.1
804.9,0.0
805.02,0.0
805.15,0.0
805.27,-0.2
805.4,0.1
805.51,0.1
805.64,0.1
805.83,0.1
805.95,0.0
806.03,0.1
806.15,0.0
806.3,0.1
806.43,0.1
806.52,0.1
806.63,-0.2
806.79,0.0
806.94,0.0
807.04,-0.2
807.16,0.4
807.3,0.4
807.44,0.0
807.57,0.0
807.71,0.0
807.82,0.0
807.95,0.0
808.04,0.1
808.2,0.0
808.32,0.1
808.48,0.0
808.58,0.4
808.72,0.1
808.84,0.1
808.96,0.4
809.14,-0.2
809.31,0.0
809.46,0.0
809.58,0.0
809.77,0.0
809.88,0.0
809.99,0.0
810.08,0.4
810.25,0.1
811.36,0.1
811.44,0.1
811.56,0.0
811.68,0.0
811.8,0.0
811.92,-0.2
812.03,-0.2
812.14,-0.2
812.27,0.1
812.38,0.0
812.51,0.0
812.62,0.0
812.76,0.0
812.89,0.1
813.02,0.0
813.16,0.1
813.26,0.0
813.52,0.0
813.78,0.1
814.2,0.1
814.31,0.0
814.43,0.0
814.7,0.0
814.86,0.1
814.96,0.1
815.11,0.1
815.26,0.1
815.45,0.0
815.6,0.1
815.74,0.0
815.94,-0.2
816.04,0.0
816.16,0.0
816.32,-0.2
816.43,0.1
816.57,0.0
816.67,0.1
816.8,0.0
816.92,-0.2
817.1,0.0
817.34,0.0
817.44,0.1
817.6,0.1
817.88,0.0
817.98,0.1
818.11,-0.2
818.26,0.1
818.51,0.0
818.68,0.1
818.78,0.0
819.02,0.0
819.16,0.0
819.31,0.0
819.38,0.1
819.52,0.0
819.62,-0.2
819.73,0.1
819.89,-0.2
819.99,0.1
820.13,-0.2
820.23,0.0
820.41,0.1
820.55,0.0
820.66,0.1
820.78,-0.2
820.88,-0.2
821.02,-0.2
821.15,0.1
821.4,0.0
821.52,0.0
821.69,-0.2
821.79,0.1
821.93,0.0
822.11,0.4
822.2,0.0
822.34,0.0
822.44,0.0
822.55,0.0
822.74,0.0
822.83,0.0
822.96,0.0
823.05,-0.2
823.21,0.0
823.3,0.6
823.46,-0.2
823.6,-0.2
823.79,0.0
823.9,-0.2
824.06,-0.2
824.18,0.0
824.32,0.1
824.4,0.1
824.56,0.0
824.69,0.0
824.82,0.1
824.93,0.0
825.09,0.0
825.18,0.0
825.3,0.1
825.41,0.0
825.61,0.0
825.72,0.0
825.83,0.0
825.97,0.1
826.14,0.1
826.25,0.0
826.37,0.1
826.5,0.1
826.65,0.0
826.75,-0.2
826.88,0.1
827.01,0.1
827.16,0.1
827.29,0.0
827.39,0.1
827.55,-0.2
827.68,0.0
827.89,0.1
828.04,0.0
828.15,0.0
828.27,0.1
828.44,0.1
828.57,-0.2
828.7,0.1
828.8,0.1
828.9,0.0
829.07,0.1
829.21,0.0
829.32,0.1
829.45,0.1
829.58,-0.2
829.7,0.0
829.82,0.1
829.94,0.0
830.14,0.1
830.26,0.0
830.34,0.0
830.51,0.1
830.64,0.0
830.76,-0.2
830.9,0.1
831.02,-0.2
831.17,0.1
831.27,0.0
831.55,0.4
831.66,-0.2
831.8,0.0
831.94,0.0
832.1,-0.2
832.18,0.0
832.27,0.0
832.41,0.1
832.52,0.0
832.7,-0.2
832.81,0.1
832.93,0.0
833.07,0.1
833.18,0.1
833.28,0.0
833.45,0.0
833.7,0.1
833.79,0.1
833.93,0.1
834.08,0.0
834.32,0.1
834.45,-0.2
834.73,0.0
834.87,0.0
835.09,-0.2
835.2,0.0
835.36,0.0
835.48,0.1
835.71,0.0
835.85,0.0
835.97,0.0
836.1,-0.2
836.22,0.0
836.37,-0.2
836.45,-0.2
836.7,0.1
836.81,0.0
836.94,0.1
837.07,0.1
837.15,0.0
837.31,0.1
837.42,0.0
837.61,0.1
837.72,-0.2
837.87,0.0
837.93,0.4
838.07,0.0
838.21,0.0
838.37,-0.2
838.46,0.0
838.6,0.0
838.73,0.1
838.87,0.0
838.99,0.4
839.09,0.4
839.22,0.0
839.33,0.4
839.5,0.0
839.61,0.1
839.74,-0.2
839.88,0.0
840.02,0.0
840.12,-0.2
840.22,0.1
840.37,0.1
840.51,0.1
840.61,0.0
840.74,0.0
840.84,0.0
840.99,0.0
841.11,0.1
841.27,0.0
841.35,0.1
841.5,0.0
841.75,-0.2
841.91,-0.2
842.02,-0.2
842.15,0.1
842.28,0.0
842.41,0.1
842.56,0.1
842.67,0.0
842.81,0.1
842.92,0.0
843.03,0.0
843.13,0.0
843.29,0.1
843.41,0.4
843.52,0.0
843.65,0.0
843.74,0.1
843.85,0.1
844.15,0.1
844.46,0.4
844.58,0.1
844.74,0.0
844.84,0.1
844.96,0.1
845.07,0.0
845.22,0.0
845.35,0.1
845.45,0.0
845.57,0.1
845.7,0.1
845.8,-0.2
845.9,0.0
846.04,0.0
846.14,-0.2
846.29,0.0
846.44,0.0
846.56,0.0
846.68,0.1
846.79,0.0
846.94,0.0
847.04,0.1
847.13,0.1
847.28,0.1
847.4,0.1
847.53,0.0
847.65,0.0
847.75,0.0
847.87,0.0
848.01,0.0
848.11,0.0
848.27,0.0
848.38,0.1
848.47,0.1
848.61,0.0
848.73,-0.2
848.85,0.4
849.0,0.1
849.09,0.0
849.2,-0.2
849.31,0.1
849.44,0.0
849.53,0.0
849.72,0.1
849.84,0.0
849.92,0.4
850.04,0.1
850.15,0.1
850.28,-0.2
850.43,0.4
850.79,0.0
851.04,0.0
851.18,-0.2
851.27,-0.2
851.4,0.0
851.5,0.1
851.68,0.1
851.79,0.0
851.91,0.1
852.04,0.1
852.16,0.1
852.29,0.1
852.54,-0.2
852.78,0.1
852.93,0.0
853.03,0.0
853.3,0.0
853.54,0.1
853.69,0.0
853.81,0.1
853.96,0.0
854.1,0.1
854.19,0.0
854.34,0.0
854.46,0.0
854.64,0.1
854.73,0.0
854.93,0.1
855.13,0.0
855.22,0.1
855.41,0.1
855.58,0.1
855.72,-0.2
855.82,0.0
855.94,0.1
856.07,0.0
856.21,0.0
856.32,0.4
856.45,0.1
856.59,0.1
856.74,0.1
856.84,0.1
857.01,0.1
857.15,0.0
857.28,0.0
857.41,0.0
857.51,-0.2
857.77,0.1
857.88,0.0
858.02,-0.2
858.14,0.1
858.29,0.0
858.38,0.0
858.52,-0.2
858.65,-0.2
858.79,0.0
858.92,0.0
859.07,0.0
859.17,0.0
859.25,0.1
859.42,-0.2
859.56,0.0
859.68,0.1
859.78,0.0
859.91,0.0
860.04,0.0
860.16,0.0
860.38,0.1
860.48,0.1
860.9,0.1
861.04,0.0
861.13,0.0
861.26,-0.2
861.41,0.1
861.53,0.1
861.63,0.1
861.74,-0.2
861.84,0.1
861.95,0.0
862.1,0.0
862.22,-0.2
862.35,0.0
862.49,0.1
862.62,0.0
862.7,0.0
862.83,0.0
863.02,0.1
863.11,0.1
863.23,0.0
863.36,0.4
863.51,0.1
863.64,0.1
863.74,0.1
863.85,0.1
863.97,0.1
864.07,0.1
864.22,0.0
864.37,0.1
864.49,0.0
864.71,0.0
864.88,0.1
865.0,0.0
865.12,0.1
865.2,-0.2
865.37,-0.2
865.5,0.0
865.63,0.1
865.79,0.1
865.95,-0.2
866.05,0.0
866.16,-0.2
866.29,0.4
866.37,0.1
866.57,-0.2
866.76,-0.2
866.88,0.0
867.0,0.1
867.1,0.1
867.23,0.0
867.39,0.0
867.5,0.1
867.71,0.0
867.87,0.0
868.02,0.0
868.15,0.0
868.23,0.1
868.41,0.0
868.51,0.0
868.79,0.1
869.01,0.1
869.09,0.1
869.22,0.0
869.42,0.0
869.55,0.1
869.72,0.0
869.9,0.0
870.02,-0.2
870.29,-0.2
870.41,0.1
870.55,0.1
870.67,0.0
870.79,0.0
870.92,0.0
871.03,0.0
871.17,0.0
871.31,0.1
871.42,0.0
871.54,0.0
871.67,0.1
871.77,-0.2
871.9,0.1
872.25,0.1
872.39,0.0
872.49,0.0
872.63,0.0
872.74,0.0
872.89,0.1
873.01,0.0
873.13,0.0
873.24,0.1
873.41,0.1
873.5,0.1
873.59,0.0
873.7,0.0
873.84,0.1
873.99,0.1
874.09,0.1
874.18,-0.2
874.36,0.1
874.54,-0.2
874.63,0.0
874.75,0.0
874.85,0.0
874.95,-0.2
875.12,0.1
875.38,0.1
875.51,0.1
875.77,0.0
875.93,0.0
876.02,0.1
876.23,0.1
876.4,0.0
876.55,0.0
876.66,-0.2
876.77,-0.2
876.91,0.0
877.03,0.0
877.1,0.0
877.31,0.1
877.4,0.1
877.5,0.0
877.6,0.1
877.75,0.0
877.89,0.0
878.04,0.0
878.27,0.1
878.43,0.0
878.54,-0.2
878.67,0.1
878.82,0.1
878.9,0.0
879.02,0.0
879.16,0.1
879.34,-0.2
879.42,0.0
879.65,0.0
879.8,0.1
879.93,0.0
880.03,-0.2
880.15,0.0
880.32,0.0
880.46,0.0
880.54,0.0
880.81,0.0
880.97,-0.2
881.05,0.1
881.18,0.0
881.35,-0.2
881.46,0.1
881.61,0.0
881.72,0.1
881.84,0.0
881.96,0.0
882.07,0.1
882.19,0.0
882.32,0.0
882.46,0.0
882.54,0.1
882.68,-0.2
882.8,-0.2
882.96,0.0
883.11,0.1
883.18,0.0
883.3,0.1
883.51,0.4
883.82,0.4
883.92,0.1
884.02,0.4
884.19,0.1
884.36,0.4
884.46,0.0
884.56,-0.2
884.65,0.1
884.75,0.4
884.94,-0.2
885.05,0.1
885.2,0.1
885.3,0.1
885.41,0.1
885.53,0.1
885.8,0.1
885.91,-0.2
886.0,0.1
886.11,0.1
886.25,0.1
886.38,-0.2
886.48,0.1
886.64,0.0
886.74,0.0
886.84,0.1
886.98,0.0
887.12,0.0
887.36,-0.2
887.46,0.0
887.59,0.0
887.76,0.1
887.89,-0.2
887.99,0.0
888.11,0.1
888.26,-0.2
888.4,0.0
888.47,-0.2
888.64,0.1
888.77,0.0
888.9,0.1
889.02,0.0
889.14,0.0
889.21,0.0
889.31,0.0
889.46,0.0
889.6,0.1
889.73,0.0
889.83,0.1
889.93,0.0
890.05,0.1
890.24,0.1
890.34,0.0
890.44,0.1
890.54,0.4
890.68,0.1
890.86,0.1
890.95,0.1
891.08,0.1
891.22,0.1
891.35,-0.2
891.5,0.1
891.61,0.1
891.71,-0.2
891.83,0.1
891.92,0.0
892.03,0.1
892.22,0.1
892.33,-0.2
892.45,-0.2
892.57,0.0
892.7,0.1
892.8,0.0
892.94,0.0
893.05,0.1
893.19,0.0
893.28,0.1
893.44,0.0
893.55,0.1
893.73,0.0
893.82,0.0
893.91,0.1
894.08,0.1
894.2,-0.2
894.42,0.0
894.52,0.0
894.7,-0.2
894.82,0.0
894.91,0.1
895.0,-0.2
895.15,-0.2
895.35,0.1
895.45,0.4
895.58,0.0
895.7,0.0
895.81,-0.2
896.08,0.1
896.19,0.1
896.31,0.1
896.44,0.0
896.63,-0.2
896.75,0.0
896.84,0.0
896.94,-0.2
897.11,0.1
897.24,0.1
897.38,-0.2
897.46,0.0
897.73,0.1
897.96,0.0
898.1,0.0
898.21,0.1
898.28,0.0
898.39,0.0
898.49,0.1
898.71,0.0
898.83,0.0
898.92,0.4
899.04,0.1
899.16,0.0
899.36,0.0
899.47,-0.2
899.59,0.4
899.7,0.0
899.78,0.1
899.88,0.1
900.07,0.1
900.17,0.1
900.26,0.0
900.37,0.0
900.52,0.1
900.73,-0.2
900.94,0.1
901.07,0.0
901.19,0.0
901.44,0.1
901.57,0.0
901.78,0.1
901.96,0.1
902.08,0.0
902.31,0.0
902.43,0.1
902.56,0.4
902.7,0.0
902.79,0.1
902.9,0.4
903.02,0.1
903.16,0.1
903.32,0.1
903.45,0.1
903.53,0.0
903.68,0.1
903.77,0.1
903.92,0.0
904.04,0.0
904.17,0.1
904.27,-0.2
904.38,-0.2
904.56,0.1
904.67,0.1
904.79,0.0
904.9,-0.2
905.05,0.1
905.15,0.0
905.38,-0.2
905.51,0.0
905.61,0.1
905.78,0.1
906.04,0.0
906.17,0.0
906.26,0.0
906.36,0.1
906.57,0.0
906.67,0.1
906.75,-0.2
906.86,0.0
906.97,0.1
907.1,-0.2
907.26,0.0
907.37,0.0
907.49,0.0
907.59,-0.2
907.76,0.0
907.87,0.1
907.99,0.1
908.11,-0.2
908.21,0.0
908.35,0.1
908.48,0.0
908.65,0.0
908.75,0.1
908.83,0.0
908.99,0.1
909.11,0.0
909.26,0.1
909.51,0.1
909.61,0.1
909.73,-0.2
909.86,0.1
909.99,0.4
910.12,0.1
910.22,0.0
910.35,0.0
910.53,0.1
910.64,0.0
910.76,0.0
911.08,0.0
911.25,0.0
911.35,0.0
911.52,0.0
911.65,-0.2
911.75,0.0
911.89,-0.2
911.98,0.0
912.13,0.0
912.23,0.0
912.38,0.0
912.48,-0.2
912.59,0.0
912.71,0.0
912.86,0.0
913.0,0.0
913.13,0.4
913.2,0.1
913.32,0.1
913.46,0.0
913.6,0.0
913.75,-0.2
913.85,0.1
913.94,0.1
914.16,0.1
914.31,0.0
914.45,0.1
914.56,-0.2
914.84,0.0
914.96,0.0
915.09,0.1
915.2,0.0
915.28,0.0
915.43,0.1
915.54,0.1
915.73,0.0
915.84,0.0
915.91,-0.2
916.04,-0.2
916.17,0.1
916.33,0.1
916.46,-0.2
916.56,0.1
916.83,-0.2
916.96,-0.2
917.11,0.1
917.2,0.4
917.33,0.0
917.45,0.0
917.57,0.0
917.72,-0.2
917.81,0.4
918.0,0.0
918.11,0.1
918.22,0.1
918.37,0.0
918.52,-0.2
918.82,-0.2
918.97,0.0
919.08,0.1
919.17,0.1
919.3,0.0
919.43,0.1
919.56,0.1
919.69,-0.2
919.93,0.1
920.04,0.0
