Time (s),MC Temp A,MC Temp B,MC Temp C
0.0,13.3,13.3,13.3
0.0,26.7,26.7,26.7
3.06,32.5,32.9,32.7
4.04,32.6,32.9,32.8
5.05,32.5,32.9,32.8
6.06,32.6,32.9,32.8
7.07,32.6,32.9,32.8
8.06,32.6,33,32.8
9.06,32.6,32.9,32.8
10.07,32.6,32.9,32.8
11.08,32.5,32.9,32.8
12.06,32.6,32.9,32.8
13.07,32.6,32.9,32.8
14.06,32.6,32.9,32.8
15.07,32.6,32.9,32.7
16.08,32.6,32.9,32.7
17.07,32.6,32.9,32.8
18.08,32.6,32.9,32.8
19.07,32.6,32.9,32.8
20.05,32.6,32.9,32.8
21.08,32.6,32.9,32.8
22.07,32.6,32.9,32.8
23.08,32.6,32.9,32.8
24.08,32.6,33,32.8
25.09,32.6,32.9,32.8
26.08,32.6,32.9,32.8
27.1,32.6,33,32.8
28.09,32.7,33,32.9
29.1,32.9,33.1,33
30.09,33,33.3,33.1
31.1,33.2,33.7,33.6
32.09,32.7,33.4,33.6
33.09,32.4,33,33.5
34.1,32.2,32.8,33.2
35.11,32.2,32.7,33.1
36.09,32.5,33.1,33.2
37.11,32.5,33,33.2
38.1,32.5,33,33.2
39.11,32.5,33,33.2
40.1,32.7,33.1,33.2
41.12,32.8,33.2,33.2
42.11,32.9,33.3,33.3
43.12,32.9,33.3,33.3
44.11,32.9,33.2,33.3
45.12,32.9,33.3,33.3
46.11,33,33.3,33.3
47.12,33,33.3,33.2
48.13,33,33.4,33.3
49.12,33,33.4,33.3
50.11,33,33.4,33.3
51.13,33,33.4,33.3
52.14,33,33.4,33.4
53.12,33,33.4,33.3
54.13,32.9,33.3,33.4
55.12,32.9,33.3,33.3
56.13,33,33.3,33.4
57.14,32.9,33.3,33.3
58.13,32.9,33.3,33.3
59.14,32.9,33.2,33.3
60.13,32.9,33.2,33.3
61.14,32.8,33.3,33.3
62.13,32.8,33.2,33.3
63.14,32.8,33.3,33.2
64.14,32.8,33.2,33.3
65.15,32.7,33.1,33.2
66.16,32.7,33.1,33.1
67.15,32.7,33.1,33
68.16,32.7,33.1,33
69.15,32.7,33.1,33
70.16,32.7,33.1,33
71.15,32.7,33.1,33
72.16,32.7,33.1,33
73.17,32.7,33,33
74.17,32.7,33.1,33
75.16,32.7,33.1,33
76.17,32.7,33.1,33
77.17,32.7,33.1,33
78.16,32.7,33.1,33
79.17,32.7,33,33
80.17,32.7,33.1,33
81.17,32.7,33.1,33
82.17,32.7,33.1,33
83.18,32.7,33.1,33
84.09,32.7,33.1,33
85.19,32.7,33.1,33
86.17,32.7,33.1,33
87.18,32.7,33,33
88.19,32.7,33.1,33
89.18,32.7,33,33
90.19,32.7,33.1,33
91.18,32.7,33.1,33
92.19,32.7,33.1,33
93.16,32.7,33.1,33
94.19,32.7,33.1,33
95.2,32.7,33.1,33
96.21,32.7,33.1,33
97.2,32.7,33,33
98.2,32.7,33.1,33
99.19,32.7,33.1,33
100.2,32.7,33.1,33
101.19,32.7,33.1,33
102.2,32.7,33.1,33
103.21,32.7,33.1,33
104.2,32.7,33.1,33
105.21,32.7,33.1,33
106.2,32.7,33.1,33
107.22,32.7,33.1,33
108.2,32.7,33.1,33
109.21,32.7,33.1,33
110.19,32.7,33.1,33
110.65,13.3,13.3,13.3
110.65,26.7,26.7,26.7
134.12,33.4,33.7,33.6
135.13,33.5,33.8,33.6
136.14,33.5,33.8,33.6
137.13,33.5,33.8,33.6
138.13,33.5,33.8,33.6
139.12,33.5,33.8,33.6
140.13,33.5,33.8,33.6
141.13,33.4,33.8,33.6
142.13,33.5,33.8,33.6
143.13,33.5,33.8,33.6
144.12,33.5,33.8,33.6
145.14,33.5,33.8,33.6
146.14,33.5,33.8,33.6
147.15,33.5,33.8,33.6
148.15,33.5,33.8,33.6
149.16,33.5,33.8,33.6
150.14,33.5,33.8,33.6
151.15,33.5,33.8,33.6
152.16,33.5,33.8,33.6
153.15,33.5,33.8,33.6
154.16,33.5,33.8,33.6
155.15,33.5,33.8,33.6
156.17,33.5,33.8,33.6
157.15,33.4,33.8,33.6
158.17,33.5,33.8,33.6
159.16,33.5,33.8,33.6
160.17,33.5,33.8,33.6
161.18,33.5,33.8,33.6
162.17,33.4,33.8,33.6
163.17,33.5,33.8,33.6
164.17,33.5,33.8,33.6
165.18,33.5,33.8,33.6
166.17,33.4,33.8,33.6
167.18,33.5,33.8,33.6
168.17,33.5,33.8,33.6
169.19,33.5,33.8,33.6
170.18,33.5,33.8,33.6
171.17,33.5,33.8,33.7
172.16,33.6,34,33.8
173.2,33.7,34,33.9
174.19,33.8,34.1,34
175.18,33.7,34.1,34
176.19,33.4,33.9,34
177.18,33.5,33.9,34.1
178.19,33.8,34.3,34.5
179.19,34,34.6,34.8
180.2,34.1,34.8,35
181.19,34.3,35,35.3
182.19,34.6,35.2,35.5
183.21,34.3,35.1,35.4
184.19,34,34.7,35.2
185.2,34,34.6,35
186.21,33.7,34.3,34.6
187.21,33.5,34.1,34.3
188.22,34.1,34.6,34.6
189.21,34,34.4,34.5
190.22,33.8,34.3,34.4
191.22,33.6,34.1,34.2
192.21,34,34.6,34.4
193.22,34.8,35.3,35.2
194.21,35.1,35.8,35.8
195.21,35.3,36.1,36.2
196.22,35.8,36.6,37
197.23,36.1,37,37.5
198.22,36.2,37.3,37.9
199.23,36,37.1,37.9
200.24,35.1,36.2,36.9
201.22,34.9,35.9,36.3
202.23,35.2,36,35.9
203.23,35.8,36.6,36.3
204.24,35.4,36.2,36.7
205.24,35.2,36.2,36.6
206.22,35.3,36.1,36.6
207.23,35.3,36.1,36.6
208.24,35.3,36.2,36.7
209.25,35.3,36.2,36.7
210.25,35.2,36,36.6
211.23,35,35.9,36.4
212.25,34.9,35.7,36.2
213.24,34.9,35.6,36
214.25,35.2,35.8,36.1
215.26,35.4,35.9,36.2
216.25,35.7,36.2,36.5
217.26,36.5,37.2,37.2
218.25,37.4,38.3,38.2
219.26,37.9,38.9,39.2
220.25,37.4,38.6,39.2
221.25,36,37.2,38.2
222.26,35.6,36.5,37.2
223.27,36.1,36.8,37.3
224.26,37.4,38.1,38.4
225.27,37.4,38.4,38.9
226.26,36.4,37.5,38.2
227.27,36,37,37.6
228.26,35.9,36.8,37.3
229.27,35.9,36.6,37.1
230.28,35.8,36.5,36.8
231.27,35.6,36.2,36.5
232.28,35.4,36.2,36.4
233.27,35.4,36.1,36.2
234.29,35.6,36.3,36.4
235.28,35.9,36.5,36.6
236.27,36.1,36.7,36.8
237.28,37.1,37.7,37.8
238.29,37.8,38.6,38.8
239.28,37.2,38.2,38.6
240.3,36.4,37.3,37.9
241.28,36.2,36.9,37.4
242.3,36.6,37.3,37.6
243.26,37,37.7,38
244.29,37.5,38.3,38.6
245.3,38.1,39.1,39.4
246.27,37,38.1,38.7
247.3,36.5,37.4,38
248.29,36.6,37.4,37.9
249.27,36.9,37.7,38.1
250.3,37,37.9,38.2
251.3,36.6,37.5,37.9
252.29,36.2,36.9,37.4
253.31,36.2,36.8,37.1
254.31,36.8,37.4,37.5
255.3,37.5,38.1,38.1
256.31,37.5,38.2,38.5
257.32,37,37.9,38.2
258.31,36.8,37.7,38.1
259.32,36.6,37.4,37.8
260.32,36.4,37.1,37.5
261.32,36.2,36.9,37.2
262.33,36.1,36.7,37
263.32,36,36.6,36.8
264.33,36,36.5,36.7
265.32,36,36.5,36.6
266.32,36,36.5,36.5
267.33,36.1,36.5,36.5
268.32,36.1,36.5,36.5
269.33,36,36.4,36.4
270.33,35.9,36.3,36.3
271.35,35.9,36.3,36.2
272.33,35.9,36.2,36.2
273.34,35.9,36.2,36.2
274.33,35.9,36.2,36.1
275.34,35.9,36.2,36.1
276.33,35.9,36.2,36.1
277.35,35.9,36.2,36.1
278.36,35.8,36.2,36.1
279.34,35.8,36.2,36.1
280.35,35.8,36.2,36.1
281.36,35.8,36.2,36
282.35,35.8,36.2,36
283.35,35.8,36.2,36
284.36,35.7,36.2,36
285.35,35.8,36.1,36
286.36,35.7,36.2,36
287.36,35.7,36.1,36
288.35,35.7,36.2,36
289.37,35.7,36.1,36
290.36,35.7,36.1,36
291.37,35.7,36.1,36
292.36,35.7,36.1,36
293.37,35.7,36,36
294.36,35.7,36.1,36
295.37,35.7,36.1,35.9
296.38,35.7,36.1,35.9
297.36,35.7,36,35.9
298.37,35.7,36,36
299.38,35.7,36,35.9
300.37,35.7,36,35.9
301.39,35.7,36,35.9
302.39,35.6,36,35.9
303.38,35.7,36,35.9
304.39,35.7,36,35.9
305.4,35.7,36,35.9
306.38,35.6,36,35.9
307.4,35.7,36,36
308.38,35.6,36,35.9
309.39,35.6,36,35.9
310.39,35.6,36,36
311.4,35.7,36,35.9
312.4,35.6,35.9,35.9
313.39,35.6,36,35.9
314.4,35.6,36,35.9
315.4,35.6,35.9,35.9
316.4,35.6,36,35.9
317.41,35.6,36,35.9
318.4,35.6,35.9,35.9
319.42,35.6,35.9,35.9
320.42,35.6,35.9,35.9
321.42,35.6,36,35.9
322.41,35.6,35.9,35.9
323.42,35.6,36,35.9
324.42,35.6,35.9,35.9
325.41,35.6,35.9,35.9
326.42,35.6,35.9,35.9
327.43,35.6,36,35.9
328.42,35.6,35.9,35.9
329.43,35.6,35.9,35.9
330.44,35.6,35.9,35.9
331.43,35.6,35.9,35.9
332.43,35.6,35.9,35.9
333.44,35.6,35.9,35.9
334.43,35.6,35.9,35.9
335.43,35.6,35.9,35.9
336.43,35.5,35.9,35.9
337.45,35.6,35.9,35.9
338.44,35.6,35.9,35.9
339.45,35.6,35.9,35.9
340.44,35.6,35.9,35.9
341.44,35.6,35.9,35.9
342.44,35.6,35.9,35.9
343.45,35.6,35.9,35.9
344.44,35.6,35.9,35.9
345.45,35.6,35.9,35.9
346.46,35.6,35.9,35.9
347.45,35.6,35.9,35.9
348.46,35.6,35.9,35.9
349.46,35.6,35.9,35.9
350.46,35.6,35.9,35.9
351.47,35.6,35.9,35.9
352.46,35.6,35.9,35.9
353.46,35.6,35.9,35.9
354.47,35.6,35.9,35.9
355.46,35.6,35.9,35.9
356.47,35.6,36,35.9
357.48,35.6,35.9,35.9
358.47,35.6,35.9,35.9
359.47,35.6,35.9,35.9
360.46,35.6,35.9,35.9
361.47,35.6,35.9,35.9
362.48,35.6,35.9,35.9
363.46,35.6,35.9,35.9
364.47,35.6,35.9,35.9
365.48,35.6,35.9,35.9
366.49,35.6,35.9,35.9
367.48,35.6,35.9,35.9
368.49,35.6,35.9,35.9
369.48,35.6,35.9,35.9
370.49,35.7,35.9,35.9
371.48,35.7,35.9,35.9
372.48,35.6,35.9,35.9
373.49,35.7,36,36
374.5,35.7,35.9,36
375.49,35.7,36,35.9
376.49,35.7,36,36
377.5,35.7,35.9,36
378.5,35.7,36,36
379.51,35.7,36,36
380.5,35.7,36,36
381.51,35.7,36,36
382.49,35.7,36,36
383.51,35.7,36,36
384.48,35.7,36,36
385.51,35.7,36,36
386.5,35.7,36,36
387.49,35.7,36,36
388.52,35.7,36,36
389.52,35.7,36,36
390.51,35.7,36,36
391.52,35.7,36,36
392.53,35.7,36,36.1
393.52,35.7,36,36
394.53,35.7,36,36.1
395.52,35.7,36,36.1
396.54,35.7,36,36.1
397.52,35.7,36.1,36.1
398.53,35.7,36.1,36.1
399.54,35.7,36.1,36.1
400.53,35.7,36.1,36.1
401.53,35.7,36,36.1
402.54,35.8,36.1,36.1
403.53,35.7,36.1,36.1
404.52,35.7,36.1,36.1
405.53,35.7,36.1,36.1
406.54,35.7,36.1,36.1
407.55,35.7,36.1,36.1
408.55,35.8,36.1,36.1
409.55,35.8,36.1,36.2
410.55,35.8,36.1,36.2
411.55,35.8,36.1,36.2
412.56,35.9,36.2,36.3
413.56,36,36.3,36.3
414.55,36.2,36.5,36.4
415.56,36.5,36.6,36.5
416.55,37,37.1,37
417.56,37.9,38.2,37.8
418.56,38.4,39,38.7
419.57,38.7,39.5,39.5
420.56,38.9,39.8,39.9
421.57,38.9,39.8,40.2
422.57,38.8,39.6,40.2
423.56,38.8,39.6,40.1
424.57,38.8,39.6,40.1
425.57,38.7,39.6,40.1
426.57,38.5,39.3,39.9
427.58,38.2,39,39.5
428.57,38.2,39,39.5
429.58,38.2,39,39.5
430.59,38.1,38.9,39.3
431.59,38.2,38.9,39.3
432.58,38.2,38.9,39.3
433.59,38.4,39.1,39.4
434.58,38.5,39.2,39.6
435.58,38.6,39.3,39.7
436.59,38.7,39.5,39.8
437.6,38.9,39.7,39.9
438.59,39.5,40.3,40.6
439.59,40.3,41.2,41.6
440.61,40.8,41.8,42.5
441.6,40.3,41.5,42.3
442.61,39.3,40.5,41.5
443.59,38.9,39.9,40.9
444.6,39.5,40.4,41.1
445.62,40.3,41.1,41.7
446.61,40.5,41.5,41.9
447.62,39.8,40.9,41.5
448.6,39.1,40.1,40.8
449.62,38.7,39.5,40.2
450.62,38.7,39.3,39.8
451.6,38.8,39.4,39.8
452.62,38.9,39.6,39.8
453.62,38.7,39.3,39.6
454.61,38.5,39.2,39.4
455.62,38.5,39.1,39.3
456.63,39.1,39.6,39.8
457.62,39.6,40.3,40.3
458.63,40.4,41.1,41.2
459.62,40.7,41.6,41.8
460.62,40.1,41.1,41.5
461.63,39.3,40.2,40.9
462.64,39.5,40.2,40.7
463.63,39.9,40.7,41
464.64,40.1,41,41.3
465.63,40.4,41.2,41.6
466.64,39.6,40.7,41.2
467.65,39.2,40.1,40.7
468.63,39,39.7,40.2
469.64,38.8,39.4,39.9
470.65,39.1,39.7,39.9
471.64,39.1,39.7,39.9
472.64,38.9,39.5,39.7
473.65,38.8,39.3,39.6
474.64,38.7,39.3,39.4
475.65,38.7,39.2,39.3
476.66,38.7,39.2,39.3
477.65,38.7,39.1,39.3
478.64,38.7,39.1,39.2
479.65,38.7,39,39.1
480.67,38.6,39,39.1
481.65,38.5,39,39
482.67,38.5,39,39
483.66,38.5,38.9,38.9
484.67,38.6,39.1,39
485.66,38.7,39,39
486.67,38.9,39,39.1
487.68,38.7,39,39
488.67,38.7,39.1,39
489.66,38.7,39.1,39
490.68,38.7,39.1,39
491.68,38.7,39.1,39
492.68,38.7,39,39
493.68,38.7,39,39
494.67,38.7,39.1,39
495.68,38.8,39.1,39
496.68,38.8,39.1,39
497.69,38.8,39.1,39
498.68,38.8,39.2,39
499.69,38.9,39.2,39.1
500.68,38.9,39.3,39.1
501.7,38.9,39.2,39.2
502.69,38.9,39.4,39.2
503.69,39.4,39.7,39.7
504.7,42.1,42.7,42.3
505.69,44.7,45.7,45.7
506.71,46.3,48,48.5
507.7,45.8,48,49.2
508.69,42.9,44.9,46.7
509.7,41.4,43,44.9
510.71,40.7,42,43.5
511.7,40.4,41.4,42.6
512.71,40.3,41.1,42
513.72,41.1,41.9,42.4
514.71,41.6,42.4,42.9
515.72,41.3,42.3,42.8
516.71,41.1,42,42.6
517.71,40.8,41.7,42.3
518.72,41.4,42.3,42.7
519.71,43.1,44,44.3
520.73,44.7,45.8,46.3
521.7,44,45.4,46.5
522.73,42,43.5,45
523.73,41.1,42.1,43.5
524.73,42.1,42.9,43.7
525.73,44.1,45,45.2
526.74,42.7,44,44.4
527.73,42,43.2,44
528.71,41.9,42.8,43.5
529.73,41.5,42.3,42.9
530.74,41.3,42,42.4
531.72,41.1,41.8,42.2
532.73,41,41.6,42
533.74,41.3,41.9,42.2
534.75,42.2,42.9,43
535.75,43.2,44,44
536.74,44.3,45.4,45.8
537.75,43.7,45,45.9
538.76,42.3,43.6,44.8
539.74,41.8,42.8,43.9
540.75,42.4,43.3,44
541.76,43.9,44.8,45.3
542.75,43.8,45,45.6
543.76,42.5,43.8,44.7
544.75,42.4,43.5,44.4
545.75,42.5,43.5,44.3
546.76,43,43.9,44.5
547.77,42.5,43.4,44
548.77,41.9,42.8,43.4
549.77,41.9,42.7,43.1
550.78,42.6,43.4,43.6
551.77,43.1,44,44.2
552.77,45.1,46.1,46.4
553.76,45.8,47.3,47.6
554.77,44.1,45.8,46.7
555.78,42.9,44.5,45.7
556.78,42.4,43.8,45
557.77,42.2,43.4,44.3
558.78,42.4,43.4,44.2
559.79,43.3,44.1,44.8
560.77,44.1,45.1,45.7
561.79,43.6,44.9,45.4
562.77,43.4,44.6,45.4
563.78,44.4,45.5,46.2
564.79,46,47.1,47.7
565.78,47.6,48.9,49.7
566.8,46.5,48.4,49.5
567.78,44.7,46.6,48.1
568.79,44.1,45.7,47.4
569.8,45.6,46.9,48.1
570.79,46.7,48.1,49.1
571.79,46.3,47.9,49.3
572.8,44.8,46.4,48.1
573.79,43.8,45.3,46.8
574.81,43.2,44.3,45.5
575.79,42.9,43.8,44.7
576.8,43,44,44.6
577.81,43,43.9,44.4
578.82,43.9,44.8,45.2
579.8,45.4,46.4,46.6
580.81,46.7,48.1,48.3
581.8,45.9,47.6,48.5
582.81,44.3,45.9,47.3
583.8,43.8,45.1,46.4
584.82,43.9,45,46
585.81,44.8,45.7,46.5
586.83,45.8,47,47.6
587.82,44.6,45.9,46.7
588.83,44.4,45.6,46.6
589.81,44.8,45.8,46.7
590.82,45.1,46.1,47
591.84,44.4,45.6,46.4
592.83,43.9,45,45.8
593.82,43.8,44.7,45.5
594.83,44,45,45.6
595.82,44.4,45.4,46.1
596.83,46.5,47.6,47.9
597.85,46.5,48,48.5
598.83,45.4,47,47.9
599.84,44.5,46.1,47.2
600.85,44,45.5,46.6
601.84,43.7,45,46.1
602.85,44.2,45.4,46.2
603.84,44.8,45.9,46.6
604.84,45.3,46.4,47
605.86,44.6,45.7,46.5
606.84,44.8,45.8,46.5
607.86,45.6,46.6,46.9
608.86,47.3,48.2,48.6
609.86,48.3,49.6,50.2
610.87,47,48.6,49.6
611.86,45.2,46.8,48.1
612.87,45,46.3,47.6
613.86,46.5,47.7,48.6
614.86,47.6,49,49.8
615.86,47.5,49.2,50.2
616.86,46.1,47.9,49.4
617.87,45.5,47,48.6
618.86,44.7,46.1,47.3
619.87,44.2,45.2,46.3
620.86,44.1,45.1,45.9
621.88,44.2,45.2,45.9
622.87,45.3,46.3,46.8
623.88,46.4,47.5,48
624.89,47.1,48.6,49.2
625.87,46,47.7,48.8
626.88,44.8,46.3,47.7
627.89,44.5,45.7,47
628.88,45.1,46.3,47.1
629.89,46.5,47.6,48.3
630.88,47.5,49,49.6
631.89,45.8,47.4,48.6
632.9,45,46.4,47.6
633.88,44.9,46.1,47.4
634.89,45.3,46.3,47.3
635.9,44.7,45.8,46.7
636.91,44.2,45.1,46
637.89,44,44.9,45.7
638.9,44.6,45.2,45.9
639.89,44.9,45.9,46.5
640.9,46.5,47.6,48.2
641.91,47.3,48.7,49.3
642.91,46.1,47.8,48.9
643.9,44.9,46.6,48.1
644.91,44.3,45.8,47.3
645.9,44,45.3,46.7
646.91,44.9,46.1,47.2
647.92,45.1,46.4,47.3
648.92,45,46.3,47.3
649.91,45,46.2,47.2
650.92,44.9,46.1,47
651.92,45.7,46.7,47.5
652.92,47.5,48.6,49.3
653.93,49,50.3,51.2
654.92,47.7,49.5,50.8
655.92,46.1,48,49.6
656.93,46.2,47.9,49.4
657.94,47.9,49.4,50.7
658.92,48.7,50.3,51.6
659.93,47,48.8,50.4
660.94,45.7,47.4,49.1
661.93,44.9,46.2,47.8
662.94,44.5,45.6,46.8
663.94,44.2,45.2,46.2
664.94,44.2,45.1,45.8
665.94,44.4,45.3,45.9
666.94,45.3,46.2,46.7
667.94,46.5,47.5,48
668.95,47,48.2,48.9
669.94,45.5,46.9,48
670.94,44.5,45.8,47
671.94,44.3,45.4,46.5
672.95,44.5,45.5,46.4
673.96,46.7,47.6,48.2
674.96,47.6,48.9,49.7
675.96,46.1,47.7,48.7
676.96,45.7,47.1,48.4
677.96,45.8,47,48.2
678.95,45.3,46.5,47.5
679.96,44.5,45.5,46.5
680.96,44.3,45,45.7
681.97,45.1,45.8,46.2
682.98,45.6,46.4,46.9
683.96,46.6,47.8,48.3
684.97,48.3,49.6,50.2
685.97,46.5,48.1,49.2
686.97,44.8,46.5,48
687.97,44,45.3,46.9
688.98,43.5,44.6,45.9
689.99,43.3,44.1,45.1
690.98,43.2,43.8,44.5
691.99,43.1,43.6,44.1
692.98,43.2,43.6,43.8
693.98,43.2,43.6,43.7
694.98,43.3,43.7,43.6
695.99,43.8,44,43.9
697.0,44.8,45.3,45.1
697.98,44.9,45.5,45.5
698.99,44.1,44.9,45.2
700.0,43.4,44.1,44.6
700.99,43.1,43.7,44.1
702.0,42.9,43.4,43.7
703.0,42.8,43.2,43.4
704.0,42.7,43.1,43.2
704.99,42.7,43.1,43.1
706.01,42.6,43,43
707.0,42.7,43,43
708.01,42.7,43,42.9
708.99,42.7,43,42.9
710.0,42.8,43,42.9
711.01,42.8,43.1,42.9
712.0,42.9,43.1,42.9
713.02,43,43.2,43
714.01,43.1,43.3,43
715.0,43.2,43.4,43.1
716.02,43.4,43.6,43.3
717.03,43.7,43.8,43.5
718.02,43.7,44,43.7
719.01,43.8,44,43.8
720.02,43.8,44.1,43.9
721.03,43.8,44.1,44
722.02,43.7,44,44
723.04,43.7,44,43.9
724.03,43.6,43.9,43.8
725.02,43.5,43.9,43.8
726.03,43.6,44.1,44
727.04,43.8,44.3,44.2
728.04,43.6,44,44
729.04,43.4,43.9,43.9
730.05,43.4,43.7,43.8
731.04,43.3,43.7,43.7
732.03,43.3,43.7,43.7
733.05,43.3,43.7,43.7
734.04,43.3,43.7,43.7
735.05,43.4,43.6,43.7
736.04,43.5,43.6,43.7
737.05,43.8,44.2,44.1
738.04,44.2,44.7,44.7
739.05,44.5,45.1,45.1
740.06,44.6,45.2,45.4
741.05,44.5,45.2,45.5
742.06,44.2,44.8,45.2
743.06,44,44.6,44.9
744.06,43.8,44.4,44.7
745.05,43.8,44.3,44.5
746.06,43.7,44.2,44.4
747.07,43.7,44.3,44.3
748.06,43.7,44.2,44.4
749.07,43.6,44.1,44.3
750.08,43.5,44,44.2
751.07,43.5,43.9,44.2
752.07,43.6,44,44.1
753.08,43.5,44,44.1
754.07,43.7,44.1,44.2
755.08,43.7,44.3,44.3
756.07,43.8,44.3,44.4
757.09,44.5,45,45.1
758.07,45.4,46,46.2
759.08,46.3,47.3,47.5
760.09,46.7,47.9,48.5
761.08,47,48.5,49.3
762.09,46.4,48,49.2
763.08,45.1,46.5,48
764.09,45.2,46.2,47.5
765.1,46.3,47.3,48.1
766.09,47.4,48.6,49.2
767.1,47.5,48.8,49.7
768.11,46.1,47.6,48.8
769.1,45,46.4,47.7
770.11,44.6,45.7,46.8
771.1,44.4,45.3,46.2
772.11,44.3,45.1,45.8
773.12,44.2,45.1,45.5
774.11,44.7,45.6,46
775.12,45.4,46.3,46.6
776.11,46.9,47.8,48.2
777.12,47.6,48.9,49.7
778.11,46.5,47.9,49.3
779.12,45.3,46.6,48.2
780.11,44.9,46,47.4
781.12,45.7,46.6,47.6
782.13,48.6,49.5,50
783.12,47.1,48.6,49.4
784.13,45.9,47.4,48.6
785.12,46.2,47.3,48.3
786.13,46,47.1,48.1
787.12,45.8,46.9,47.7
788.13,45.1,46.2,47
789.14,45.1,46.1,46.8
790.13,45.1,46.3,47
791.14,45.8,46.9,47.5
792.13,46.9,48.1,48.7
793.14,48.3,49.7,50.2
794.14,47,49,49.9
795.14,45.9,47.7,49
796.14,45.2,46.7,48.1
797.15,44.7,46.1,47.4
798.16,44.9,46.1,47.1
799.15,45.6,46.6,47.4
800.15,45.9,47,47.8
801.15,45.5,46.8,47.6
802.16,45.5,46.7,47.5
803.15,45.4,46.4,47.2
804.16,46.1,47,47.6
805.15,47.5,48.5,48.9
806.15,48.7,50,50.4
807.16,47.3,49,49.9
808.15,45.9,47.4,48.8
809.16,46.3,47.6,48.9
810.17,47.8,49.1,50.2
811.17,49.2,50.9,52.1
812.15,47.6,49.5,51.3
813.16,46,47.5,49.4
814.18,45.2,46.4,48
815.16,44.8,45.7,47.1
816.17,44.7,45.5,46.6
817.18,44.6,45.4,46.2
818.17,44.9,45.7,46.3
819.16,45.2,46,46.5
820.17,45.8,46.5,47
821.18,46.4,47.3,47.7
822.19,46.6,47.6,48.1
823.18,45.5,46.6,47.3
824.19,45.5,46.4,47.1
825.19,45.8,46.7,47.3
826.19,47,47.9,48.4
827.2,46.7,47.8,48.5
828.19,45.8,47,48
829.19,45.9,47,47.8
830.2,46.5,47.4,48.1
831.19,46.6,47.6,48.2
832.2,46.2,47.3,48.1
833.19,45.4,46.4,47.1
834.2,45.6,46.4,47
835.21,45.5,46.4,47
836.19,45.6,46.6,47
837.21,47.3,48.3,48.8
838.21,49,50.2,50.8
839.21,47.4,48.9,50
840.21,46.2,47.8,49.1
841.2,45.6,47,48.3
842.21,45.5,46.7,47.9
843.22,46.1,47.3,48.1
844.22,46.5,47.7,48.3
845.21,46.6,47.8,48.6
846.22,46.8,48,48.8
847.21,46.4,47.6,48.4
848.21,46.6,47.7,48.6
849.22,48.6,49.6,50.2
850.21,50.4,51.6,52.3
851.22,49.3,51,52
852.24,47.5,49.4,50.8
853.23,47,48.6,50.1
854.24,48,49.3,50.5
855.22,49.1,50.8,51.9
856.23,48.9,50.7,52
857.24,47.9,49.7,51.3
858.24,47.1,48.7,50.3
859.24,46.7,48.1,49.6
860.23,46.1,47.4,48.7
861.24,46,47.3,48.3
862.25,45.7,47,47.9
863.24,46.5,47.6,48.4
864.25,47.5,48.6,49.2
865.25,48.5,49.7,50.5
866.24,47.9,49.5,50.4
867.25,46.6,48.1,49.4
868.26,46.1,47.4,48.6
869.25,46.8,47.7,48.6
870.26,47.7,48.7,49.5
871.25,49.6,50.8,51.3
872.26,48.9,50.5,51.3
873.25,47.7,49.3,50.6
874.26,47.7,49,50.3
875.27,48.1,49.2,50.3
876.28,46.9,48.4,49.3
877.28,46.2,47.4,48.3
878.28,46,47,47.9
879.27,46.2,47.2,47.9
880.28,47.2,48.2,48.9
881.27,48.8,50,50.6
882.28,49,50.5,51.5
883.27,47.5,49.2,50.6
884.27,46.6,48.2,49.8
885.28,46,47.4,48.9
886.29,46.2,47.4,48.7
887.28,47,48.1,49
888.26,47.6,48.7,49.6
889.29,47.1,48.3,49.3
890.28,46.4,47.6,48.7
891.3,47.2,48.1,48.9
892.28,48.9,49.8,50.4
893.3,50.6,51.7,52.5
894.28,51,52.6,53.7
895.3,48.6,50.6,52.3
896.31,47.2,48.9,50.8
897.29,47.9,49.3,50.8
898.3,50,51.3,52.5
899.31,49.7,51.5,52.7
900.3,48.2,50,51.6
901.32,47.1,48.5,50.2
902.3,46.5,47.6,49
903.31,46,47,48.1
904.3,46.1,47,47.7
905.31,46.3,47.3,47.9
906.32,47.2,48,48.6
907.32,47.7,48.9,49.3
908.32,48.7,49.9,50.6
909.33,48.5,49.9,50.6
910.3,47.2,48.7,49.7
911.33,46.7,47.8,48.9
912.32,47.2,48.2,49
913.32,48.8,49.8,50.5
914.34,51,52.3,52.7
915.33,49.1,50.9,51.9
916.32,48.4,49.9,51.3
917.32,48.4,49.8,51
918.32,48.5,49.7,51.1
919.33,47.5,48.5,49.7
920.34,46.7,47.8,48.8
921.33,46.9,48,48.6
922.35,47.1,48.1,48.8
923.33,49.3,50.6,51.1
924.35,51.4,53.1,53.7
925.34,49.6,51.6,53.1
926.35,48.1,50,51.8
927.33,47.3,48.9,50.8
928.34,46.8,48.3,49.9
929.34,47.4,48.6,49.9
930.35,48.1,49.3,50.3
931.36,48.5,49.9,50.7
932.35,47.5,48.9,49.9
933.36,47.6,48.6,49.6
934.35,48.7,49.6,50.2
935.36,50.3,51.4,52.1
936.37,51.6,53.1,53.7
937.36,50,51.9,53.1
938.37,48.2,50,51.5
939.36,48,49.4,50.8
940.37,49.6,50.7,52
941.35,48.7,50.1,51.6
942.38,46.9,48.4,50
943.35,46.6,47.6,48.9
944.38,46.4,47.3,48.3
945.36,46.7,47.5,48.3
946.37,46.6,47.4,48
947.38,46.4,47.2,47.9
948.35,46.7,47.5,47.9
949.38,47.9,48.7,49.1
950.39,49,50,50.3
951.38,50.1,51.3,51.8
952.38,49.1,50.5,51.6
953.38,47.8,49.1,50.4
954.39,47.3,48.5,49.6
955.4,47.9,48.9,49.6
956.39,49.3,50.3,51
957.4,50.7,52,52.8
958.39,49.2,50.9,52
959.39,48.8,50.4,51.5
960.4,48.9,50.3,51.4
961.41,49.2,50.6,51.6
962.4,48.2,49.6,50.7
963.41,47.6,48.9,50
964.4,47.6,48.9,49.9
965.39,47.8,48.9,49.7
966.4,48.9,50,50.8
967.4,50.6,51.8,52.5
968.39,50.2,51.8,52.7
969.42,48.9,50.6,51.7
970.42,47.9,49.6,51
971.41,47.4,49,50.3
972.4,48,49.4,50.6
973.42,48.5,49.9,50.9
974.4,48.5,50,51.1
975.42,47.9,49.3,50.6
976.42,47.6,48.7,49.9
977.42,48.5,49.3,50.2
978.43,50,51,51.5
979.42,52.1,53.4,53.6
980.43,52.1,54,54.6
981.44,49.8,52,53.4
982.43,48.7,50.6,52.3
983.44,49.7,51.3,52.8
984.44,50.6,52.3,53.7
985.44,50,51.9,53.4
986.43,47.8,49.5,51.4
987.43,46.9,48.2,49.7
988.44,46.8,47.7,49
989.45,46.8,47.6,48.4
990.44,46.7,47.5,48.1
991.45,47.1,47.6,48.3
992.46,48.2,48.9,49.3
993.45,49.4,50.3,50.5
994.45,49.9,51.1,51.7
995.45,48.7,50.1,51.2
996.46,47.7,48.9,50.2
997.45,47.5,48.5,49.6
998.45,48.3,49,49.8
999.46,49.8,50.9,51.5
1000.46,51.2,52.5,53.2
1001.43,49.2,50.8,52
1002.46,48.7,50.2,51.5
1003.45,48.9,50,51.3
1004.46,48.7,50,51.1
1005.47,47.8,48.9,49.9
1006.46,47.2,48.2,49.1
1007.48,48,48.9,49.6
1008.46,48.7,49.8,50.5
1009.48,50.9,52.1,52.7
1010.47,51.9,53.6,54.5
1011.48,49.7,51.7,53.2
1012.47,48.4,50.2,52.1
1013.48,47.7,49.2,50.9
1014.49,47.8,49,50.4
1015.47,48.5,49.5,50.6
1016.48,48.8,49.9,50.9
1017.49,48.4,49.6,50.6
1018.48,48.1,49,49.9
1019.49,48.2,49.1,49.9
1020.5,49.5,50.3,50.8
1021.49,51.4,52.4,53
1022.5,52.9,54.2,55.3
1023.49,51.7,53.8,54.9
1024.5,49.7,51.8,53.6
1025.49,49.5,51.1,53
1026.51,51.1,52.5,53.9
1027.51,50.6,52.3,53.7
1028.51,49.3,51.1,52.8
1029.5,48.9,50.5,52.1
1030.51,48.5,49.7,51.1
1031.52,48.1,49.2,50.3
1032.51,47.8,49,49.6
1033.52,47.6,48.5,49.2
1034.51,48.3,49.1,49.6
1035.51,49.6,50.3,50.7
1036.52,50.3,51.3,51.9
1037.51,50.9,52.2,53.2
1038.52,49.6,51.1,52.4
1039.51,48.4,49.8,51.3
1040.5,48.6,49.9,51.1
1041.53,49,50.2,51.3
1042.52,51.1,52.3,53.1
1043.52,50.8,52.6,53.4
1044.53,49.3,51,52.4
1045.52,49.3,50.8,52.1
1046.53,49.3,50.6,51.8
1047.54,48.3,49.6,50.9
1048.54,47.9,49.1,50.2
1049.53,48.2,49.2,50
1050.54,48.6,49.5,50.3
1051.55,49.2,50.4,51
1052.53,51.1,52.5,53
1053.55,50.8,52.4,53.3
1054.53,49.4,51,52.4
1055.54,48.4,50,51.4
1056.55,48,49.3,50.6
1057.55,47.9,49,50.1
1058.55,48.3,49.3,50.2
1059.55,49.2,50.3,50.9
1060.55,49.5,50.8,51.3
1061.55,48.8,50.1,51
1062.56,48.8,49.9,50.8
1063.57,49.9,50.9,51.6
1064.55,51.5,52.6,53.2
1065.56,52.9,54.6,55.3
1066.57,52.2,54.5,55.6
1067.56,50.4,52.7,54.5
1068.56,49.9,51.7,53.7
1069.56,50.9,52.2,53.9
1070.56,51.9,53.4,54.7
1071.57,50.6,52.4,53.9
1072.56,49.7,51.3,52.9
1073.57,49,50.4,51.9
1074.58,48.5,49.8,51.1
1075.57,48.3,49.5,50.5
1076.58,48,49.3,50.2
1077.57,48.6,49.6,50.5
1078.58,49.2,50.3,51
1079.59,50.2,51.4,52.2
1080.58,50.6,52.1,53.2
1081.59,49.4,51,52.4
1082.6,48.5,49.9,51.4
1083.58,48.7,49.9,51.2
1084.6,49.9,51,52
1085.6,51.3,52.7,53.5
1086.59,50.2,51.9,53
1087.6,49,50.6,52
1088.59,49,50.2,51.5
1089.6,49.1,50.3,51.3
1090.59,49.1,50.2,51
1091.6,48.4,49.6,50.4
1092.61,48,49.1,50
1093.59,48.4,49.5,50.3
1094.6,49,50.3,50.8
1095.62,50.4,51.6,52.1
1096.6,51,52.6,53.4
1097.62,50.6,52.3,53.5
1098.62,49.2,50.8,52.3
1099.61,48.4,49.8,51.3
1100.62,48,49.3,50.6
1101.61,48.3,49.4,50.4
1102.62,49,50.1,50.8
1103.62,49.6,51,51.5
1104.62,49.1,50.3,51.1
1105.63,48.4,49.5,50.5
1106.6,49.3,50.1,50.8
1107.63,51,51.9,52.4
1108.62,52.9,54.1,54.5
1109.63,53.1,55,55.6
1110.64,51,53.1,54.5
1111.63,49.6,51.6,53.4
1112.64,50.6,52.2,53.8
1113.63,51.6,53.1,54.5
1114.64,50.9,52.7,54.2
1115.63,49.2,50.8,52.5
1116.64,48.3,49.6,51.4
1117.65,47.9,48.8,50
1118.64,47.8,48.6,49.5
1119.65,47.6,48.4,49.2
1120.64,48.1,48.9,49.5
1121.65,48.7,49.5,49.9
1122.64,49.5,50.4,50.9
1123.66,50.1,51.2,52
1124.64,49.1,50.3,51.5
1125.66,48.1,49.3,50.5
1126.65,47.8,48.8,49.9
1127.66,48.1,48.9,49.7
1128.65,49.2,50,50.7
1129.66,50.8,51.8,52.3
1130.65,49.9,51.3,52
1131.66,49.1,50.4,51.4
1132.65,49.2,50.4,51.3
1133.67,49.5,50.5,51.4
1134.68,48.7,49.9,50.6
1135.66,48.2,49.2,49.9
1136.67,48.2,49.2,49.8
1137.68,48.1,49,49.6
1138.67,49.3,50.2,50.7
1139.68,51.1,52.3,52.6
1140.68,51.7,53.2,53.7
1141.68,50,51.8,53
1142.65,48.9,50.6,52
1143.68,48.3,49.6,51
1144.68,48.7,49.9,50.9
1145.68,49.5,50.6,51.4
1146.69,50.3,51.6,52.3
1147.68,49.4,50.7,51.6
1148.69,48.9,50.1,51
1149.7,49.7,50.8,51.5
1150.69,51.7,52.7,53.3
1151.68,54.6,56,56.6
1152.7,52.3,54.4,55.6
1153.69,50.3,52.4,54
1154.7,49.3,51.1,52.8
1155.71,50,51.3,52.9
1156.71,51,52.4,53.5
1157.7,50.9,52.4,53.6
1158.71,50,51.6,52.9
1159.71,49.3,50.7,52.3
1160.7,48.7,50,51.3
1161.71,48.1,49.2,50.3
1162.72,48.3,49.3,50
1163.71,48.5,49.6,50.2
1164.72,49.5,50.6,51.2
1165.7,50.4,51.6,52
1166.72,50.5,51.8,52.7
1167.71,49.4,50.8,52.1
1168.72,48.6,49.8,51.2
1169.71,48.6,49.6,50.9
1170.72,48.7,49.5,50.3
1171.71,49.7,50.6,51.1
1172.72,51,52.2,52.5
1173.73,50.3,51.7,52.4
1174.74,50.1,51.4,52.4
1175.73,50.1,51.4,52.4
1176.73,50,51.1,52.1
1177.74,49,50.2,51.3
1178.73,48.3,49.3,50.3
1179.74,48,49,49.8
1180.74,48.1,48.9,49.6
1181.74,49.5,50.4,51
1182.74,51.1,52.2,52.7
1183.73,51.5,53,53.8
1184.74,50,51.8,53
1185.75,49,50.7,52.2
1186.74,48.5,50,51.5
1187.75,48.7,50.1,51.4
1188.75,49.3,50.6,51.6
1189.76,50.1,51.4,52.3
1190.74,49.6,51,52
1191.76,48.8,50.1,51.4
1192.77,49.3,50.3,51.3
1193.75,50.9,51.9,52.4
1194.77,52.9,54.1,54.5
1195.76,52.8,54.5,55.1
1196.77,50.7,52.7,54
1197.78,49.7,51.4,52.9
1198.77,50.5,51.9,53.2
1199.78,51.3,52.9,54
1200.74,51.3,53,54.4
1201.77,50.6,52.2,53.8
1202.77,49.9,51.3,53
1203.77,49.4,50.5,52.3
1204.79,48.8,49.9,51.4
1205.77,48.5,49.6,51
1206.78,48.7,49.8,50.9
1207.79,49.9,50.9,51.7
1208.78,50.3,51.4,52.2
1209.79,50.7,51.8,52.7
1210.78,49.9,51.1,52.3
1211.79,48.9,50.1,51.3
1212.79,48.9,49.9,50.9
1213.8,49.3,50.3,51.1
1214.79,50,50.9,51.7
1215.8,52,53.1,53.7
1216.79,50.4,52,52.9
1217.8,49.6,50.9,52.4
1218.81,49.3,50.5,51.8
1219.79,49.2,50.5,51.8
1220.8,49,50.1,51.2
1221.81,48.3,49.5,50.5
1222.82,48.1,49.1,50
1223.8,48.4,49.5,50.1
1224.81,50.1,51.3,51.7
1225.82,52.5,53.9,54.4
1226.81,52.8,54.8,55.8
1227.82,51,53.2,54.8
1228.81,49.8,51.7,53.8
1229.81,49,50.7,52.7
1230.82,49.8,51.2,52.6
1231.81,50,51.3,52.5
1232.82,50,51.3,52.4
1233.83,49.6,50.7,51.8
1234.83,49.3,50.4,51.4
1235.83,50,50.9,51.8
1236.83,51.6,52.5,53.1
1237.83,53.5,54.7,55.3
1238.83,53.9,55.7,56.6
1239.84,51.2,53.2,54.9
1240.82,49.9,51.7,53.5
1241.84,50.5,51.9,53.6
1242.84,52,53.3,54.8
1243.84,51.8,53.4,54.9
1244.83,50.3,51.9,53.6
1245.85,49.1,50.7,52.2
1246.85,48.7,49.8,51.2
1247.84,48.4,49.4,50.5
1248.84,48.2,49.1,50.1
1249.85,48.7,49.6,50.3
1250.84,49.3,50.2,50.8
1251.85,50.3,51.2,51.8
1252.86,51.4,52.4,53.2
1253.85,50.2,51.5,52.7
1254.86,49.6,50.8,52
1255.85,50,51.1,52.2
1256.86,50,51,52.1
1257.85,50.3,51.4,52.3
1258.86,49.4,50.6,51.6
1259.86,49.5,50.5,51.5
1260.86,50.3,51.3,52.1
1261.86,50.9,52,52.9
1262.87,50,51.3,52.3
1263.86,49.1,50.3,51.4
1264.87,48.6,49.7,50.6
1265.88,48.8,49.8,50.6
1266.86,49.2,50.1,50.8
1267.88,51.4,52.4,52.9
1268.87,53.4,54.8,55.2
1269.88,52.5,54.4,55.3
1270.89,50.5,52.6,54.2
1271.88,49.5,51.4,53
1272.88,49.3,50.8,52.3
1273.89,49.8,51.1,52.3
1274.88,50.5,51.7,52.7
1275.88,50.2,51.5,52.5
1276.89,49.6,51,51.9
1277.9,49.9,50.9,51.8
1278.88,51.2,52.3,52.9
1279.9,52.9,54.2,54.8
1280.88,53.9,56,56.6
1281.9,53,55.3,56.7
1282.88,51.3,53.4,55.3
1283.89,50.6,52.3,54.4
1284.91,51.2,52.6,54.3
1285.91,51.9,53.3,54.6
1286.9,51.6,53.1,54.6
1287.91,51.1,52.7,53.9
1288.9,50.5,52,53.2
1289.91,49.5,50.9,52.3
1290.9,49.2,50.5,51.6
1291.91,48.9,50.2,51.2
1292.9,49.6,50.7,51.7
1293.91,50,51.1,52
1294.9,51.3,52.4,53.3
1295.93,51.1,52.6,53.6
1296.92,49.6,51,52.5
1297.93,49,50.2,51.5
1298.92,49.4,50.4,51.5
1299.92,50.2,51.1,52.1
1300.94,51.9,53,53.8
1301.93,50.7,52.1,53.2
1302.94,50,51.4,52.7
1303.93,50.2,51.5,52.7
1304.94,49.8,51.1,52.2
1305.93,49.3,50.6,51.9
1306.94,49.4,50.5,51.7
1307.92,49.1,50.2,51.2
1308.93,48.9,50,50.9
1309.93,50.7,51.7,52.4
1310.94,52.8,54,54.5
1311.93,52.1,53.8,54.7
1312.94,50.6,52.3,53.8
1313.95,49.7,51.3,52.9
1314.94,49.2,50.5,52
1315.96,50.1,51.1,52.2
1316.96,50.7,51.8,52.6
1317.95,50.5,51.9,52.7
1318.96,49.9,51.2,52.1
1319.95,50.2,51.2,52.1
1320.96,51.5,52.5,53.3
1321.95,53.1,54.2,55.3
1322.94,54.4,55.9,57.1
1323.96,52.4,54.4,56.4
1324.96,50.7,52.7,54.6
1325.95,50.3,51.9,53.7
1326.96,51.2,52.6,54
1327.98,51.8,53.3,54.4
1328.97,51.5,53.1,54.4
1329.98,50.7,52.3,53.8
1330.97,50.1,51.6,53
1331.97,49.4,50.7,52.2
1332.97,49,50.2,51.4
1333.98,48.7,49.7,50.8
1334.97,48.5,49.4,50.3
1335.98,48.9,49.7,50.5
1336.99,49.9,50.8,51.2
1337.98,51,51.9,52.5
1338.99,51.2,52.3,53.1
1339.98,49.9,51.1,52.4
1340.98,49.2,50.3,51.6
1341.99,49.5,50.5,51.5
1342.98,50.1,50.9,51.8
1343.99,51.1,52.1,52.8
1344.98,51.1,52.3,53.1
1345.99,50.2,51.5,52.6
1347.0,49.6,50.8,51.9
1348.01,49.2,50.2,51.2
1349.0,49,49.9,50.7
1350.01,48.8,49.7,50.5
1351.0,49,49.7,50.3
1352.01,48.7,49.6,50.1
1353.0,48.5,49.3,49.9
1354.01,48.2,49,49.6
1355.02,48,48.7,49.2
1356.02,47.9,48.5,49
1357.01,47.7,48.3,48.8
1358.02,47.6,48.2,48.5
1359.02,47.5,48,48.3
1360.03,47.4,47.9,48.2
1361.02,47.2,47.7,47.9
1362.01,47.1,47.5,47.7
1363.02,47,47.4,47.6
1364.03,47,47.4,47.4
1365.02,47,47.3,47.4
1366.03,47,47.3,47.3
1367.03,47,47.2,47.3
1368.03,46.9,47.2,47.2
1369.03,46.9,47.1,47.2
1370.03,46.8,47.1,47.1
1371.03,46.8,47.1,47.1
1372.04,46.8,47,47
1373.05,46.8,47,47
1374.03,46.7,47,47
1375.04,46.7,47,47
1376.03,46.7,47,47
1377.04,46.7,47,46.9
1378.03,46.6,46.9,46.9
1379.05,46.6,46.8,46.8
1380.04,46.5,46.8,46.8
1381.06,46.4,46.7,46.7
1382.04,46.4,46.7,46.7
1383.06,46.3,46.6,46.6
1384.05,46.2,46.5,46.5
1385.06,46.1,46.5,46.5
1386.05,46.1,46.4,46.4
1387.06,46.1,46.4,46.4
1388.07,46.1,46.4,46.4
1389.06,46.1,46.3,46.4
1390.07,46.1,46.4,46.3
1391.06,46.1,46.4,46.3
1392.08,46.1,46.4,46.3
1393.07,46.1,46.3,46.3
1394.08,46,46.3,46.3
1395.07,46,46.2,46.2
1396.08,45.9,46.1,46.1
1397.07,45.8,46.1,46.1
1398.08,45.8,46.1,46.1
1399.07,45.8,46.1,46.1
1400.09,45.8,46.1,46.1
1401.08,45.8,46.1,46
1402.09,45.8,46.1,46
1403.08,45.8,46.1,46
1404.09,45.8,46,46
1405.08,45.8,46,45.9
1406.09,45.8,46,45.9
1407.1,45.8,45.9,45.9
1408.09,45.8,45.9,45.9
1409.1,45.7,45.9,45.9
1410.11,45.6,45.8,45.8
1411.09,45.5,45.8,45.8
1412.1,45.5,45.8,45.8
1413.11,45.5,45.8,45.8
1414.1,45.4,45.8,45.7
1415.1,45.4,45.7,45.7
1416.11,45.4,45.7,45.6
1417.1,45.5,45.6,45.6
1418.11,45.5,45.7,45.6
1419.12,45.5,45.7,45.6
1420.12,45.5,45.7,45.6
1421.11,45.5,45.7,45.6
1422.12,45.5,45.7,45.6
1423.11,45.5,45.7,45.6
1424.11,45.4,45.7,45.6
1425.12,45.4,45.6,45.6
1426.13,45.3,45.6,45.5
1427.12,45.3,45.5,45.5
1428.12,45.2,45.5,45.5
1429.13,45.2,45.5,45.5
1430.1,45.2,45.5,45.4
1431.13,45.1,45.4,45.4
1432.14,45,45.3,45.3
1433.13,45,45.3,45.2
1434.14,44.9,45.2,45.2
1435.15,44.9,45.2,45.2
1436.14,44.9,45.2,45.2
1437.13,44.8,45.2,45.2
1438.15,44.8,45.1,45.1
1439.14,44.9,45.1,45.1
1440.15,44.9,45.1,45.1
1441.14,44.9,45.2,45.1
1442.16,44.8,45.1,45.1
1443.14,44.9,45.2,45.1
1444.15,44.9,45.1,45.1
1445.16,44.8,45.1,45.1
1446.15,44.9,45.1,45
1447.15,44.8,45,45
1448.16,44.8,45,45
1449.15,44.7,45,45
1450.16,44.7,45,44.9
1451.17,44.7,44.9,44.9
1452.16,44.6,44.9,44.9
1453.18,44.6,44.9,44.8
1454.17,44.5,44.8,44.8
1455.17,44.5,44.8,44.8
1456.16,44.4,44.7,44.7
1457.17,44.4,44.7,44.7
1458.18,44.5,44.7,44.7
1459.17,44.5,44.7,44.7
1460.17,44.5,44.7,44.7
1461.16,44.5,44.7,44.7
1462.19,44.5,44.8,44.7
1463.17,44.6,44.8,44.7
1464.16,44.6,44.8,44.7
1465.18,44.5,44.8,44.7
1466.19,44.5,44.8,44.7
1467.18,44.5,44.7,44.7
1468.19,44.5,44.7,44.7
1469.16,44.4,44.7,44.6
1470.2,44.3,44.6,44.6
1471.19,44.3,44.6,44.6
1472.2,44.3,44.6,44.5
1473.19,44.2,44.5,44.5
1474.19,44.1,44.4,44.4
1475.19,44,44.3,44.3
1476.2,44,44.3,44.3
1477.21,44,44.3,44.3
1478.21,44,44.3,44.3
1479.19,44,44.3,44.2
1480.21,44,44.3,44.2
1481.2,44,44.3,44.2
1482.21,44,44.3,44.2
1483.2,44,44.3,44.2
1484.22,44,44.3,44.2
1485.21,44,44.3,44.2
1486.23,44,44.3,44.2
1487.21,44,44.2,44.2
1488.23,44,44.3,44.2
1489.22,44,44.2,44.2
1490.22,44,44.2,44.2
1491.23,43.9,44.1,44.1
1492.22,43.9,44.1,44.1
1493.23,43.8,44.1,44
1494.23,43.7,44,44
1495.24,43.7,44,44
1496.23,43.6,43.9,44
1497.24,43.6,43.9,43.9
1498.23,43.6,43.9,43.9
1499.24,43.6,43.8,43.8
1500.24,43.6,43.8,43.8
1501.24,43.5,43.8,43.8
1502.25,43.6,43.8,43.8
1503.24,43.6,43.8,43.8
1504.25,43.6,43.8,43.8
1505.25,43.6,43.8,43.8
1506.24,43.5,43.8,43.7
1507.25,43.6,43.8,43.8
1508.24,43.7,44,44
1509.25,43.7,44,44
1510.26,43.8,44.1,44
1511.24,43.7,44.1,44
1512.26,43.9,44.3,44.4
1513.26,44.3,44.7,44.8
1514.27,44.6,45.1,45.2
1515.26,45.2,45.7,45.9
1516.27,45.8,46.5,46.8
1517.25,46.4,47.3,47.7
1518.26,46.8,47.8,48.4
1519.25,47.1,48.3,49
1520.26,47.6,48.7,49.5
1521.28,46.5,48.1,49.1
1522.27,45.7,47.2,48.6
1523.28,45.3,46.7,48
1524.27,45.4,46.6,47.8
1525.28,45.8,47,48
1526.27,45.3,46.5,47.6
1527.28,45.5,46.5,47.4
1528.29,46.1,47,47.8
1529.28,47.1,48,48.6
1530.29,48.6,49.7,50.4
1531.28,50.3,51.7,52.6
1532.29,48.6,50.3,51.9
1533.28,47,48.7,50.6
1534.29,47.3,49,50.6
1535.29,48.9,50.3,51.7
1536.28,49.3,51,52.4
1537.31,47.7,49.5,51.2
1538.31,46,47.6,49.4
1539.3,45.7,47,48.6
1540.31,45.4,46.4,47.6
1541.3,45.4,46.2,47.1
1542.31,45.8,46.7,47.3
1543.29,46.6,47.5,48
1544.31,47.7,48.7,49.2
1545.32,48.7,50,50.7
1546.31,49.6,51.3,52.1
1547.3,48.1,50,51.1
1548.31,47.5,49.2,50.7
1549.33,46.9,48.4,49.9
1550.32,47.9,49.2,50.6
1551.33,50.2,51.7,52.6
1552.32,48.9,50.9,52
1553.31,48.4,50.2,51.7
1554.33,48.3,49.6,51.3
1555.32,48.4,49.6,51.3
1556.33,47.9,49.2,50.8
1557.32,46.7,47.9,49.6
1558.33,46.5,47.7,49.2
1559.32,46.7,48,49.2
1560.34,47.5,48.9,50
1561.32,49.3,50.8,51.9
1562.34,49.3,51.1,52.7
1563.33,47.8,49.8,51.7
1564.34,46.8,48.6,50.7
1565.33,46.1,47.7,49.7
1566.34,46,47.3,49
1567.35,46.4,47.6,48.9
1568.34,47,48.1,49.2
1569.35,46.7,47.8,48.7
1570.36,46.7,47.8,48.7
1571.35,47.4,48.4,49.3
1572.34,48.5,49.6,50.5
1573.35,50.1,51.6,52.7
1574.36,51.1,53.3,54.7
1575.35,49.5,51.6,53.4
1576.36,48.2,50.3,52.3
1577.36,48.8,50.3,52.4
1578.36,49.8,51.2,52.8
1579.35,49.5,51,52.5
1580.36,48.2,49.7,51.2
1581.36,47.6,48.9,50.2
1582.37,47.2,48.4,49.5
1583.37,46.9,48,49
1584.37,47,47.9,48.9
1585.37,47.1,48.1,48.9
1586.38,48.1,49,49.7
1587.38,48.8,49.9,50.5
1588.38,49.7,50.7,51.5
1589.37,49.5,50.8,52
1590.38,48.1,49.6,50.9
1591.39,47.6,49.1,50.5
1592.38,47.1,48.3,49.7
1593.39,49.7,50.9,51.9
1594.38,51.2,52.7,53.4
1595.39,49.4,51.4,52.6
1596.38,48.4,50,51.8
1597.39,48.5,49.8,51.3
1598.4,48.8,50,51.2
1599.39,48.3,49.6,50.7
1600.39,47.5,48.7,49.6
1601.4,47.6,48.7,49.7
1602.39,47.9,49.1,49.9
1603.4,49.4,50.8,51.6
1604.39,50.2,51.8,52.9
1605.41,49.6,51.6,53.1
1606.4,48.3,50.3,52.1
1607.41,47.7,49.4,51.3
1608.4,47.2,48.8,50.6
1609.41,47.3,48.6,50.2
1610.4,47.5,48.8,50
1611.42,47.7,48.9,50
1612.4,48,49.1,50.2
1613.41,48.2,49.2,50.2
1614.43,49.2,50.1,50.8
1615.41,50.6,51.6,52.5
1616.43,52.1,53.3,54.6
1617.41,50.7,52.5,54.3
1618.41,49.1,51,52.9
1619.42,49.1,50.6,52.6
1620.43,50.1,51.5,53.1
1621.42,50.2,51.7,53.4
1622.43,49.4,51,52.9
1623.43,48.5,50,51.8
1624.42,47.8,49.3,51
1625.43,47.4,48.6,50
1626.44,47.3,48.5,49.5
1627.43,47.4,48.6,49.5
1628.44,48.5,49.6,50.4
1629.44,49.4,50.6,51.3
1630.43,50.4,51.8,52.7
1631.44,50.4,52.1,53.2
1632.45,48.8,50.5,52
1633.44,48.5,50,51.5
1634.44,48.6,49.9,51.3
1635.45,50.6,52,53
1636.45,52.1,53.7,54.6
1637.46,49.9,52,53.5
1638.46,49.7,51.5,53.2
1639.46,49.9,51.5,53
1640.46,48.6,50,51.7
1641.45,48.2,49.4,50.8
1642.46,47.7,48.7,49.9
1643.47,47.9,48.8,49.8
1644.45,48.5,49.6,50.4
1645.47,49.8,51.1,51.9
1646.46,51.3,52.9,53.6
1647.47,51.4,53.3,54.4
1648.46,49.6,51.8,53.3
1649.47,48.7,50.8,52.4
1650.48,48.3,50.2,51.9
1651.46,48.3,50,51.6
1652.46,48.4,50,51.5
1653.47,48.3,49.9,51.3
1654.48,48.9,50.1,51.3
1655.48,48.8,50,51.1
1656.47,49.7,50.8,51.9
1657.48,51.1,52.2,53.2
1658.48,52.8,54.1,55.2
1659.49,52.2,54.1,55.4
1660.48,50.1,52.2,54.2
1661.49,49.6,51.6,53.5
1662.48,50.7,52.4,54
1663.49,51.3,53.1,54.7
1664.49,51,52.9,54.7
1665.49,49.6,51.4,53.3
1666.5,49,50.6,52.1
1667.49,48.3,49.5,51
1668.51,48,49.2,50.3
1669.49,48.2,49.5,50.4
1670.51,49.1,50.3,51.2
1671.49,49.8,50.9,51.7
1672.5,50.7,52.1,53
1673.5,51.8,53.4,54.6
1674.51,50.2,52.1,53.4
1675.51,49.6,51.5,53
1676.52,48.8,50.4,52
1677.51,50.2,51.6,53
1678.52,52.5,53.9,55
1679.51,50.5,52.4,54
1680.53,49.9,51.4,53.2
1681.51,50.5,51.9,53.3
1682.53,51.2,52.6,54
1683.52,49.5,51.2,52.6
1684.53,48.6,50.1,51.4
1685.53,48.5,49.7,51
1686.52,49.3,50.6,51.7
1687.53,51.3,52.8,53.8
1688.53,52.3,54.1,55.4
1689.54,50.9,53,54.9
1690.53,50.2,52.2,53.9
1691.54,49.4,51.4,53.4
1692.53,48.8,50.6,52.6
1693.54,48.9,50.3,52
1694.54,49.3,50.6,52
1695.55,49.6,50.8,52
1696.54,49.6,50.7,51.7
1697.54,50.2,51.2,52.3
1698.55,51.4,52.4,53.6
1699.54,52.8,54.3,55.8
1700.56,53.2,55.5,57.4
1701.55,51.4,53.6,55.8
1702.54,49.9,51.9,54.2
1703.55,50.9,52.4,54.4
1704.55,51.6,53,54.9
1705.56,50.9,52.4,54.2
1706.57,50,51.5,53.3
1707.55,49.4,50.7,52.3
1708.57,48.5,49.7,51.1
1709.56,48.3,49.3,50.6
1710.55,48.6,49.7,50.7
1711.56,49.7,50.8,51.6
1712.57,50.7,51.8,52.3
1713.56,51.4,52.6,53.7
1714.57,51.7,53.1,54.7
1715.56,50.2,51.9,53.7
1716.57,50.2,51.7,53.4
1717.58,50,51.5,53
1718.59,51.1,52.5,53.8
1719.59,52.9,54.5,55.5
1720.58,51.4,53.3,54.8
1721.59,51,52.6,54.2
1722.58,51.1,52.4,54.1
1723.59,51.1,52.5,54
1724.58,50.6,51.9,53.4
1725.59,49.5,50.7,52.2
1726.6,50.1,51.3,52.5
1727.59,50.4,51.8,52.9
1728.6,52.1,53.7,54.6
1729.57,53.2,55.1,56.2
1730.6,51.7,54.1,56.1
1731.6,50.9,53,54.5
1732.6,50.2,52.2,54
1733.59,49.6,51.4,53.3
1734.61,49.6,51,52.8
1735.6,49.7,51,52.4
1736.61,49.9,51,52.1
1737.62,49.9,51,51.9
1738.6,50.6,51.4,52.5
1739.61,51.6,52.5,53.5
1740.61,53.2,54.4,55.4
1741.62,53.4,55.2,56.5
1742.6,51,53.1,54.9
1743.62,50,51.7,53.7
1744.61,51.2,52.4,54.3
1745.62,51.7,53.2,54.8
1746.61,50.7,52.2,53.7
1747.63,49.7,51.1,52.4
1748.63,49.6,50.5,51.8
1749.63,49,50,51
1750.63,48.9,49.9,50.6
1751.61,49.1,50.2,50.8
1752.63,50.3,51.3,51.8
1753.64,51.2,52.4,52.8
1754.63,52.5,53.8,54.7
1755.63,52.8,54.3,55.5
1756.64,51.2,53,54.3
1757.63,50.3,52,53.4
1758.63,49.8,51.3,52.7
1759.65,52.6,53.7,54.7
1760.64,53.4,54.9,55.8
1761.65,51.6,53.3,54.6
1762.64,51.7,53.2,54.5
1763.65,51.7,53,54.3
1764.64,51.4,52.7,54
1765.65,50.9,52.2,53.5
1766.64,49.9,51.1,52.1
1767.64,49.6,50.8,51.7
1768.66,49.4,50.7,51.5
1769.66,51.5,52.7,53.2
1770.65,52.6,54.2,54.9
1771.66,51.9,54,55.1
1772.65,50.7,52.5,54.1
1773.66,50.2,52,53.7
1774.67,49.7,51.3,53.2
1775.67,49.2,50.5,52.1
1776.65,49.7,50.6,51.8
1777.68,49.6,50.6,51.5
1778.66,49.9,50.8,51.4
1779.66,50.4,51.3,52
1780.67,51.5,52.7,53.4
1781.68,53.4,54.8,55.9
1782.68,54,56.4,58
1783.67,51.8,54.3,56.3
1784.68,50.4,52.5,54.8
1785.68,51.5,53,55.1
1786.69,53,54.7,56.5
1787.67,52.3,54.2,56.1
1788.69,51.1,52.8,54.9
1789.68,50.4,51.7,53.8
1790.69,49.8,50.9,52.7
1791.69,49.6,50.6,52
1792.69,49.8,50.8,51.9
1793.7,50.5,51.5,52.4
1794.69,51.3,52.4,53.2
1795.7,52.4,53.6,54.4
1796.69,53.5,55,56.2
1797.7,52.3,54,55.4
1798.69,51.5,53.3,54.7
1799.7,50.9,52.5,54
1800.71,51.2,52.6,54
1801.7,53.1,54.4,55.6
1802.72,53.3,55,56
1803.7,51.7,53.5,55
1804.71,51.6,53,54.6
1805.72,52,53.3,54.8
1806.71,51.6,53,54.4
1807.72,50.3,51.6,53.1
1808.71,49.5,50.8,52.1
1809.69,49.7,50.8,52
1810.72,50.4,51.5,52.6
1811.72,51.8,53,53.9
1812.73,53.2,54.6,55.5
1813.72,52.4,54.3,55.5
1814.74,50.9,52.9,54.5
1815.72,50.3,52.3,53.7
1816.73,50.2,51.9,53.5
1817.74,50.3,52,53.3
1818.73,50.6,52.3,53.5
1819.73,50.6,52,53.3
1820.74,50.5,51.7,53
1821.73,51.5,52.5,53.7
1822.74,52.9,54,54.9
1823.73,54,55.4,56.5
1824.74,54.3,56,57.4
1825.74,52.1,54.1,55.9
1826.75,51.8,53.5,55.4
1827.74,52.7,54.2,56
1828.75,52.9,54.7,56.3
1829.75,51.8,53.7,55.5
1830.76,51.2,52.8,54.8
1831.75,50.6,51.9,53.7
1832.74,49.9,51.2,52.6
1833.75,49.5,50.5,51.7
1834.76,49.7,50.7,51.6
1835.77,50.3,51.3,52
1836.76,51.2,52.3,52.9
1837.77,51.7,53.1,53.5
1838.76,53,54.3,55.1
1839.77,52.9,54.6,55.6
1840.76,51.5,53.1,54.4
1841.77,51.1,52.7,53.8
1842.77,51.5,52.9,54
1843.78,52.4,53.8,54.9
1844.77,53.4,55,56
1845.77,52,53.6,55.1
1846.77,51.5,52.9,54.3
1847.77,52,53.2,54.6
1848.78,52,53.3,54.6
1849.77,51.7,53,54.4
1850.78,50.5,51.9,53.2
1851.79,50.6,52,53.2
1852.78,50.9,52.2,53.3
1853.79,52.1,53.5,54.6
1854.79,52.9,54.4,55.7
1855.8,52.8,54.4,56
1856.79,51.5,53.3,54.8
1857.8,51,52.8,54.2
1858.79,50.7,52.4,53.9
1859.8,50.6,52.2,53.7
1860.81,50.6,52.1,53.4
1861.79,50.5,51.8,53.1
1862.81,50.8,52,53
1863.8,51.1,52.2,53.1
1864.78,52.5,53.6,54.4
1865.81,54.4,55.8,56.6
1866.81,56.1,58.2,59.2
1867.8,53.6,56.2,58.1
1868.82,52.1,54.4,56.7
1869.81,52.7,54.3,56.6
1870.82,54.2,55.6,57.5
1871.81,52.8,54.3,56.2
1872.83,51.5,53,54.9
1873.81,51.3,52.6,54.3
1874.81,50.6,51.7,53.2
1875.81,50,51.1,52.4
1876.82,50.1,51.1,52.1
1877.83,50.8,51.8,52.7
1878.82,51.8,53,53.8
1879.83,53.1,54.4,55.2
1880.82,54.4,56.1,57.2
1881.84,52.7,54.6,56.1
1882.83,51.8,53.6,55.2
1883.83,51.3,53,54.6
1884.83,51.8,53.1,54.6
1885.83,54,55.4,56.4
1886.81,52.9,54.6,55.9
1887.83,51.9,53.6,55.1
1888.85,52.4,53.7,55.1
1889.83,52.9,54.3,55.6
1890.85,52.1,53.4,55.1
1891.84,50.7,52,53.6
1892.85,50.1,51.3,52.6
1893.86,50.5,51.5,52.7
1894.84,51.4,52.6,53.6
1895.86,53.1,54.4,55.3
1896.85,53.7,55.5,56.9
1897.86,51.9,54,55.6
1898.85,51.3,53.2,54.9
1899.86,50.7,52.6,54.4
1900.87,50.5,52.1,53.8
1901.86,50.8,52.2,53.7
1902.86,51,52.3,53.7
1903.87,51.3,52.5,53.6
1904.86,52,53.1,54.1
1905.87,52.9,53.9,54.9
1906.86,54.4,55.6,56.7
1907.88,55.9,57.7,59
1908.87,54.2,56.4,58.1
1909.88,52.4,54.6,56.7
1910.88,52.8,54.5,56.5
1911.87,54.4,56.1,57.7
1912.88,53.3,55,56.8
1913.87,51.8,53.5,55.4
1914.88,51,52.5,54.2
1915.89,50.6,51.8,53.3
1916.88,50.1,51.2,52.3
1917.89,50.3,51.4,52.1
1918.89,50.7,51.7,52.4
1919.89,52.1,53.2,53.8
1920.89,52.7,53.9,54.6
1921.89,54,55.5,56.5
1922.9,53.6,55.5,56.7
1923.9,52.3,54.1,55.8
1924.89,51.7,53.5,55.1
1925.9,51.8,53.1,54.6
1926.9,53.6,54.9,55.9
1927.9,54.2,56,56.7
1928.91,52.9,54.6,55.9
1929.92,53.1,54.7,56.1
1930.9,53.3,54.7,56.4
1931.92,52.8,54.2,55.8
1932.9,51.9,53.3,54.7
1933.92,51.2,52.5,53.8
1934.9,51.4,52.7,53.8
1935.92,51.9,53.2,54.3
1936.91,53.6,55,56
1937.92,54.4,56.2,57.5
1938.91,53.1,55.2,57.1
1939.92,52.5,54.4,56.1
1940.91,51.8,53.6,55.5
1941.92,51,52.7,54.7
1942.93,51.3,52.6,54.4
1943.94,51.8,53.2,54.4
1944.93,52.1,53.3,54.4
1945.93,52.1,53,54
1946.94,52.8,53.7,54.8
1947.93,54,55.1,56.1
1948.94,54.8,56.4,57.9
1949.93,53.9,55.7,57.7
1950.95,52.2,54.1,56
1951.94,52.1,53.7,55.6
1952.95,53.2,54.7,56.5
1953.95,53.1,54.9,56.8
1954.94,52.5,54.2,56.3
1955.95,51.2,52.7,54.7
1956.94,50.9,52,53.7
1957.95,50.5,51.4,52.7
1958.92,50.2,51.1,52.3
1959.95,50.5,51.3,52.3
1960.96,51.7,52.5,53.3
1961.95,52.3,53.5,53.9
1962.96,53.9,55.2,55.9
1963.95,54.9,56.3,57.2
1964.97,52.7,54.5,55.8
1965.95,51.5,53.1,54.5
1966.96,51.9,53.3,54.5
1967.95,52.9,54.2,55.2
1968.97,55.1,56.3,57.1
1969.98,53.6,55.5,56.6
1970.97,52.7,54.4,55.9
1971.98,52.8,54.2,55.7
1972.97,53.8,55.1,56.3
1973.96,53.6,55.1,56.4
1974.98,51.9,53.6,55
1975.98,51.5,52.9,54.4
1976.98,52.2,53.5,54.6
1977.98,54,55.4,56.4
1978.98,55.3,57,58
1979.97,54.5,56.5,57.9
1980.99,53.3,55.5,56.8
1981.99,52.2,54.4,56.2
1982.98,51.6,53.4,55.2
1983.99,51.6,52.9,54.6
1985.0,51.7,53.1,54.4
1985.98,52,53.3,54.6
1987.0,52.2,53.4,54.3
1987.98,52.1,53,54.1
1988.99,53.4,54.3,55.3
1989.99,55.4,56.7,57.8
1991.0,56.3,58.6,60.2
1991.99,53.9,56.4,58.5
1993.0,52.9,55,57.4
1994.01,53.8,55.3,57.6
1994.98,54.7,56.4,58.6
1996.02,53.4,55.2,57.5
1997.0,52.2,53.7,56
1998.01,51.4,52.6,54.4
1999.0,51,52,53.4
2000.02,50.7,51.7,53
2001.02,51,52,53
2002.01,52.1,53.2,54
2003.02,53.2,54.4,55.1
2004.02,54.4,55.8,56.8
2005.03,54.6,56.4,57.9
2006.02,52.8,54.8,56.4
2007.03,52.2,53.8,55.7
2008.03,52.1,53.5,55.2
2009.04,53.5,54.9,56.2
2010.03,54.3,55.7,56.9
2011.04,53,54.5,55.8
2012.03,53.3,54.6,55.9
2013.04,53.8,55.1,56.4
2014.03,53.9,55.3,56.8
2015.04,52.3,53.7,55.3
2016.04,51.3,52.5,53.9
2017.04,51.1,52.3,53.5
2018.03,51.8,52.8,53.9
2019.04,53.7,54.9,55.8
2020.04,55,56.6,57.7
2021.05,53.8,55.8,57.2
2022.05,53,54.8,56.3
2023.05,52.2,54.2,55.8
2024.04,51.7,53.4,55.2
2025.05,52.1,53.7,55
2026.06,52.7,54,55.3
2027.05,52.3,53.6,54.8
2028.06,52.4,53.6,54.8
2029.07,53.7,54.7,55.6
2030.06,55.5,56.7,57.5
2031.05,56.8,58.7,59.8
2032.07,55.5,57.7,59.6
2033.08,53.5,55.7,57.9
2034.07,53.5,55.1,57.3
2035.08,55.2,56.6,58.5
2036.07,55,56.7,58.6
2037.06,53.4,55.2,57.3
2038.07,52.7,54.1,56
2039.09,51.7,53,54.5
2040.09,51.2,52.2,53.4
2041.08,51.4,52.4,53.4
2042.09,52.5,53.5,54.1
2043.08,53.3,54.7,55.3
2044.09,54.1,55.5,56.5
2045.08,55.2,56.7,58
2046.09,53.9,55.7,57.3
2047.09,52.8,54.5,56.2
2048.08,52.9,54.4,55.9
2049.09,52.5,53.8,55.2
2050.1,54.7,55.8,56.8
2051.1,54.4,55.9,57
2052.1,53.7,55.1,56.4
2053.11,54,55.5,56.9
2054.1,54.2,55.8,57.3
2055.11,53.3,54.6,56.5
2056.1,52.1,53.5,55.2
2057.1,51.8,53,54.3
2058.11,51.9,53,54.1
2059.1,52.8,54,54.9
2060.11,54.6,56,56.8
2061.1,55.6,57.3,58.4
2062.12,53.9,55.9,57.4
2063.11,52.9,54.9,56.5
2064.12,52.3,54.1,55.8
2065.11,52.3,53.8,55.5
2066.12,52.4,53.8,55.2
2067.12,52.9,54.2,55.5
2068.12,52.4,53.7,54.8
2069.11,52.8,53.8,54.8
2070.12,53.9,54.9,55.8
2071.12,55.4,56.5,57.4
2072.14,56.3,57.8,59.1
2073.13,55.2,57.1,58.7
2074.13,53.6,55.6,57.5
2075.13,53.3,54.8,56.8
2076.14,55,56.4,57.8
2077.13,54,55.7,57
2078.14,52.8,54.5,56
2079.14,52.3,53.7,55.2
2080.14,51.6,52.9,54.2
2081.14,51.2,52.2,53.3
2082.14,51.1,52,53
2083.15,50.9,51.8,52.7
2084.13,52.4,53.2,53.8
2085.14,53.4,54.3,54.9
2086.13,54.7,55.9,56.6
2087.15,55,56.7,57.7
2088.16,53.2,54.9,56.4
2089.15,52.7,54.1,55.6
2090.15,52.7,53.9,55.1
2091.16,53.7,54.8,55.9
2092.15,55.6,56.9,57.6
2093.16,53.9,55.6,56.6
2094.17,53.5,55,56.4
2095.15,53.5,55.1,56.3
2096.17,53,54.3,55.5
2097.17,53.5,54.6,55.5
2098.16,52.4,53.8,54.7
2099.16,51.9,53.2,54.2
2100.16,52.2,53.4,54.4
2101.17,53,54.3,55.2
2102.16,54.7,56.1,56.9
2103.17,55.5,57.3,58.3
2104.17,53.9,55.7,57.2
2105.18,53,54.9,56.3
2106.18,52.3,54,55.8
2107.19,52,53.5,55
2108.18,52.5,53.8,55.1
2109.19,52.8,54.1,55.1
2110.18,52.6,53.8,54.8
2111.19,53,54,54.8
2112.18,54.2,55.1,55.8
2113.19,55.9,57,57.8
2114.19,57.1,58.4,59.8
2115.19,55.2,57.2,59
2116.18,53.4,55.5,57.5
2117.19,53.7,55.4,57.3
2118.2,55.1,56.6,58.2
2119.2,54.8,56.5,58.2
2120.19,53.2,54.8,56.8
2121.19,52,53.3,55
2122.21,51.6,52.7,53.9
2123.2,51.3,52.2,53.1
2124.21,51.3,52.1,52.9
2125.22,51.6,52.5,53.1
2126.2,53.2,54.1,54.6
2127.22,54.1,55.3,55.8
2128.2,55,56.4,57.4
2129.21,54.6,56.3,57.6
2130.22,53,54.6,56.3
2131.22,53.4,54.8,56.2
2132.22,53.1,54.5,55.8
2133.22,53.8,55,56.2
2134.23,55.1,56.3,57.3
2135.22,53.8,55.4,56.6
2136.23,53.7,55.1,56.2
2137.22,54.4,55.7,56.9
2138.22,54.3,55.7,57
2139.22,53.8,55.3,56.7
2140.23,52.6,53.9,55.6
2141.23,51.8,53.1,54.5
2142.24,52.3,53.5,54.7
2143.24,54.5,55.8,56.6
2144.24,55.9,57.6,58.4
2145.23,55.2,57.2,58.6
2146.25,53.8,55.9,57.3
2147.24,53.1,55.1,56.7
2148.24,52.9,54.8,56.3
2149.25,52.8,54.2,55.8
2150.24,53,54.4,55.6
2151.25,53,54.3,55.5
2152.25,53.3,54.4,55.4
2153.24,53.3,54.5,55.3
2154.25,54.9,55.9,56.5
2155.26,56.8,58,58.9
2156.26,57,58.8,60
2157.26,54.7,56.9,58.6
2158.26,54,56.1,58
2159.26,55.6,57.4,59.1
2160.26,56.3,58.3,60
2161.27,55,57.1,59.1
2162.26,53.2,55.2,57.3
2163.27,52.5,54,55.9
2164.26,52.1,53.1,54.7
2165.28,52.1,52.8,54
2166.24,51.9,53,53.7
2167.28,53,54,54.6
2168.26,54.4,55.3,55.8
2169.28,55.6,56.9,57.6
2170.27,56.2,58,59.1
2171.28,54.1,56,57.7
2172.27,53,54.6,56.4
2173.28,53.3,54.7,56.2
2174.27,54.8,56.1,57.2
2175.29,56.2,57.8,58.7
2176.28,54.1,56,57.4
2177.29,53.7,55.2,56.9
2178.28,53.9,55.2,56.8
2179.29,54.1,55.5,56.9
2180.28,53.6,55,56.3
2181.3,52.4,53.8,55.2
2182.3,52.4,53.7,55.1
2183.31,52.6,53.9,55
2184.31,54.3,55.5,56.5
2185.3,55.4,56.9,58
2186.29,54.8,56.7,58.1
2187.3,53.1,55,56.7
2188.32,52.2,54.1,55.7
2189.3,52,53.6,55.2
2190.31,52.2,53.6,54.9
2191.3,52.9,54.2,55.4
2192.31,53.1,54.5,55.6
2193.32,53,54.3,55.4
2194.31,53.5,54.8,55.9
2195.32,55.2,56.3,57.3
2196.31,57,58.5,59.4
2197.32,57.9,60,61.2
2198.32,55.1,57.6,59.6
2199.33,54.1,55.9,58.2
2200.33,54.8,56.2,58.1
2201.33,55.3,56.8,58.1
2202.31,54.5,56.2,57.5
2203.33,53.2,54.8,56.1
2204.32,52,53.5,54.8
2205.33,51.5,52.6,53.8
2206.34,51.3,52.2,53.1
2207.33,51.1,51.9,52.7
2208.34,51.4,52.2,52.9
2209.33,51.9,52.7,53.4
2210.34,52.7,53.5,54.1
2211.35,53.4,54.5,55.2
2212.34,54.4,55.6,56.4
2213.35,53.1,54.5,55.5
2214.34,52.8,54.3,55.3
2215.34,53.1,54.5,55.5
2216.36,53,54.6,55.6
2217.35,54.9,56.4,57.3
2218.36,54.2,55.9,57.2
2219.35,53.7,55.4,57
2220.36,53.9,55.4,56.9
2221.35,53.7,55.1,56.4
2222.36,53.1,54.5,55.6
2223.35,52.3,53.4,54.4
2224.36,52.2,53.2,54
2225.37,53.4,54.3,54.8
2226.37,53.1,54.2,54.6
2227.34,54.1,55.3,56
2228.38,55.4,56.8,57.6
2229.36,55.3,57.2,58.3
2230.36,53.2,55.1,56.9
2231.37,52,53.7,55.6
2232.38,51.9,53.4,55
2233.38,51.8,53.2,54.6
2234.37,52.2,53.4,54.6
2235.38,52.4,53.7,54.7
2236.37,52.5,53.6,54.6
2237.37,52.7,53.7,54.7
2238.39,54.1,55.2,55.9
2239.38,55.6,56.7,57.6
2240.39,56.1,57.7,59
2241.38,54.1,55.8,57.5
2242.39,53,54.8,56.5
2243.38,53.9,55.2,56.9
2244.39,55.2,56.6,57.8
2245.4,53.7,55.3,56.6
2246.39,53,54.5,55.8
2247.4,52.5,53.7,54.9
2248.41,52,53,54.1
2249.4,51.5,52.4,53.4
2250.41,51.6,52.4,53.2
2251.4,51.7,52.6,53.2
2252.41,52.8,53.9,54.4
2253.4,54.5,55.6,56
2254.41,56,57.5,58.2
2255.41,54.7,56.6,57.7
2256.41,53.1,55,56.5
2257.41,53,54.5,56.1
2258.42,52.7,54,55.3
2259.41,55,56.3,57.2
2260.42,55.5,57.1,57.9
2261.41,53.9,55.5,56.9
2262.42,54.2,55.5,56.8
2263.41,54,55.3,56.6
2264.42,53.5,54.8,56.2
2265.43,53.2,54.4,55.7
2266.42,52.2,53.4,54.5
2267.43,52.5,53.7,54.6
2268.42,52.9,54.1,55
2269.43,54.4,55.8,56.7
2270.43,55.8,57.6,58.5
2271.4,54.7,56.8,58.2
2272.43,53,55,56.8
2273.43,52.4,54.3,56.1
2274.43,51.9,53.6,55.2
2275.44,52.3,53.8,55.2
2276.45,53,54.3,55.5
2277.44,53,54.4,55.5
2278.45,52.7,54,55.2
2279.46,53.6,54.6,55.6
2280.45,55.2,56.2,57.1
2281.45,56.7,58,59.1
2282.46,57.2,58.9,60.5
2283.46,54.6,56.8,58.9
2284.46,53.2,55.1,57.4
2285.46,54,55.6,57.6
2286.47,55.3,56.8,58.5
2287.46,54.1,55.8,57.7
2288.46,52.9,54.4,56.2
2289.46,52,53.2,54.8
2290.47,51.5,52.5,53.8
2291.47,51.3,52.2,53
2292.46,51.4,52.3,52.9
2293.48,52.3,53.2,53.7
2294.48,53.5,54.2,54.9
2295.48,54.4,55.5,56.3
2296.48,55.9,57.2,57.9
2297.48,54.1,55.6,56.6
2298.47,53.3,54.9,56.1
2299.48,53,54.6,55.9
2300.48,53.8,55.4,56.4
2301.49,55.9,57.2,58.5
2302.49,53.8,55.6,57
2303.48,53.6,55.1,56.6
2304.49,54.1,55.4,56.6
2305.48,54,55.3,56.6
2306.5,54.9,56.3,57.5
2307.49,56.1,57.7,59
2308.48,55.8,57.8,59.4
2309.5,53.8,56,57.9
2310.49,52.6,54.5,56.4
2311.5,52,53.5,55.1
2312.49,51.5,52.8,54.3
2313.51,51.3,52.5,53.8
2314.5,51.2,52.2,53.3
2315.51,51.2,52,52.9
2316.49,51.2,51.9,52.7
2317.51,51.2,52,52.6
2318.51,51.4,52.1,52.6
2319.52,51.8,52.4,52.8
2320.51,52,52.6,53
2321.52,52.3,53,53.3
2322.51,52.9,53.6,54
2323.51,53.3,54.1,54.6
2324.53,53.4,54.4,55
2325.53,53.1,54.2,54.9
2326.52,52.2,53.4,54.4
2327.53,51.6,52.6,53.7
2328.52,51.4,52.3,53.3
2329.52,51.9,52.7,53.5
2330.54,52,52.9,53.6
2331.53,51.5,52.4,53.3
2332.54,50.9,51.8,52.6
2333.52,50.6,51.4,52.2
2334.53,50.6,51.3,52
2335.53,50.5,51.2,51.8
2336.53,50.5,51.2,51.7
2337.55,50.3,50.9,51.4
2338.53,50.1,50.7,51.3
2339.54,50,50.6,50.9
2340.55,49.9,50.6,50.9
2341.54,49.9,50.4,50.8
2342.54,50.2,50.7,50.9
2343.55,50.5,51,51.3
2344.54,50.7,51.3,51.6
2345.55,51.3,52,52.3
2346.54,51.7,52.5,52.7
2347.56,51.4,52.3,52.8
2348.55,50.9,51.7,52.4
2349.55,50.5,51.3,51.9
2350.57,50.3,51,51.6
2351.57,50,50.7,51.3
2352.57,49.5,50.2,50.8
2353.56,49.2,49.8,50.4
2354.57,49.1,49.7,50.2
2355.56,49.3,49.8,50.1
2356.57,49.4,50,50.3
2357.56,49.6,50.1,50.4
2358.57,49.6,50.3,50.5
2359.57,49.7,50.3,50.5
2360.58,49.8,50.3,50.6
2361.58,49.8,50.4,50.6
2362.58,49.9,50.5,50.7
2363.57,49.9,50.6,50.8
2364.59,49.9,50.6,50.8
2365.58,49.8,50.5,50.8
2366.59,49.6,50.3,50.6
2367.57,49.5,50.1,50.6
2368.59,49.4,49.9,50.4
2369.58,49.3,49.9,50.2
2370.59,49.3,49.8,50.1
2371.59,49.2,49.6,50
2372.59,49,49.4,49.7
2373.59,48.7,49.3,49.6
2374.59,48.8,49.4,49.6
2375.6,49,49.6,49.9
2376.59,49.1,49.8,50.1
2377.6,49.2,49.9,50.2
2378.59,49.3,50,50.5
2379.6,49.4,50.2,50.6
2380.59,49.5,50.2,50.6
2381.61,49.2,49.8,50.3
2382.59,49,49.6,49.9
2383.61,49,49.5,49.7
2384.6,49,49.4,49.6
2385.61,49,49.4,49.6
2386.62,49.2,49.8,49.9
2387.63,49.2,49.8,50
2388.62,48.9,49.5,49.9
2389.62,48.5,49,49.6
2390.63,48.3,48.8,49.3
2391.61,48.1,48.6,49
2392.63,48,48.4,48.9
2393.62,48.3,48.6,48.8
2394.63,48.2,48.7,49
2395.64,48.2,48.7,48.9
2396.63,48.2,48.7,49
2397.64,48.1,48.7,49
2398.62,48.1,48.6,49
2399.63,48,48.6,48.9
2400.64,47.9,48.3,48.6
2401.64,47.8,48.2,48.4
2402.63,47.7,48,48.3
2403.64,47.6,48,48.1
2404.64,47.4,47.8,48
2405.64,47.2,47.6,47.8
2406.63,47.1,47.4,47.6
2407.64,47,47.3,47.5
2408.65,47,47.3,47.4
2409.65,47,47.3,47.3
2410.66,47,47.2,47.3
2411.66,47,47.2,47.3
2412.65,47,47.3,47.3
2413.64,47,47.3,47.3
2414.64,47,47.3,47.3
2415.66,47,47.3,47.3
2416.65,47.1,47.3,47.3
2417.66,47,47.3,47.3
2418.67,47,47.3,47.3
2419.66,47,47.3,47.3
2420.67,47,47.2,47.2
2421.67,46.9,47.2,47.1
2422.66,46.8,47.1,47.1
2423.67,46.7,47,47
2424.66,46.6,46.9,47
2425.67,46.5,46.8,46.9
2426.66,46.4,46.7,46.7
2427.68,46.3,46.6,46.7
2428.66,46.3,46.5,46.7
2429.68,46.2,46.5,46.6
2430.69,46.2,46.5,46.5
2431.68,46.2,46.5,46.5
2432.67,46.2,46.4,46.4
2433.68,46.2,46.4,46.4
2434.69,46.1,46.4,46.4
2435.7,46.1,46.4,46.4
2436.69,46.1,46.4,46.4
2437.69,46.1,46.4,46.4
2438.7,46.1,46.4,46.3
2439.69,46.1,46.3,46.3
2440.68,46.1,46.3,46.3
2441.69,46,46.3,46.3
2442.7,46,46.2,46.3
2443.71,45.9,46.2,46.2
2444.7,45.9,46.2,46.2
2445.7,45.9,46.1,46.2
2446.71,45.9,46.1,46.1
2447.7,45.8,46.1,46.1
2448.71,45.8,46.1,46.1
2449.7,45.8,46.1,46.1
2450.71,45.8,46,46.1
2451.7,45.7,45.9,46
2452.72,45.6,45.9,45.9
2453.71,45.6,45.8,45.9
2454.72,45.5,45.8,45.8
2455.73,45.5,45.8,45.8
2456.72,45.5,45.8,45.8
2457.71,45.5,45.8,45.8
2458.72,45.5,45.8,45.8
2459.73,45.5,45.8,45.8
2460.72,45.5,45.8,45.8
2461.74,45.5,45.8,45.8
2462.73,45.5,45.8,45.8
2463.74,45.5,45.8,45.8
2464.73,45.5,45.8,45.8
2465.72,45.5,45.7,45.7
2466.73,45.4,45.7,45.7
2467.74,45.3,45.6,45.6
2468.73,45.2,45.5,45.5
2469.74,45.2,45.5,45.5
2470.73,45.1,45.4,45.5
2471.75,45,45.3,45.4
2472.74,44.9,45.2,45.3
2473.75,44.9,45.2,45.3
2474.74,44.9,45.2,45.2
2475.75,44.9,45.2,45.2
2476.74,44.9,45.2,45.2
2477.75,45,45.2,45.2
2478.76,45,45.2,45.2
2479.75,45,45.2,45.2
2480.77,45,45.2,45.2
2481.76,45,45.2,45.2
2482.77,44.9,45.2,45.2
2483.76,44.9,45.2,45.2
2484.77,44.9,45.2,45.2
2485.76,44.9,45.2,45.2
2486.77,44.7,45,45.1
2487.77,44.6,44.9,45
2488.76,44.6,44.9,45
2489.77,44.6,44.8,44.9
2490.78,44.5,44.8,44.8
2491.77,44.5,44.8,44.8
2492.78,44.5,44.7,44.8
2493.76,44.5,44.7,44.8
2494.78,44.5,44.7,44.8
2495.77,44.5,44.8,44.8
2496.79,44.6,44.8,44.8
2497.78,44.5,44.7,44.8
2498.79,44.5,44.8,44.8
2499.78,44.5,44.7,44.8
2500.8,44.4,44.7,44.7
2501.78,44.3,44.6,44.6
2502.8,44.3,44.6,44.6
2503.78,44.2,44.5,44.6
2504.79,44.2,44.5,44.5
2505.8,44.1,44.4,44.5
2506.79,44,44.3,44.4
2507.81,44,44.3,44.3
2508.8,44,44.3,44.3
2509.81,44,44.2,44.3
2510.8,43.9,44.2,44.3
2511.81,44,44.2,44.2
2512.82,44,44.3,44.3
2513.81,44,44.3,44.3
2514.8,44,44.2,44.2
2515.81,44,44.3,44.3
2516.81,44,44.2,44.2
2517.82,44,44.2,44.3
2518.82,44,44.2,44.2
2519.81,43.9,44.2,44.3
2520.83,43.9,44.2,44.2
2521.82,43.8,44.1,44.2
2522.83,43.7,44,44.1
2523.82,43.7,44,44
2524.83,43.6,43.9,44
2525.82,43.6,43.8,44
2526.83,43.5,43.7,43.8
2527.83,43.4,43.7,43.8
2528.83,43.4,43.7,43.7
2529.84,43.4,43.7,43.7
2530.83,43.4,43.6,43.7
2531.83,43.4,43.7,43.7
2532.83,43.4,43.6,43.7
2533.85,43.4,43.7,43.7
2534.83,43.4,43.6,43.7
2535.85,43.4,43.6,43.6
2536.84,43.4,43.7,43.7
2537.85,43.4,43.6,43.6
2538.84,43.3,43.6,43.7
2539.86,43.3,43.6,43.6
2540.84,43.3,43.5,43.6
2541.86,43.2,43.5,43.5
2542.84,43.1,43.4,43.5
2543.85,43.1,43.4,43.4
2544.82,43,43.3,43.4
2545.86,42.9,43.3,43.3
2546.85,42.9,43.2,43.3
2547.86,42.8,43.1,43.2
2548.86,42.8,43.1,43.2
2549.85,42.8,43.1,43.2
2550.84,42.8,43.1,43.1
2551.87,42.8,43.1,43.1
2552.86,42.8,43.1,43.1
2553.86,42.8,43.1,43.1
2554.88,42.8,43.1,43.1
2555.88,42.8,43.1,43.1
2556.87,42.8,43.1,43.1
2557.88,42.8,43.1,43.1
2558.87,42.8,43.1,43.1
2559.88,42.7,43,43.1
2560.89,42.7,43,43
2561.88,42.6,42.9,43
2562.89,42.5,42.8,42.9
2563.89,42.5,42.8,42.9
2564.89,42.5,42.8,42.8
2565.88,42.5,42.8,42.8
2566.89,42.4,42.7,42.8
2567.9,42.4,42.7,42.8
2568.89,42.4,42.7,42.7
2569.9,42.4,42.7,42.7
2570.89,42.4,42.7,42.7
2571.89,42.4,42.7,42.7
2572.91,42.3,42.6,42.7
2573.89,42.3,42.6,42.6
2574.9,42.3,42.6,42.6
2575.91,42.3,42.6,42.6
2576.9,42.3,42.6,42.6
2577.91,42.3,42.6,42.6
2578.91,42.3,42.6,42.6
2579.9,42.2,42.5,42.6
2580.91,42.2,42.5,42.5
2581.92,42.2,42.5,42.5
2582.92,42.2,42.5,42.5
2583.91,42.2,42.4,42.5
2584.92,42.1,42.4,42.4
2585.93,42.1,42.4,42.4
2586.91,42.1,42.4,42.4
2587.92,42.1,42.4,42.4
2588.93,42.1,42.3,42.4
2589.92,42.1,42.4,42.3
2590.93,42.1,42.4,42.4
2591.93,42.1,42.4,42.3
2592.92,42.1,42.4,42.3
2593.93,42,42.3,42.3
2594.94,42,42.3,42.3
2595.94,42,42.2,42.3
2596.93,41.9,42.2,42.2
2597.94,41.9,42.2,42.2
2598.93,41.9,42.2,42.2
2599.93,41.9,42.2,42.2
2600.92,41.9,42.1,42.2
2601.93,41.9,42.2,42.2
2602.95,41.9,42.1,42.2
2603.95,41.9,42.2,42.2
2604.94,41.9,42.2,42.2
2605.95,41.9,42.2,42.2
2606.95,41.9,42.1,42.2
2607.95,41.9,42.1,42.2
2608.96,41.8,42.1,42.1
2609.95,41.8,42,42.1
2610.96,41.7,42,42.1
2611.95,41.6,42,42
2612.96,41.6,41.9,41.9
2613.97,41.6,41.9,41.9
2614.95,41.6,41.9,41.9
2615.96,41.5,41.8,41.9
2616.97,41.5,41.8,41.9
2617.96,41.5,41.8,41.9
2618.96,41.5,41.8,41.8
